text,label
"Subject: Attendance Shortage Warning. Dear Student, your attendance in CS201 has fallen below 75%. Further absences may result in debarment from the final exam.",0
"Subject: Iftar Deal at Campus Dhaba. Dear Students, join us for a special Iftar buffet at Rs. 350 only. Seating is limited so come early.",0
"Subject: Internship Alert: Data Analyst at Google. A new internship matching your profile has been posted. Requirements include React and Docker. Last date to apply is June 10, 2025.",1
"Subject: Fee Submission Deadline — March 15, 2025. Dear Student, please submit your semester fee before March 15, 2025 to avoid a late surcharge. Visit the accounts office.",0
"Subject: Portal Maintenance Notice — May 1, 2025. The student portal will be under maintenance on May 1, 2025 from 11 PM to 2 AM. Services will be temporarily unavailable.",0
"Subject: Walk-in Interview — Full Stack Developer at Meta. You are invited to attend a walk-in interview on July 15, 2025 at Meta office, Lahore. Bring your CV and transcript.",1
"Subject: McDonald's Discount for Students — Show Your ID. Dear Student, present your university ID at McDonald's to get 20% off on all orders this weekend.",0
"Subject: Debate Competition — Student Council Candidates. Watch the candidates debate live on April 1, 2025 in the auditorium. All students are welcome to attend.",0
"Subject: Certification Training — Azure & TypeScript. A sponsored training program on Azure is being offered at Careem. Certificate provided. Register before May 1, 2025.",1
"Subject: Fee Submission Deadline — July 15, 2025. Dear Student, please submit your semester fee before July 15, 2025 to avoid a late surcharge. Visit the accounts office.",0
"Subject: Blood Donation Drive — April 10, 2025. The social welfare society is organizing a blood donation camp on April 10, 2025. Donate blood, save a life. Walk-ins welcome.",0
"Subject: Graduate Trainee Program — Netsol Technologies 2025. Applications are open for the Netsol Technologies Graduate Trainee Program. Eligible degrees: CS, SE, IT, EE. Apply by April 1, 2025.",1
"Subject: Survey Request — Campus Satisfaction. Dear Student, please take 5 minutes to fill out our campus satisfaction survey. Your feedback helps us improve.",0
"Subject: Fee Submission Deadline — August 31, 2025. Dear Student, please submit your semester fee before August 31, 2025 to avoid a late surcharge. Visit the accounts office.",0
"Subject: Scholarship Opportunity — HEC Undergraduate 2025. Dear Student, applications for the HEC Undergraduate are now open. Award: PKR 500,000 per semester. Minimum CGPA: 3.0. Apply by January 31, 2026.",1
"Subject: LUMS Ehsaas Scholarship — Apply Now. The Ehsaas scholarship is open for undergraduate students with financial need and strong academic record. Deadline: June 30, 2025.",1
"Subject: University Cafeteria — This Week's Menu. Dear Students, this week's special includes karahi, biryani, and fresh juices. Cafeteria timings: 8 AM to 8 PM.",0
Subject: Lost: Green Water Bottle — Gym Area. Has anyone seen a green Nalgene water bottle in the gym? Please contact me at lost_owner@outlook.com if found.,0
"Subject: Gym Membership Renewal — Action Required. Your campus gym membership expires on May 1, 2025. Renew online or visit the sports office to continue access.",0
"Subject: Gym Membership Renewal — Action Required. Your campus gym membership expires on May 15, 2025. Renew online or visit the sports office to continue access.",0
"Subject: Job Alert: Junior DevOps Engineer at Bytedance. A new job matching your profile has been posted on our platform. Required skills: Java, Python. CGPA requirement: 2.5+.",1
"Subject: Aptitude Test Scheduled — Telenor. Your application for the Business Analyst position has been shortlisted. Aptitude test scheduled for June 10, 2025 at 11:00 AM.",1
"Subject: Book Return Reminder — Due Date: April 1, 2025. This is a reminder that the books issued to you are due for return on April 1, 2025. Late returns incur a daily fine.",0
"Subject: Student Council Elections 2025 — Vote Now. Dear Student, cast your vote for your student representative. Voting is open from April 1, 2025 to April 1, 2025. Visit the portal.",0
Subject: Domino's Weekend Offer — 50% Off. Don't miss our weekend pizza deal. Order online and get 50% off on all large pizzas. Offer valid till Sunday.,0
"Subject: Internship Opening at Techlogix — Apply by May 15, 2025. Dear Student, we are hiring motivated undergraduates for a paid summer internship in Data Science. Shortlisted candidates will be contacted for an online test.",1
"Subject: CodeFest — Register Before May 31, 2025. Hi Developer, CodeFest is now open for registration. Form a team of 2-4 and compete for cash prizes worth PKR 150,000. Theme: Embedded Systems.",1
"Subject: IBM Summer Internship 2025 — Applications Open. Hello, IBM is offering a 10-week internship program for BS students in Computer Science and related fields. Apply before July 15, 2025.",1
"Subject: National Hackathon — CodeFest. Dear Student, we invite you to participate in CodeFest, hosted by Ignite. Solo or team registrations open till February 28, 2026.",1
"Subject: Fully Funded Fellowship — Bytedance Embedded Systems Program. We are pleased to announce the Bytedance Fellowship for students pursuing Embedded Systems. Covers tuition, stipend, and mentorship.",1
"Subject: Survey Request — Campus Satisfaction. Dear Student, please take 5 minutes to fill out our campus satisfaction survey. Your feedback helps us improve.",0
"Subject: HackFest Pro — 48 Hour Build Challenge. Registration is open for HackFest, a 48-hour national hackathon. Theme: Natural Language Processing. Last date to register: January 31, 2026.",1
"Subject: Debate Competition — Student Council Candidates. Watch the candidates debate live on August 1, 2025 in the auditorium. All students are welcome to attend.",0
"Subject: Annual Sports Gala — August 1, 2025. Get ready for the Annual Sports Gala! Events include cricket, football, badminton, and table tennis. Register your team at the sports office.",0
"Subject: Gym Membership Renewal — Action Required. Your campus gym membership expires on July 15, 2025. Renew online or visit the sports office to continue access.",0
Subject: Domino's Weekend Offer — 50% Off. Don't miss our weekend pizza deal. Order online and get 50% off on all large pizzas. Offer valid till Sunday.,0
"Subject: Certification Training — Azure & React. A sponsored training program on Azure is being offered at IBM. Certificate provided. Register before April 20, 2025.",1
Subject: Election Results Announcement — Student Body 2025. We are pleased to announce the results of the student council elections. Thank you to all candidates who participated.,0
"Subject: Google Generation Scholarship — Applications Open. Hello, Google is offering scholarships to students from underrepresented backgrounds in CS. Award: USD 1000. Apply by April 10, 2025.",1
"Subject: National Hackathon — NexaThon. Dear Student, we invite you to participate in NexaThon, hosted by Jazz. Solo or team registrations open till April 10, 2025.",1
"Subject: Campus Wi-Fi Upgrade Notice. The IT department will be upgrading the campus Wi-Fi infrastructure over the weekend. Expect intermittent connectivity on April 10, 2025.",0
"Subject: Lost: Black JanSport Backpack — CS Department. Hi, I lost my black JanSport backpack near the CS lab on November 30, 2025. It had my charger and notebooks. Please contact if found.",0
"Subject: HexaHack — Register Before January 31, 2026. Hi Developer, HexaHack is now open for registration. Form a team of 2-4 and compete for cash prizes worth PKR 100,000. Theme: Machine Learning.",1
"Subject: Open Source Contributor Program — Jazz. Jazz is offering paid open-source contributions for students. Apply by July 15, 2025 with a sample PR or project link.",1
"Subject: Student Transport Schedule Update. Dear Students, the shuttle service route has been updated effective March 15, 2025. Please check the new timings on the portal.",0
Subject: New Food Stall Opening — C Block Lawn. We are excited to announce a new food stall near the C Block lawn. Visit us today and try our deals.,0
"Subject: Gym Membership Renewal — Action Required. Your campus gym membership expires on April 10, 2025. Renew online or visit the sports office to continue access.",0
"Subject: Portal Maintenance Notice — August 1, 2025. The student portal will be under maintenance on August 1, 2025 from 11 PM to 2 AM. Services will be temporarily unavailable.",0
"Subject: Electricity Outage — September 1, 2025. Please note that there will be a planned electricity outage on September 1, 2025 from 9 AM to 1 PM due to maintenance work in the main grid.",0
Subject: Exam Schedule Updated — Please Check Portal. The updated midterm exam schedule has been posted on the portal. Please verify your paper timings.,0
"Subject: Full-Time Job Opening — Microsoft Lahore. Dear candidate, we are urgently hiring for the position of Data Analyst. Send your CV to careers@systemslimited.com before July 15, 2025.",1
"Subject: Industry Workshop Invitation — Daraz. You are invited to attend a professional workshop on Mobile Development organized by Daraz. Date: August 31, 2025. Venue: Rawalpindi.",1
"Subject: Student Council Elections 2025 — Vote Now. Dear Student, cast your vote for your student representative. Voting is open from May 1, 2025 to June 30, 2025. Visit the portal.",0
"Subject: Lost: Black JanSport Backpack — CS Department. Hi, I lost my black JanSport backpack near the CS lab on May 15, 2025. It had my charger and notebooks. Please contact if found.",0
"Subject: Attendance Shortage Warning. Dear Student, your attendance in SE301 has fallen below 75%. Further absences may result in debarment from the final exam.",0
Subject: Found: Student ID Card — Please Claim. A student ID card was found near the library entrance. Owner can collect it from the security office.,0
"Subject: Techlogix Summer Internship 2025 — Applications Open. Hello, Techlogix is offering a 8-week internship program for BS students in Computer Science and related fields. Apply before September 1, 2025.",1
"Subject: Graduate Trainee Program — IBM 2025. Applications are open for the IBM Graduate Trainee Program. Eligible degrees: CS, SE, IT, EE. Apply by April 10, 2025.",1
"Subject: Student Transport Schedule Update. Dear Students, the shuttle service route has been updated effective October 15, 2025. Please check the new timings on the portal.",0
"Subject: Attendance Shortage Warning. Dear Student, your attendance in CS301 has fallen below 75%. Further absences may result in debarment from the final exam.",0
"Subject: Meet Your Candidate — Fatima Khan for President. Hi everyone, I'm Fatima Khan and I'm running for Student Council President. Here's my manifesto. Your vote means everything.",0
"Subject: HackFest 2.0 — 48 Hour Build Challenge. Registration is open for HackFest, a 48-hour national hackathon. Theme: Cybersecurity. Last date to register: May 1, 2025.",1
"Subject: Remote Internship Opportunity — Airlift. Dear Applicant, we are offering a remote internship in Cloud Computing for students in their 5th semester or above. Deadline: May 1, 2025.",1
"Subject: Student Transport Schedule Update. Dear Students, the shuttle service route has been updated effective October 15, 2025. Please check the new timings on the portal.",0
"Subject: Library Fine Reminder — Action Required. Dear Student, your library account has an outstanding fine of Rs. 500. Please clear the dues before the end of this week.",0
"Subject: AIHack — Register Before June 30, 2025. Hi Developer, AIHack is now open for registration. Form a team of 2-4 and compete for cash prizes worth PKR 150,000. Theme: Computer Vision.",1
Subject: New Food Stall Opening — C Block Lawn. We are excited to announce a new food stall near the C Block lawn. Visit us today and try our deals.,0
Subject: Exam Schedule Updated — Please Check Portal. The updated midterm exam schedule has been posted on the portal. Please verify your paper timings.,0
"Subject: Scholarship Opportunity — LUMS Financial Aid 2025. Dear Student, applications for the LUMS Financial Aid are now open. Award: PKR 500,000 per semester. Minimum CGPA: 3.0. Apply by June 30, 2025.",1
"Subject: HackFest 3.0 — 48 Hour Build Challenge. Registration is open for HackFest, a 48-hour national hackathon. Theme: Cloud Computing. Last date to register: April 1, 2025.",1
"Subject: Interview Invitation — Software Engineer at HBL. Dear Applicant, congratulations on clearing the initial screening. You are invited for a technical interview on April 20, 2025.",1
"Subject: Scholarship Opportunity — STEM Leadership 2025. Dear Student, applications for the STEM Leadership are now open. Award: PKR 100,000 per semester. Minimum CGPA: 2.5. Apply by April 20, 2025.",1
"Subject: LUMS STEM Leadership Scholarship — Apply Now. The STEM Leadership scholarship is open for undergraduate students with financial need and strong academic record. Deadline: November 30, 2025.",1
"Subject: Fully Funded Fellowship — FAST NUCES Computer Vision Program. We are pleased to announce the FAST NUCES Fellowship for students pursuing Computer Vision. Covers tuition, stipend, and mentorship.",1
"Subject: Internship Opening at Zong — Apply by May 1, 2025. Dear Student, we are hiring motivated undergraduates for a paid summer internship in Machine Learning. Shortlisted candidates will be contacted for an online test.",1
"Subject: OA Test Link — Zong Graduate Trainee. Please complete the online assessment for your application to Zong. The test is available until May 1, 2025. Time limit: 90 minutes.",1
"Subject: Blood Donation Drive — August 1, 2025. The social welfare society is organizing a blood donation camp on August 1, 2025. Donate blood, save a life. Walk-ins welcome.",0
"Subject: Campus Wi-Fi Upgrade Notice. The IT department will be upgrading the campus Wi-Fi infrastructure over the weekend. Expect intermittent connectivity on March 15, 2025.",0
"Subject: Blood Donation Drive — January 31, 2026. The social welfare society is organizing a blood donation camp on January 31, 2026. Donate blood, save a life. Walk-ins welcome.",0
"Subject: Farewell Party — Final Year Batch 2025. You are cordially invited to the farewell dinner for the graduating batch of 2025. Venue: Students' Center. Date: January 31, 2026. Dress code: formal.",0
"Subject: HackFest X — 48 Hour Build Challenge. Registration is open for HackFest, a 48-hour national hackathon. Theme: Web Development. Last date to register: April 1, 2025.",1
"Subject: OA Test Link — LUMS Graduate Trainee. Please complete the online assessment for your application to LUMS. The test is available until June 10, 2025. Time limit: 90 minutes.",1
"Subject: Talent Show Auditions — Sign Up Now. The annual talent show auditions are open. Participate in singing, comedy, spoken word, or dance. Last date to register: August 31, 2025.",0
"Subject: University Cafeteria — This Week's Menu. Dear Students, this week's special includes karahi, biryani, and fresh juices. Cafeteria timings: 8 AM to 8 PM.",0
"Subject: Movie Night on Campus — June 30, 2025. Join us for a free outdoor movie screening on June 30, 2025. Bring your friends and enjoy popcorn under the stars.",0
"Subject: Holiday Notice — Eid-ul-Adha. The university will remain closed on April 20, 2025 in observance of Eid-ul-Adha. All classes and labs are suspended.",0
"Subject: Attendance Shortage Warning. Dear Student, your attendance in CS401 has fallen below 75%. Further absences may result in debarment from the final exam.",0
"Subject: Student Council Elections 2025 — Vote Now. Dear Student, cast your vote for your student representative. Voting is open from May 31, 2025 to July 15, 2025. Visit the portal.",0
Subject: Election Results Announcement — Student Body 2025. We are pleased to announce the results of the student council elections. Thank you to all candidates who participated.,0
"Subject: NexaThon — Register Before October 15, 2025. Hi Developer, NexaThon is now open for registration. Form a team of 2-4 and compete for cash prizes worth PKR 100,000. Theme: Mobile Development.",1
Subject: New Food Stall Opening — C Block Lawn. We are excited to announce a new food stall near the C Block lawn. Visit us today and try our deals.,0
"Subject: Walk-in Interview — Backend Developer at Meezan Bank. You are invited to attend a walk-in interview on March 15, 2025 at Meezan Bank office, Rawalpindi. Bring your CV and transcript.",1
"Subject: Interview Invitation — Backend Developer at Jazz. Dear Applicant, congratulations on clearing the initial screening. You are invited for a technical interview on August 31, 2025.",1
"Subject: Paid Internship — Embedded Systems Division at Jazz. We invite applications from final-year students for a full-time internship starting March. Stipend: PKR 40,000/month.",1
"Subject: Scholarship Opportunity — STEM Leadership 2025. Dear Student, applications for the STEM Leadership are now open. Award: PKR 200,000 per semester. Minimum CGPA: 2.5. Apply by March 15, 2025.",1
"Subject: Student Council Elections 2025 — Vote Now. Dear Student, cast your vote for your student representative. Voting is open from July 15, 2025 to November 30, 2025. Visit the portal.",0
"Subject: CODEX X Hackathon Invitation. Hi, join us for a 24-hour coding competition on August 31, 2025. Open to all CS/SE students. Prizes include internship offers and cash awards.",1
"Subject: CODEX 2.0 Hackathon Invitation. Hi, join us for a 24-hour coding competition on June 10, 2025. Open to all CS/SE students. Prizes include internship offers and cash awards.",1
"Subject: Job Alert: Junior Software Engineer at Foodpanda. A new job matching your profile has been posted on our platform. Required skills: MongoDB, C++. CGPA requirement: 3.2+.",1
"Subject: Subway Discount for Students — Show Your ID. Dear Student, present your university ID at Subway to get 20% off on all orders this weekend.",0
"Subject: Industry Workshop Invitation — IBM. You are invited to attend a professional workshop on Blockchain organized by IBM. Date: June 10, 2025. Venue: Karachi.",1
"Subject: Case Competition — Meta Business Challenge. Meta invites CS and business students to solve a real-world problem. Team size: 3-5. Deadline: April 20, 2025.",1
"Subject: Paid Internship — Cloud Computing Division at Netsol Technologies. We invite applications from final-year students for a full-time internship starting December. Stipend: PKR 50,000/month.",1
"Subject: Debate Competition — Student Council Candidates. Watch the candidates debate live on March 15, 2025 in the auditorium. All students are welcome to attend.",0
"Subject: Blood Donation Drive — April 1, 2025. The social welfare society is organizing a blood donation camp on April 1, 2025. Donate blood, save a life. Walk-ins welcome.",0
"Subject: Remote Internship Opportunity — Careem. Dear Applicant, we are offering a remote internship in Cloud Computing for students in their 5th semester or above. Deadline: June 30, 2025.",1
"Subject: Walk-in Interview — DevOps Engineer at 10Pearls. You are invited to attend a walk-in interview on April 20, 2025 at 10Pearls office, Peshawar. Bring your CV and transcript.",1
"Subject: Gym Membership Renewal — Action Required. Your campus gym membership expires on February 28, 2026. Renew online or visit the sports office to continue access.",0
"Subject: Google Summer of Code 2025 — Applications Open. Hello Developer, GSoC is now accepting student proposals. Work with open-source organizations and earn a stipend. Deadline: October 15, 2025.",1
"Subject: Farewell Party — Final Year Batch 2025. You are cordially invited to the farewell dinner for the graduating batch of 2025. Venue: Students' Center. Date: September 1, 2025. Dress code: formal.",0
"Subject: CODEX Elite Hackathon Invitation. Hi, join us for a 24-hour coding competition on April 10, 2025. Open to all CS/SE students. Prizes include internship offers and cash awards.",1
"Subject: Lost: AirPods Case — Seminar Hall. I left my AirPods case (white, engraved) in the seminar hall after the event on June 10, 2025. Please DM if found.",0
"Subject: Lost: Black JanSport Backpack — CS Department. Hi, I lost my black JanSport backpack near the CS lab on November 30, 2025. It had my charger and notebooks. Please contact if found.",0
"Subject: Hiring: Business Analyst — Taskeen (Peshawar). Taskeen is looking for a Business Analyst to join their Artificial Intelligence team. Fresh graduates are encouraged to apply. Last date: January 31, 2026.",1
"Subject: Walk-in Interview — Cybersecurity Analyst at Careem. You are invited to attend a walk-in interview on March 15, 2025 at Careem office, Islamabad. Bring your CV and transcript.",1
"Subject: CODEX 3.0 Hackathon Invitation. Hi, join us for a 24-hour coding competition on February 28, 2026. Open to all CS/SE students. Prizes include internship offers and cash awards.",1
Subject: Birthday Wishes — Zara Noor. Wishing a very happy birthday to our dear Zara Noor! Join us for a small celebration in the common room after evening classes.,0
"Subject: Paid Internship — Data Science Division at Daraz. We invite applications from final-year students for a full-time internship starting May. Stipend: PKR 25,000/month.",1
"Subject: Movie Night on Campus — August 31, 2025. Join us for a free outdoor movie screening on August 31, 2025. Bring your friends and enjoy popcorn under the stars.",0
"Subject: LUMS STEM Leadership Scholarship — Apply Now. The STEM Leadership scholarship is open for undergraduate students with financial need and strong academic record. Deadline: April 1, 2025.",1
Subject: Birthday Wishes — Sara Ahmed. Wishing a very happy birthday to our dear Sara Ahmed! Join us for a small celebration in the common room after evening classes.,0
"Subject: Full-Time Job Opening — Google Lahore. Dear candidate, we are urgently hiring for the position of Software Engineer. Send your CV to careers@techlogix.com before May 31, 2025.",1
"Subject: Meet Your Candidate — Ayesha Siddiqui for President. Hi everyone, I'm Ayesha Siddiqui and I'm running for Student Council President. Here's my manifesto. Your vote means everything.",0
"Subject: Blood Donation Drive — June 30, 2025. The social welfare society is organizing a blood donation camp on June 30, 2025. Donate blood, save a life. Walk-ins welcome.",0
"Subject: University Cafeteria — This Week's Menu. Dear Students, this week's special includes karahi, biryani, and fresh juices. Cafeteria timings: 8 AM to 8 PM.",0
"Subject: KFC Discount for Students — Show Your ID. Dear Student, present your university ID at KFC to get 20% off on all orders this weekend.",0
"Subject: Attendance Shortage Warning. Dear Student, your attendance in CS401 has fallen below 75%. Further absences may result in debarment from the final exam.",0
"Subject: MLH Fellowship — Applications Closing April 20, 2025. The MLH Fellowship is a remote internship alternative for software engineers. Apply now and work with top open-source projects.",1
"Subject: Meeting Request — Career Counseling Session. Dear Student, a career counseling session with Airlift representatives is scheduled for July 15, 2025. Please confirm your attendance.",1
"Subject: HEC Need-Based Scholarship 2025. Dear Student, the Higher Education Commission is accepting applications for need-based scholarships. Eligible: students with CGPA 3.2+. Last date: January 31, 2026.",1
"Subject: Google Generation Scholarship — Applications Open. Hello, Google is offering scholarships to students from underrepresented backgrounds in CS. Award: USD 1000. Apply by April 1, 2025.",1
"Subject: Meeting Request — Career Counseling Session. Dear Student, a career counseling session with Google representatives is scheduled for August 31, 2025. Please confirm your attendance.",1
Subject: Election Results Announcement — Student Body 2025. We are pleased to announce the results of the student council elections. Thank you to all candidates who participated.,0
"Subject: Free Workshop: Docker Bootcamp — April 10, 2025. Dear Student, Bytedance is hosting a free 2-day workshop on Docker for university students. Seats are limited — register now.",1
"Subject: Monthly Newsletter — November 2025. Dear Reader, in this edition we cover campus life highlights, upcoming events, faculty achievements, and student success stories.",0
"Subject: Free Workshop: Django Bootcamp — September 1, 2025. Dear Student, Bykea is hosting a free 2-day workshop on Django for university students. Seats are limited — register now.",1
"Subject: Case Competition — Foodpanda Business Challenge. Foodpanda invites CS and business students to solve a real-world problem. Team size: 3-5. Deadline: May 31, 2025.",1
"Subject: Google Summer of Code 2025 — Applications Open. Hello Developer, GSoC is now accepting student proposals. Work with open-source organizations and earn a stipend. Deadline: August 31, 2025.",1
"Subject: Talent Show Auditions — Sign Up Now. The annual talent show auditions are open. Participate in singing, comedy, spoken word, or dance. Last date to register: November 30, 2025.",0
"Subject: Aptitude Test Scheduled — Daraz. Your application for the ML Engineer position has been shortlisted. Aptitude test scheduled for August 31, 2025 at 11:00 AM.",1
"Subject: Industry Workshop Invitation — Stripe. You are invited to attend a professional workshop on Computer Vision organized by Stripe. Date: July 15, 2025. Venue: Islamabad.",1
Subject: Birthday Wishes — Fatima Khan. Wishing a very happy birthday to our dear Fatima Khan! Join us for a small celebration in the common room after evening classes.,0
Subject: New Food Stall Opening — C Block Lawn. We are excited to announce a new food stall near the C Block lawn. Visit us today and try our deals.,0
"Subject: Annual Sports Gala — October 15, 2025. Get ready for the Annual Sports Gala! Events include cricket, football, badminton, and table tennis. Register your team at the sports office.",0
"Subject: Job Alert: Junior Full Stack Developer at Jazz. A new job matching your profile has been posted on our platform. Required skills: MongoDB, TypeScript. CGPA requirement: 3.2+.",1
"Subject: Hiring: Product Manager — Turing (Islamabad). Turing is looking for a Product Manager to join their Mobile Development team. Fresh graduates are encouraged to apply. Last date: January 31, 2026.",1
"Subject: AIHack — Register Before May 1, 2025. Hi Developer, AIHack is now open for registration. Form a team of 2-4 and compete for cash prizes worth PKR 150,000. Theme: Computer Vision.",1
"Subject: OA Test Link — 10Pearls Graduate Trainee. Please complete the online assessment for your application to 10Pearls. The test is available until August 31, 2025. Time limit: 90 minutes.",1
"Subject: Internship Alert: Backend Developer at Taskeen. A new internship matching your profile has been posted. Requirements include Git and TensorFlow. Last date to apply is April 10, 2025.",1
"Subject: Industry Workshop Invitation — HBL. You are invited to attend a professional workshop on Computer Vision organized by HBL. Date: May 15, 2025. Venue: Rawalpindi.",1
"Subject: Gym Membership Renewal — Action Required. Your campus gym membership expires on August 31, 2025. Renew online or visit the sports office to continue access.",0
"Subject: Monthly Newsletter — September 2025. Dear Reader, in this edition we cover campus life highlights, upcoming events, faculty achievements, and student success stories.",0
"Subject: Industry Workshop Invitation — Daraz. You are invited to attend a professional workshop on Data Science organized by Daraz. Date: March 15, 2025. Venue: Rawalpindi.",1
"Subject: Student Transport Schedule Update. Dear Students, the shuttle service route has been updated effective April 1, 2025. Please check the new timings on the portal.",0
"Subject: Lost: Black JanSport Backpack — CS Department. Hi, I lost my black JanSport backpack near the CS lab on October 15, 2025. It had my charger and notebooks. Please contact if found.",0
"Subject: Monthly Newsletter — November 2025. Dear Reader, in this edition we cover campus life highlights, upcoming events, faculty achievements, and student success stories.",0
Subject: Election Results Announcement — Student Body 2025. We are pleased to announce the results of the student council elections. Thank you to all candidates who participated.,0
"Subject: MLH Fellowship — Applications Closing August 1, 2025. The MLH Fellowship is a remote internship alternative for software engineers. Apply now and work with top open-source projects.",1
"Subject: Google AIHack 2025 — Applications Open. Hello Developer, AIHack is now accepting applications. Build something impactful and win exciting prizes. Deadline: April 10, 2025.",1
"Subject: University Cafeteria — This Week's Menu. Dear Students, this week's special includes karahi, biryani, and fresh juices. Cafeteria timings: 8 AM to 8 PM.",0
"Subject: HackFest 4.0 — 48 Hour Build Challenge. Registration is open for HackFest, a 48-hour national hackathon. Theme: UI/UX Design. Last date to register: November 30, 2025.",1
"Subject: Campus Wi-Fi Upgrade Notice. The IT department will be upgrading the campus Wi-Fi infrastructure over the weekend. Expect intermittent connectivity on March 15, 2025.",0
"Subject: Lost: Black JanSport Backpack — CS Department. Hi, I lost my black JanSport backpack near the CS lab on February 28, 2026. It had my charger and notebooks. Please contact if found.",0
"Subject: Advent of Code Challenge 2025 — Registrations Open. Dear Student, Advent of Code Challenge is back. Submit your project by August 31, 2025 and stand a chance to win PKR 500,000 and mentorship.",1
"Subject: Hiring: Mobile Developer — LUMS (Peshawar). LUMS is looking for a Mobile Developer to join their UI/UX Design team. Fresh graduates are encouraged to apply. Last date: May 31, 2025.",1
"Subject: Portal Maintenance Notice — February 28, 2026. The student portal will be under maintenance on February 28, 2026 from 11 PM to 2 AM. Services will be temporarily unavailable.",0
"Subject: Book Return Reminder — Due Date: March 15, 2025. This is a reminder that the books issued to you are due for return on March 15, 2025. Late returns incur a daily fine.",0
Subject: Lost: Green Water Bottle — Gym Area. Has anyone seen a green Nalgene water bottle in the gym? Please contact me at lost_owner@outlook.com if found.,0
"Subject: Google Kickstart 2025 — Registrations Open. Dear Student, Google Kickstart is back. Submit your project by June 30, 2025 and stand a chance to win PKR 1,000,000 and mentorship.",1
"Subject: Iftar Deal at Campus Dhaba. Dear Students, join us for a special Iftar buffet at Rs. 100 only. Seating is limited so come early.",0
Subject: Birthday Wishes — Sara Ahmed. Wishing a very happy birthday to our dear Sara Ahmed! Join us for a small celebration in the common room after evening classes.,0
"Subject: Hiring: Cybersecurity Analyst — Foodpanda (Rawalpindi). Foodpanda is looking for a Cybersecurity Analyst to join their Machine Learning team. Fresh graduates are encouraged to apply. Last date: August 1, 2025.",1
"Subject: Meeting Request — Career Counseling Session. Dear Student, a career counseling session with Bytedance representatives is scheduled for March 15, 2025. Please confirm your attendance.",1
"Subject: MLH Fellowship — Applications Closing June 10, 2025. The MLH Fellowship is a remote internship alternative for software engineers. Apply now and work with top open-source projects.",1
"Subject: McDonald's Discount for Students — Show Your ID. Dear Student, present your university ID at McDonald's to get 20% off on all orders this weekend.",0
Subject: Exam Schedule Updated — Please Check Portal. The updated midterm exam schedule has been posted on the portal. Please verify your paper timings.,0
"Subject: Google AIHack 2025 — Applications Open. Hello Developer, AIHack is now accepting applications. Build something impactful and win exciting prizes. Deadline: August 1, 2025.",1
"Subject: Google Summer of Code 2025 — Applications Open. Hello Developer, GSoC is now accepting student proposals. Work with open-source organizations and earn a stipend. Deadline: March 15, 2025.",1
"Subject: Industry Workshop Invitation — Google. You are invited to attend a professional workshop on Machine Learning organized by Google. Date: April 1, 2025. Venue: Lahore.",1
"Subject: Holiday Notice — Eid-ul-Fitr. The university will remain closed on September 1, 2025 in observance of Eid-ul-Fitr. All classes and labs are suspended.",0
"Subject: University Cafeteria — This Week's Menu. Dear Students, this week's special includes karahi, biryani, and fresh juices. Cafeteria timings: 8 AM to 8 PM.",0
"Subject: OA Test Link — Ignite Graduate Trainee. Please complete the online assessment for your application to Ignite. The test is available until April 10, 2025. Time limit: 90 minutes.",1
"Subject: IEEE Programming Contest — Register by August 1, 2025. IEEE Student Branch invites you to participate in the annual programming contest. Individual and team categories available.",1
"Subject: HEC Need-Based Scholarship 2025. Dear Student, the Higher Education Commission is accepting applications for need-based scholarships. Eligible: students with CGPA 3.2+. Last date: April 20, 2025.",1
"Subject: Interview Invitation — QA Engineer at LUMS. Dear Applicant, congratulations on clearing the initial screening. You are invited for a technical interview on May 15, 2025.",1
"Subject: Lost: AirPods Case — Seminar Hall. I left my AirPods case (white, engraved) in the seminar hall after the event on August 31, 2025. Please DM if found.",0
"Subject: Gym Membership Renewal — Action Required. Your campus gym membership expires on February 28, 2026. Renew online or visit the sports office to continue access.",0
"Subject: Blood Donation Drive — January 31, 2026. The social welfare society is organizing a blood donation camp on January 31, 2026. Donate blood, save a life. Walk-ins welcome.",0
"Subject: Meeting Request — Career Counseling Session. Dear Student, a career counseling session with Systems Limited representatives is scheduled for April 10, 2025. Please confirm your attendance.",1
"Subject: Remote Internship Opportunity — Amazon. Dear Applicant, we are offering a remote internship in Machine Learning for students in their 5th semester or above. Deadline: April 1, 2025.",1
"Subject: Internship Alert: Backend Developer at Meta. A new internship matching your profile has been posted. Requirements include Django and PyTorch. Last date to apply is April 20, 2025.",1
"Subject: Job Alert: Junior Frontend Developer at 10Pearls. A new job matching your profile has been posted on our platform. Required skills: Azure, MongoDB. CGPA requirement: 3.5+.",1
Subject: Election Results Announcement — Student Body 2025. We are pleased to announce the results of the student council elections. Thank you to all candidates who participated.,0
"Subject: OA Test Link — Airlift Graduate Trainee. Please complete the online assessment for your application to Airlift. The test is available until August 1, 2025. Time limit: 90 minutes.",1
"Subject: Scholarship Opportunity — Women in Tech 2025. Dear Student, applications for the Women in Tech are now open. Award: PKR 50,000 per semester. Minimum CGPA: 3.5. Apply by June 10, 2025.",1
"Subject: Student Council Elections 2025 — Vote Now. Dear Student, cast your vote for your student representative. Voting is open from November 30, 2025 to July 15, 2025. Visit the portal.",0
"Subject: Certification Training — AWS & Node.js. A sponsored training program on AWS is being offered at Amazon. Certificate provided. Register before September 1, 2025.",1
"Subject: Google DevSprint 2025 — Applications Open. Hello Developer, DevSprint is now accepting applications. Build something impactful and win exciting prizes. Deadline: March 15, 2025.",1
Subject: Birthday Wishes — Hamza Sheikh. Wishing a very happy birthday to our dear Hamza Sheikh! Join us for a small celebration in the common room after evening classes.,0
"Subject: Job Alert: Junior Full Stack Developer at Meta. A new job matching your profile has been posted on our platform. Required skills: Git, Python. CGPA requirement: 2.5+.",1
"Subject: Scholarship Opportunity — LUMS Financial Aid 2025. Dear Student, applications for the LUMS Financial Aid are now open. Award: PKR 500,000 per semester. Minimum CGPA: 2.8. Apply by June 30, 2025.",1
"Subject: Monthly Newsletter — June 2025. Dear Reader, in this edition we cover campus life highlights, upcoming events, faculty achievements, and student success stories.",0
"Subject: Industry Workshop Invitation — Taskeen. You are invited to attend a professional workshop on Blockchain organized by Taskeen. Date: April 20, 2025. Venue: Islamabad.",1
"Subject: Farewell Party — Final Year Batch 2025. You are cordially invited to the farewell dinner for the graduating batch of 2025. Venue: University Auditorium. Date: May 31, 2025. Dress code: formal.",0
"Subject: Blood Donation Drive — October 15, 2025. The social welfare society is organizing a blood donation camp on October 15, 2025. Donate blood, save a life. Walk-ins welcome.",0
"Subject: Industry Workshop Invitation — Telenor. You are invited to attend a professional workshop on UI/UX Design organized by Telenor. Date: September 1, 2025. Venue: Karachi.",1
Subject: Election Results Announcement — Student Body 2025. We are pleased to announce the results of the student council elections. Thank you to all candidates who participated.,0
"Subject: Certification Training — Docker & Python. A sponsored training program on Docker is being offered at Google. Certificate provided. Register before April 1, 2025.",1
"Subject: Meet Your Candidate — Fatima Khan for President. Hi everyone, I'm Fatima Khan and I'm running for Student Council President. Here's my manifesto. Your vote means everything.",0
"Subject: Google Summer of Code 2025 — Applications Open. Hello Developer, GSoC is now accepting student proposals. Work with open-source organizations and earn a stipend. Deadline: April 1, 2025.",1
Subject: Birthday Wishes — Fatima Khan. Wishing a very happy birthday to our dear Fatima Khan! Join us for a small celebration in the common room after evening classes.,0
"Subject: Lost: AirPods Case — Seminar Hall. I left my AirPods case (white, engraved) in the seminar hall after the event on November 30, 2025. Please DM if found.",0
"Subject: Meet Your Candidate — Usman Malik for President. Hi everyone, I'm Usman Malik and I'm running for Student Council President. Here's my manifesto. Your vote means everything.",0
"Subject: HEC Need-Based Scholarship 2025. Dear Student, the Higher Education Commission is accepting applications for need-based scholarships. Eligible: students with CGPA 2.5+. Last date: April 10, 2025.",1
"Subject: Google Summer of Code 2025 — Applications Open. Hello Developer, GSoC is now accepting student proposals. Work with open-source organizations and earn a stipend. Deadline: May 1, 2025.",1
Subject: Found: Student ID Card — Please Claim. A student ID card was found near the library entrance. Owner can collect it from the security office.,0
"Subject: Blood Donation Drive — November 30, 2025. The social welfare society is organizing a blood donation camp on November 30, 2025. Donate blood, save a life. Walk-ins welcome.",0
"Subject: Blood Donation Drive — November 30, 2025. The social welfare society is organizing a blood donation camp on November 30, 2025. Donate blood, save a life. Walk-ins welcome.",0
"Subject: IEEE Programming Contest — Register by July 15, 2025. IEEE Student Branch invites you to participate in the annual programming contest. Individual and team categories available.",1
"Subject: Portal Maintenance Notice — September 1, 2025. The student portal will be under maintenance on September 1, 2025 from 11 PM to 2 AM. Services will be temporarily unavailable.",0
"Subject: Student Transport Schedule Update. Dear Students, the shuttle service route has been updated effective July 15, 2025. Please check the new timings on the portal.",0
"Subject: DevSprint — Register Before April 1, 2025. Hi Developer, DevSprint is now open for registration. Form a team of 2-4 and compete for cash prizes worth PKR 1,000,000. Theme: Artificial Intelligence.",1
Subject: Domino's Weekend Offer — 50% Off. Don't miss our weekend pizza deal. Order online and get 50% off on all large pizzas. Offer valid till Sunday.,0
"Subject: Graduate Trainee Program — Bykea 2025. Applications are open for the Bykea Graduate Trainee Program. Eligible degrees: CS, SE, IT, EE. Apply by August 1, 2025.",1
"Subject: Paid Internship — Artificial Intelligence Division at Meezan Bank. We invite applications from final-year students for a full-time internship starting September. Stipend: PKR 50,000/month.",1
"Subject: Walk-in Interview — Research Assistant at P@SHA. You are invited to attend a walk-in interview on May 31, 2025 at P@SHA office, Faisalabad. Bring your CV and transcript.",1
"Subject: Internship Opening at HBL — Apply by August 31, 2025. Dear Student, we are hiring motivated undergraduates for a paid summer internship in Machine Learning. Shortlisted candidates will be contacted for an online test.",1
"Subject: Library Fine Reminder — Action Required. Dear Student, your library account has an outstanding fine of Rs. 300. Please clear the dues before the end of this week.",0
"Subject: Attendance Shortage Warning. Dear Student, your attendance in SE301 has fallen below 75%. Further absences may result in debarment from the final exam.",0
"Subject: Hiring: Research Assistant — Zong (Rawalpindi). Zong is looking for a Research Assistant to join their UI/UX Design team. Fresh graduates are encouraged to apply. Last date: March 15, 2025.",1
"Subject: Blood Donation Drive — July 15, 2025. The social welfare society is organizing a blood donation camp on July 15, 2025. Donate blood, save a life. Walk-ins welcome.",0
"Subject: Survey Request — Campus Satisfaction. Dear Student, please take 5 minutes to fill out our campus satisfaction survey. Your feedback helps us improve.",0
"Subject: Google HexaHack 2025 — Applications Open. Hello Developer, HexaHack is now accepting applications. Build something impactful and win exciting prizes. Deadline: November 30, 2025.",1
"Subject: Lost: Black JanSport Backpack — CS Department. Hi, I lost my black JanSport backpack near the CS lab on June 30, 2025. It had my charger and notebooks. Please contact if found.",0
"Subject: AIHack — Register Before September 1, 2025. Hi Developer, AIHack is now open for registration. Form a team of 2-4 and compete for cash prizes worth PKR 100,000. Theme: Natural Language Processing.",1
"Subject: Fully Funded Fellowship — Stripe UI/UX Design Program. We are pleased to announce the Stripe Fellowship for students pursuing UI/UX Design. Covers tuition, stipend, and mentorship.",1
"Subject: Internship Alert: Cybersecurity Analyst at Telenor. A new internship matching your profile has been posted. Requirements include AWS and Python. Last date to apply is August 1, 2025.",1
"Subject: Paid Internship — Artificial Intelligence Division at HBL. We invite applications from final-year students for a full-time internship starting December. Stipend: PKR 50,000/month.",1
"Subject: Job Alert: Junior Cybersecurity Analyst at Netsol Technologies. A new job matching your profile has been posted on our platform. Required skills: Java, SQL. CGPA requirement: 3.0+.",1
"Subject: Free Workshop: PostgreSQL Bootcamp — November 30, 2025. Dear Student, Bytedance is hosting a free 2-day workshop on PostgreSQL for university students. Seats are limited — register now.",1
"Subject: Survey Request — Campus Satisfaction. Dear Student, please take 5 minutes to fill out our campus satisfaction survey. Your feedback helps us improve.",0
"Subject: Fee Submission Deadline — October 15, 2025. Dear Student, please submit your semester fee before October 15, 2025 to avoid a late surcharge. Visit the accounts office.",0
"Subject: Paid Internship — Cloud Computing Division at PTCL. We invite applications from final-year students for a full-time internship starting December. Stipend: PKR 30,000/month.",1
"Subject: National Hackathon — DataFest. Dear Student, we invite you to participate in DataFest, hosted by PTCL. Solo or team registrations open till June 30, 2025.",1
"Subject: Movie Night on Campus — March 15, 2025. Join us for a free outdoor movie screening on March 15, 2025. Bring your friends and enjoy popcorn under the stars.",0
"Subject: Meeting Request — Career Counseling Session. Dear Student, a career counseling session with FAST NUCES representatives is scheduled for April 10, 2025. Please confirm your attendance.",1
"Subject: Certification Training — Docker & TensorFlow. A sponsored training program on Docker is being offered at Airlift. Certificate provided. Register before April 1, 2025.",1
"Subject: CODEX X Hackathon Invitation. Hi, join us for a 24-hour coding competition on January 31, 2026. Open to all CS/SE students. Prizes include internship offers and cash awards.",1
"Subject: HackFest Elite — 48 Hour Build Challenge. Registration is open for HackFest, a 48-hour national hackathon. Theme: UI/UX Design. Last date to register: March 15, 2025.",1
"Subject: Meeting Request — Career Counseling Session. Dear Student, a career counseling session with HBL representatives is scheduled for March 15, 2025. Please confirm your attendance.",1
"Subject: Free Workshop: AWS Bootcamp — May 1, 2025. Dear Student, Careem is hosting a free 2-day workshop on AWS for university students. Seats are limited — register now.",1
Subject: Exam Schedule Updated — Please Check Portal. The updated midterm exam schedule has been posted on the portal. Please verify your paper timings.,0
"Subject: Talent Show Auditions — Sign Up Now. The annual talent show auditions are open. Participate in singing, comedy, spoken word, or dance. Last date to register: May 15, 2025.",0
"Subject: Google Summer of Code 2025 — Applications Open. Hello Developer, GSoC is now accepting student proposals. Work with open-source organizations and earn a stipend. Deadline: April 1, 2025.",1
Subject: Domino's Weekend Offer — 50% Off. Don't miss our weekend pizza deal. Order online and get 50% off on all large pizzas. Offer valid till Sunday.,0
"Subject: Ignite Summer Internship 2025 — Applications Open. Hello, Ignite is offering a 8-week internship program for BS students in Computer Science and related fields. Apply before January 31, 2026.",1
"Subject: Graduate Trainee Program — 10Pearls 2025. Applications are open for the 10Pearls Graduate Trainee Program. Eligible degrees: CS, SE, IT, EE. Apply by May 1, 2025.",1
"Subject: Student Council Elections 2025 — Vote Now. Dear Student, cast your vote for your student representative. Voting is open from April 20, 2025 to February 28, 2026. Visit the portal.",0
"Subject: Portal Maintenance Notice — August 31, 2025. The student portal will be under maintenance on August 31, 2025 from 11 PM to 2 AM. Services will be temporarily unavailable.",0
"Subject: Telenor Summer Internship 2025 — Applications Open. Hello, Telenor is offering a 16-week internship program for BS students in Computer Science and related fields. Apply before September 1, 2025.",1
"Subject: Annual Sports Gala — May 1, 2025. Get ready for the Annual Sports Gala! Events include cricket, football, badminton, and table tennis. Register your team at the sports office.",0
"Subject: Walk-in Interview — Full Stack Developer at Foodpanda. You are invited to attend a walk-in interview on April 20, 2025 at Foodpanda office, Karachi. Bring your CV and transcript.",1
"Subject: Meet Your Candidate — Ali Hassan for President. Hi everyone, I'm Ali Hassan and I'm running for Student Council President. Here's my manifesto. Your vote means everything.",0
"Subject: Lost: AirPods Case — Seminar Hall. I left my AirPods case (white, engraved) in the seminar hall after the event on April 1, 2025. Please DM if found.",0
"Subject: Movie Night on Campus — July 15, 2025. Join us for a free outdoor movie screening on July 15, 2025. Bring your friends and enjoy popcorn under the stars.",0
"Subject: Meeting Request — Career Counseling Session. Dear Student, a career counseling session with HBL representatives is scheduled for March 15, 2025. Please confirm your attendance.",1
"Subject: Debate Competition — Student Council Candidates. Watch the candidates debate live on May 15, 2025 in the auditorium. All students are welcome to attend.",0
"Subject: Google DataFest 2025 — Applications Open. Hello Developer, DataFest is now accepting applications. Build something impactful and win exciting prizes. Deadline: November 30, 2025.",1
"Subject: TechStorm — Register Before November 30, 2025. Hi Developer, TechStorm is now open for registration. Form a team of 2-4 and compete for cash prizes worth PKR 150,000. Theme: Artificial Intelligence.",1
"Subject: Internship Alert: Research Assistant at PTCL. A new internship matching your profile has been posted. Requirements include Git and Python. Last date to apply is August 1, 2025.",1
"Subject: Holiday Notice — Kashmir Solidarity Day. The university will remain closed on April 10, 2025 in observance of Kashmir Solidarity Day. All classes and labs are suspended.",0
"Subject: Internship Alert: Software Engineer at 10Pearls. A new internship matching your profile has been posted. Requirements include C++ and PyTorch. Last date to apply is June 10, 2025.",1
"Subject: Student Council Elections 2025 — Vote Now. Dear Student, cast your vote for your student representative. Voting is open from August 1, 2025 to May 1, 2025. Visit the portal.",0
"Subject: Gym Membership Renewal — Action Required. Your campus gym membership expires on November 30, 2025. Renew online or visit the sports office to continue access.",0
"Subject: Remote Internship Opportunity — Systems Limited. Dear Applicant, we are offering a remote internship in Artificial Intelligence for students in their 5th semester or above. Deadline: June 30, 2025.",1
"Subject: CODEX Elite Hackathon Invitation. Hi, join us for a 24-hour coding competition on September 1, 2025. Open to all CS/SE students. Prizes include internship offers and cash awards.",1
"Subject: Survey Request — Campus Satisfaction. Dear Student, please take 5 minutes to fill out our campus satisfaction survey. Your feedback helps us improve.",0
"Subject: Iftar Deal at Campus Dhaba. Dear Students, join us for a special Iftar buffet at Rs. 100 only. Seating is limited so come early.",0
"Subject: Hiring: ML Engineer — HBL (Karachi). HBL is looking for a ML Engineer to join their Natural Language Processing team. Fresh graduates are encouraged to apply. Last date: May 1, 2025.",1
"Subject: Meet Your Candidate — Zara Noor for President. Hi everyone, I'm Zara Noor and I'm running for Student Council President. Here's my manifesto. Your vote means everything.",0
"Subject: Meeting Request — Career Counseling Session. Dear Student, a career counseling session with Meta representatives is scheduled for August 31, 2025. Please confirm your attendance.",1
"Subject: Hiring: Mobile Developer — Ignite (Islamabad). Ignite is looking for a Mobile Developer to join their Machine Learning team. Fresh graduates are encouraged to apply. Last date: May 1, 2025.",1
"Subject: Scholarship Opportunity — STEM Leadership 2025. Dear Student, applications for the STEM Leadership are now open. Award: PKR 50,000 per semester. Minimum CGPA: 3.0. Apply by August 31, 2025.",1
"Subject: Blood Donation Drive — November 30, 2025. The social welfare society is organizing a blood donation camp on November 30, 2025. Donate blood, save a life. Walk-ins welcome.",0
"Subject: CODEX Pro Hackathon Invitation. Hi, join us for a 24-hour coding competition on August 1, 2025. Open to all CS/SE students. Prizes include internship offers and cash awards.",1
"Subject: LUMS Merit Excellence Scholarship — Apply Now. The Merit Excellence scholarship is open for undergraduate students with financial need and strong academic record. Deadline: May 31, 2025.",1
"Subject: Open Source Contributor Program — Jazz. Jazz is offering paid open-source contributions for students. Apply by May 31, 2025 with a sample PR or project link.",1
"Subject: Debate Competition — Student Council Candidates. Watch the candidates debate live on August 31, 2025 in the auditorium. All students are welcome to attend.",0
"Subject: Holiday Notice — Quaid-e-Azam Day. The university will remain closed on May 15, 2025 in observance of Quaid-e-Azam Day. All classes and labs are suspended.",0
"Subject: Google Kickstart 2025 — Registrations Open. Dear Student, Google Kickstart is back. Submit your project by October 15, 2025 and stand a chance to win PKR 150,000 and mentorship.",1
"Subject: Google Summer of Code 2025 — Applications Open. Hello Developer, GSoC is now accepting student proposals. Work with open-source organizations and earn a stipend. Deadline: November 30, 2025.",1
"Subject: HackFest 3.0 — 48 Hour Build Challenge. Registration is open for HackFest, a 48-hour national hackathon. Theme: Computer Vision. Last date to register: August 31, 2025.",1
"Subject: Lost: AirPods Case — Seminar Hall. I left my AirPods case (white, engraved) in the seminar hall after the event on March 15, 2025. Please DM if found.",0
Subject: Exam Schedule Updated — Please Check Portal. The updated midterm exam schedule has been posted on the portal. Please verify your paper timings.,0
"Subject: Open Source Contributor Program — Stripe. Stripe is offering paid open-source contributions for students. Apply by May 1, 2025 with a sample PR or project link.",1
"Subject: Interview Invitation — Business Analyst at P@SHA. Dear Applicant, congratulations on clearing the initial screening. You are invited for a technical interview on April 20, 2025.",1
"Subject: University Cafeteria — This Week's Menu. Dear Students, this week's special includes karahi, biryani, and fresh juices. Cafeteria timings: 8 AM to 8 PM.",0
"Subject: MLH Fellowship — Applications Closing May 1, 2025. The MLH Fellowship is a remote internship alternative for software engineers. Apply now and work with top open-source projects.",1
"Subject: Open Source Contributor Program — Amazon. Amazon is offering paid open-source contributions for students. Apply by May 1, 2025 with a sample PR or project link.",1
"Subject: OA Test Link — Turing Graduate Trainee. Please complete the online assessment for your application to Turing. The test is available until June 10, 2025. Time limit: 90 minutes.",1
Subject: New Food Stall Opening — C Block Lawn. We are excited to announce a new food stall near the C Block lawn. Visit us today and try our deals.,0
"Subject: Google HexaHack 2025 — Applications Open. Hello Developer, HexaHack is now accepting applications. Build something impactful and win exciting prizes. Deadline: June 30, 2025.",1
"Subject: Full-Time Job Opening — Daraz Lahore. Dear candidate, we are urgently hiring for the position of Product Manager. Send your CV to careers@netsol.com before September 1, 2025.",1
"Subject: Holiday Notice — Quaid-e-Azam Day. The university will remain closed on April 20, 2025 in observance of Quaid-e-Azam Day. All classes and labs are suspended.",0
Subject: Lost: Green Water Bottle — Gym Area. Has anyone seen a green Nalgene water bottle in the gym? Please contact me at lost_owner@outlook.com if found.,0
"Subject: Hiring: DevOps Engineer — Meezan Bank (Islamabad). Meezan Bank is looking for a DevOps Engineer to join their Blockchain team. Fresh graduates are encouraged to apply. Last date: September 1, 2025.",1
"Subject: Google AIHack 2025 — Applications Open. Hello Developer, AIHack is now accepting applications. Build something impactful and win exciting prizes. Deadline: November 30, 2025.",1
"Subject: Airlift Summer Internship 2025 — Applications Open. Hello, Airlift is offering a 8-week internship program for BS students in Computer Science and related fields. Apply before February 28, 2026.",1
"Subject: Internship Opening at HBL — Apply by February 28, 2026. Dear Student, we are hiring motivated undergraduates for a paid summer internship in Computer Vision. Shortlisted candidates will be contacted for an online test.",1
"Subject: Monthly Newsletter — November 2025. Dear Reader, in this edition we cover campus life highlights, upcoming events, faculty achievements, and student success stories.",0
"Subject: LUMS STEM Leadership Scholarship — Apply Now. The STEM Leadership scholarship is open for undergraduate students with financial need and strong academic record. Deadline: August 1, 2025.",1
"Subject: Meeting Request — Career Counseling Session. Dear Student, a career counseling session with Meezan Bank representatives is scheduled for October 15, 2025. Please confirm your attendance.",1
"Subject: Lost: AirPods Case — Seminar Hall. I left my AirPods case (white, engraved) in the seminar hall after the event on April 20, 2025. Please DM if found.",0
"Subject: Industry Workshop Invitation — Bykea. You are invited to attend a professional workshop on UI/UX Design organized by Bykea. Date: August 1, 2025. Venue: Islamabad.",1
"Subject: LUMS Digital Pakistan Scholarship — Apply Now. The Digital Pakistan scholarship is open for undergraduate students with financial need and strong academic record. Deadline: March 15, 2025.",1
"Subject: Campus Wi-Fi Upgrade Notice. The IT department will be upgrading the campus Wi-Fi infrastructure over the weekend. Expect intermittent connectivity on January 31, 2026.",0
"Subject: Debate Competition — Student Council Candidates. Watch the candidates debate live on November 30, 2025 in the auditorium. All students are welcome to attend.",0
"Subject: Industry Workshop Invitation — 10Pearls. You are invited to attend a professional workshop on Data Science organized by 10Pearls. Date: September 1, 2025. Venue: Islamabad.",1
"Subject: Lost: Black JanSport Backpack — CS Department. Hi, I lost my black JanSport backpack near the CS lab on August 1, 2025. It had my charger and notebooks. Please contact if found.",0
"Subject: Fee Submission Deadline — January 31, 2026. Dear Student, please submit your semester fee before January 31, 2026 to avoid a late surcharge. Visit the accounts office.",0
Subject: Election Results Announcement — Student Body 2025. We are pleased to announce the results of the student council elections. Thank you to all candidates who participated.,0
Subject: Domino's Weekend Offer — 50% Off. Don't miss our weekend pizza deal. Order online and get 50% off on all large pizzas. Offer valid till Sunday.,0
"Subject: Fully Funded Fellowship — Systems Limited Data Science Program. We are pleased to announce the Systems Limited Fellowship for students pursuing Data Science. Covers tuition, stipend, and mentorship.",1
"Subject: HEC Need-Based Scholarship 2025. Dear Student, the Higher Education Commission is accepting applications for need-based scholarships. Eligible: students with CGPA 3.0+. Last date: August 31, 2025.",1
"Subject: Google Generation Scholarship — Applications Open. Hello, Google is offering scholarships to students from underrepresented backgrounds in CS. Award: USD 1000. Apply by May 1, 2025.",1
"Subject: Google Generation Scholarship — Applications Open. Hello, Google is offering scholarships to students from underrepresented backgrounds in CS. Award: USD 1000. Apply by July 15, 2025.",1
Subject: Domino's Weekend Offer — 50% Off. Don't miss our weekend pizza deal. Order online and get 50% off on all large pizzas. Offer valid till Sunday.,0
"Subject: IEEE Programming Contest — Register by February 28, 2026. IEEE Student Branch invites you to participate in the annual programming contest. Individual and team categories available.",1
"Subject: Aptitude Test Scheduled — Meta. Your application for the Cloud Engineer position has been shortlisted. Aptitude test scheduled for May 1, 2025 at 3:00 PM.",1
"Subject: Interview Invitation — Frontend Developer at 10Pearls. Dear Applicant, congratulations on clearing the initial screening. You are invited for a technical interview on May 1, 2025.",1
"Subject: Google Summer of Code 2025 — Applications Open. Hello Developer, GSoC is now accepting student proposals. Work with open-source organizations and earn a stipend. Deadline: November 30, 2025.",1
"Subject: CODEX X Hackathon Invitation. Hi, join us for a 24-hour coding competition on April 1, 2025. Open to all CS/SE students. Prizes include internship offers and cash awards.",1
"Subject: Certification Training — Docker & C++. A sponsored training program on Docker is being offered at PTCL. Certificate provided. Register before February 28, 2026.",1
"Subject: Monthly Newsletter — September 2025. Dear Reader, in this edition we cover campus life highlights, upcoming events, faculty achievements, and student success stories.",0
"Subject: HexaHack — Register Before August 1, 2025. Hi Developer, HexaHack is now open for registration. Form a team of 2-4 and compete for cash prizes worth PKR 150,000. Theme: Blockchain.",1
"Subject: Graduate Trainee Program — Arbisoft 2025. Applications are open for the Arbisoft Graduate Trainee Program. Eligible degrees: CS, SE, IT, EE. Apply by April 10, 2025.",1
"Subject: Library Fine Reminder — Action Required. Dear Student, your library account has an outstanding fine of Rs. 200. Please clear the dues before the end of this week.",0
"Subject: Survey Request — Campus Satisfaction. Dear Student, please take 5 minutes to fill out our campus satisfaction survey. Your feedback helps us improve.",0
"Subject: CODEX Elite Hackathon Invitation. Hi, join us for a 24-hour coding competition on May 1, 2025. Open to all CS/SE students. Prizes include internship offers and cash awards.",1
Subject: Birthday Wishes — Zara Noor. Wishing a very happy birthday to our dear Zara Noor! Join us for a small celebration in the common room after evening classes.,0
"Subject: Google Kickstart 2025 — Registrations Open. Dear Student, Google Kickstart is back. Submit your project by November 30, 2025 and stand a chance to win PKR 100,000 and mentorship.",1
"Subject: Farewell Party — Final Year Batch 2025. You are cordially invited to the farewell dinner for the graduating batch of 2025. Venue: University Auditorium. Date: May 1, 2025. Dress code: formal.",0
"Subject: Internship Alert: ML Engineer at Meta. A new internship matching your profile has been posted. Requirements include C++ and PyTorch. Last date to apply is February 28, 2026.",1
"Subject: Farewell Party — Final Year Batch 2025. You are cordially invited to the farewell dinner for the graduating batch of 2025. Venue: Pearl Continental. Date: February 28, 2026. Dress code: formal.",0
"Subject: CODEX X Hackathon Invitation. Hi, join us for a 24-hour coding competition on April 1, 2025. Open to all CS/SE students. Prizes include internship offers and cash awards.",1
"Subject: Graduate Trainee Program — Jazz 2025. Applications are open for the Jazz Graduate Trainee Program. Eligible degrees: CS, SE, IT, EE. Apply by August 31, 2025.",1
"Subject: Gym Membership Renewal — Action Required. Your campus gym membership expires on May 31, 2025. Renew online or visit the sports office to continue access.",0
"Subject: OA Test Link — Telenor Graduate Trainee. Please complete the online assessment for your application to Telenor. The test is available until June 30, 2025. Time limit: 90 minutes.",1
"Subject: Library Fine Reminder — Action Required. Dear Student, your library account has an outstanding fine of Rs. 350. Please clear the dues before the end of this week.",0
"Subject: Aptitude Test Scheduled — Google. Your application for the Frontend Developer position has been shortlisted. Aptitude test scheduled for February 28, 2026 at 2:00 PM.",1
"Subject: Campus Wi-Fi Upgrade Notice. The IT department will be upgrading the campus Wi-Fi infrastructure over the weekend. Expect intermittent connectivity on August 1, 2025.",0
"Subject: Gym Membership Renewal — Action Required. Your campus gym membership expires on January 31, 2026. Renew online or visit the sports office to continue access.",0
"Subject: Campus Wi-Fi Upgrade Notice. The IT department will be upgrading the campus Wi-Fi infrastructure over the weekend. Expect intermittent connectivity on September 1, 2025.",0
"Subject: Electricity Outage — October 15, 2025. Please note that there will be a planned electricity outage on October 15, 2025 from 9 AM to 1 PM due to maintenance work in the main grid.",0
"Subject: IEEE Programming Contest — Register by May 31, 2025. IEEE Student Branch invites you to participate in the annual programming contest. Individual and team categories available.",1
"Subject: Open Source Contributor Program — Jazz. Jazz is offering paid open-source contributions for students. Apply by January 31, 2026 with a sample PR or project link.",1
"Subject: Paid Internship — Web Development Division at Systems Limited. We invite applications from final-year students for a full-time internship starting June. Stipend: PKR 50,000/month.",1
Subject: New Food Stall Opening — C Block Lawn. We are excited to announce a new food stall near the C Block lawn. Visit us today and try our deals.,0
"Subject: Talent Show Auditions — Sign Up Now. The annual talent show auditions are open. Participate in singing, comedy, spoken word, or dance. Last date to register: September 1, 2025.",0
"Subject: Walk-in Interview — Product Manager at Amazon. You are invited to attend a walk-in interview on May 1, 2025 at Amazon office, Karachi. Bring your CV and transcript.",1
"Subject: Portal Maintenance Notice — July 15, 2025. The student portal will be under maintenance on July 15, 2025 from 11 PM to 2 AM. Services will be temporarily unavailable.",0
"Subject: Google Kickstart 2025 — Registrations Open. Dear Student, Google Kickstart is back. Submit your project by September 1, 2025 and stand a chance to win PKR 100,000 and mentorship.",1
"Subject: Survey Request — Campus Satisfaction. Dear Student, please take 5 minutes to fill out our campus satisfaction survey. Your feedback helps us improve.",0
"Subject: Scholarship Opportunity — Digital Pakistan 2025. Dear Student, applications for the Digital Pakistan are now open. Award: PKR 200,000 per semester. Minimum CGPA: 3.2. Apply by September 1, 2025.",1
"Subject: Holiday Notice — Kashmir Solidarity Day. The university will remain closed on July 15, 2025 in observance of Kashmir Solidarity Day. All classes and labs are suspended.",0
"Subject: Jazz Summer Internship 2025 — Applications Open. Hello, Jazz is offering a 12-week internship program for BS students in Computer Science and related fields. Apply before November 30, 2025.",1
"Subject: Hiring: QA Engineer — Airlift (Lahore). Airlift is looking for a QA Engineer to join their Artificial Intelligence team. Fresh graduates are encouraged to apply. Last date: August 1, 2025.",1
"Subject: Scholarship Opportunity — LUMS Financial Aid 2025. Dear Student, applications for the LUMS Financial Aid are now open. Award: PKR 1,000,000 per semester. Minimum CGPA: 3.2. Apply by May 1, 2025.",1
Subject: Exam Schedule Updated — Please Check Portal. The updated midterm exam schedule has been posted on the portal. Please verify your paper timings.,0
"Subject: Fee Submission Deadline — July 15, 2025. Dear Student, please submit your semester fee before July 15, 2025 to avoid a late surcharge. Visit the accounts office.",0
"Subject: Lost: AirPods Case — Seminar Hall. I left my AirPods case (white, engraved) in the seminar hall after the event on February 28, 2026. Please DM if found.",0
"Subject: Hardee's Discount for Students — Show Your ID. Dear Student, present your university ID at Hardee's to get 20% off on all orders this weekend.",0
"Subject: Library Fine Reminder — Action Required. Dear Student, your library account has an outstanding fine of Rs. 500. Please clear the dues before the end of this week.",0
"Subject: Google Summer of Code 2025 — Applications Open. Hello Developer, GSoC is now accepting student proposals. Work with open-source organizations and earn a stipend. Deadline: May 15, 2025.",1
"Subject: Book Return Reminder — Due Date: January 31, 2026. This is a reminder that the books issued to you are due for return on January 31, 2026. Late returns incur a daily fine.",0
"Subject: Student Transport Schedule Update. Dear Students, the shuttle service route has been updated effective May 31, 2025. Please check the new timings on the portal.",0
"Subject: Gym Membership Renewal — Action Required. Your campus gym membership expires on October 15, 2025. Renew online or visit the sports office to continue access.",0
"Subject: Annual Sports Gala — August 1, 2025. Get ready for the Annual Sports Gala! Events include cricket, football, badminton, and table tennis. Register your team at the sports office.",0
"Subject: Case Competition — PTCL Business Challenge. PTCL invites CS and business students to solve a real-world problem. Team size: 3-5. Deadline: March 15, 2025.",1
"Subject: Farewell Party — Final Year Batch 2025. You are cordially invited to the farewell dinner for the graduating batch of 2025. Venue: PC Hotel Lahore. Date: May 15, 2025. Dress code: formal.",0
"Subject: Full-Time Job Opening — Telenor Lahore. Dear candidate, we are urgently hiring for the position of Business Analyst. Send your CV to careers@10pearls.com before August 31, 2025.",1
"Subject: Blood Donation Drive — February 28, 2026. The social welfare society is organizing a blood donation camp on February 28, 2026. Donate blood, save a life. Walk-ins welcome.",0
"Subject: Full-Time Job Opening — Systems Limited Lahore. Dear candidate, we are urgently hiring for the position of QA Engineer. Send your CV to careers@netsol.com before June 10, 2025.",1
"Subject: Meeting Request — Career Counseling Session. Dear Student, a career counseling session with Jazz representatives is scheduled for May 15, 2025. Please confirm your attendance.",1
"Subject: Monthly Newsletter — April 2025. Dear Reader, in this edition we cover campus life highlights, upcoming events, faculty achievements, and student success stories.",0
"Subject: LUMS HEC Undergraduate Scholarship — Apply Now. The HEC Undergraduate scholarship is open for undergraduate students with financial need and strong academic record. Deadline: April 10, 2025.",1
"Subject: Certification Training — Docker & MongoDB. A sponsored training program on Docker is being offered at Bykea. Certificate provided. Register before April 20, 2025.",1
"Subject: Lost: Black JanSport Backpack — CS Department. Hi, I lost my black JanSport backpack near the CS lab on October 15, 2025. It had my charger and notebooks. Please contact if found.",0
"Subject: Google AIHack 2025 — Applications Open. Hello Developer, AIHack is now accepting applications. Build something impactful and win exciting prizes. Deadline: August 1, 2025.",1
"Subject: Blood Donation Drive — October 15, 2025. The social welfare society is organizing a blood donation camp on October 15, 2025. Donate blood, save a life. Walk-ins welcome.",0
"Subject: Student Transport Schedule Update. Dear Students, the shuttle service route has been updated effective April 1, 2025. Please check the new timings on the portal.",0
Subject: Lost: Green Water Bottle — Gym Area. Has anyone seen a green Nalgene water bottle in the gym? Please contact me at lost_owner@outlook.com if found.,0
"Subject: Interview Invitation — Mobile Developer at Careem. Dear Applicant, congratulations on clearing the initial screening. You are invited for a technical interview on April 10, 2025.",1
"Subject: Netsol Technologies Summer Internship 2025 — Applications Open. Hello, Netsol Technologies is offering a 6-week internship program for BS students in Computer Science and related fields. Apply before August 31, 2025.",1
"Subject: Internship Opening at 10Pearls — Apply by April 20, 2025. Dear Student, we are hiring motivated undergraduates for a paid summer internship in Embedded Systems. Shortlisted candidates will be contacted for an online test.",1
Subject: Exam Schedule Updated — Please Check Portal. The updated midterm exam schedule has been posted on the portal. Please verify your paper timings.,0
"Subject: Google Summer of Code 2025 — Applications Open. Hello Developer, GSoC is now accepting student proposals. Work with open-source organizations and earn a stipend. Deadline: April 10, 2025.",1
"Subject: Library Fine Reminder — Action Required. Dear Student, your library account has an outstanding fine of Rs. 350. Please clear the dues before the end of this week.",0
"Subject: Portal Maintenance Notice — June 10, 2025. The student portal will be under maintenance on June 10, 2025 from 11 PM to 2 AM. Services will be temporarily unavailable.",0
"Subject: Scholarship Opportunity — Women in Tech 2025. Dear Student, applications for the Women in Tech are now open. Award: PKR 200,000 per semester. Minimum CGPA: 3.2. Apply by November 30, 2025.",1
"Subject: Google Summer of Code 2025 — Applications Open. Hello Developer, GSoC is now accepting student proposals. Work with open-source organizations and earn a stipend. Deadline: May 15, 2025.",1
"Subject: Paid Internship — Artificial Intelligence Division at Amazon. We invite applications from final-year students for a full-time internship starting January. Stipend: PKR 25,000/month.",1
"Subject: Paid Internship — Computer Vision Division at Turing. We invite applications from final-year students for a full-time internship starting November. Stipend: PKR 25,000/month.",1
"Subject: Industry Workshop Invitation — 10Pearls. You are invited to attend a professional workshop on Blockchain organized by 10Pearls. Date: August 31, 2025. Venue: Islamabad.",1
"Subject: Walk-in Interview — Full Stack Developer at HBL. You are invited to attend a walk-in interview on March 15, 2025 at HBL office, Faisalabad. Bring your CV and transcript.",1
"Subject: Talent Show Auditions — Sign Up Now. The annual talent show auditions are open. Participate in singing, comedy, spoken word, or dance. Last date to register: July 15, 2025.",0
"Subject: Lost: AirPods Case — Seminar Hall. I left my AirPods case (white, engraved) in the seminar hall after the event on February 28, 2026. Please DM if found.",0
"Subject: Debate Competition — Student Council Candidates. Watch the candidates debate live on July 15, 2025 in the auditorium. All students are welcome to attend.",0
"Subject: Holiday Notice — Eid-ul-Fitr. The university will remain closed on April 20, 2025 in observance of Eid-ul-Fitr. All classes and labs are suspended.",0
"Subject: Scholarship Opportunity — Need-Based Support 2025. Dear Student, applications for the Need-Based Support are now open. Award: PKR 50,000 per semester. Minimum CGPA: 3.2. Apply by August 1, 2025.",1
Subject: Lost: Green Water Bottle — Gym Area. Has anyone seen a green Nalgene water bottle in the gym? Please contact me at finder@student.edu.pk if found.,0
"Subject: Paid Internship — Cybersecurity Division at Bykea. We invite applications from final-year students for a full-time internship starting December. Stipend: PKR 60,000/month.",1
"Subject: Job Alert: Junior ML Engineer at Stripe. A new job matching your profile has been posted on our platform. Required skills: PostgreSQL, AWS. CGPA requirement: 2.8+.",1
"Subject: Iftar Deal at Campus Dhaba. Dear Students, join us for a special Iftar buffet at Rs. 200 only. Seating is limited so come early.",0
"Subject: MLH Fellowship — Applications Closing April 20, 2025. The MLH Fellowship is a remote internship alternative for software engineers. Apply now and work with top open-source projects.",1
"Subject: CODEX Pro Hackathon Invitation. Hi, join us for a 24-hour coding competition on February 28, 2026. Open to all CS/SE students. Prizes include internship offers and cash awards.",1
"Subject: Lost: Black JanSport Backpack — CS Department. Hi, I lost my black JanSport backpack near the CS lab on April 10, 2025. It had my charger and notebooks. Please contact if found.",0
"Subject: Holiday Notice — Allama Iqbal Day. The university will remain closed on November 30, 2025 in observance of Allama Iqbal Day. All classes and labs are suspended.",0
"Subject: Open Source Contributor Program — Turing. Turing is offering paid open-source contributions for students. Apply by April 1, 2025 with a sample PR or project link.",1
"Subject: Walk-in Interview — Data Analyst at Turing. You are invited to attend a walk-in interview on September 1, 2025 at Turing office, Rawalpindi. Bring your CV and transcript.",1
"Subject: Portal Maintenance Notice — April 1, 2025. The student portal will be under maintenance on April 1, 2025 from 11 PM to 2 AM. Services will be temporarily unavailable.",0
"Subject: Blood Donation Drive — April 1, 2025. The social welfare society is organizing a blood donation camp on April 1, 2025. Donate blood, save a life. Walk-ins welcome.",0
Subject: Lost: Green Water Bottle — Gym Area. Has anyone seen a green Nalgene water bottle in the gym? Please contact me at lost_owner@outlook.com if found.,0
"Subject: Electricity Outage — July 15, 2025. Please note that there will be a planned electricity outage on July 15, 2025 from 9 AM to 1 PM due to maintenance work in the main grid.",0
"Subject: Google AIHack 2025 — Applications Open. Hello Developer, AIHack is now accepting applications. Build something impactful and win exciting prizes. Deadline: June 30, 2025.",1
Subject: Domino's Weekend Offer — 50% Off. Don't miss our weekend pizza deal. Order online and get 50% off on all large pizzas. Offer valid till Sunday.,0
Subject: Found: Student ID Card — Please Claim. A student ID card was found near the library entrance. Owner can collect it from the security office.,0
"Subject: Student Transport Schedule Update. Dear Students, the shuttle service route has been updated effective July 15, 2025. Please check the new timings on the portal.",0
"Subject: Google DataFest 2025 — Applications Open. Hello Developer, DataFest is now accepting applications. Build something impactful and win exciting prizes. Deadline: April 1, 2025.",1
"Subject: Book Return Reminder — Due Date: May 1, 2025. This is a reminder that the books issued to you are due for return on May 1, 2025. Late returns incur a daily fine.",0
"Subject: Meet Your Candidate — Ali Hassan for President. Hi everyone, I'm Ali Hassan and I'm running for Student Council President. Here's my manifesto. Your vote means everything.",0
"Subject: Library Fine Reminder — Action Required. Dear Student, your library account has an outstanding fine of Rs. 500. Please clear the dues before the end of this week.",0
"Subject: Iftar Deal at Campus Dhaba. Dear Students, join us for a special Iftar buffet at Rs. 150 only. Seating is limited so come early.",0
"Subject: Certification Training — AWS & PostgreSQL. A sponsored training program on AWS is being offered at Turing. Certificate provided. Register before February 28, 2026.",1
"Subject: HackFest 2.0 — 48 Hour Build Challenge. Registration is open for HackFest, a 48-hour national hackathon. Theme: Mobile Development. Last date to register: March 15, 2025.",1
Subject: Exam Schedule Updated — Please Check Portal. The updated midterm exam schedule has been posted on the portal. Please verify your paper timings.,0
"Subject: Campus Wi-Fi Upgrade Notice. The IT department will be upgrading the campus Wi-Fi infrastructure over the weekend. Expect intermittent connectivity on September 1, 2025.",0
"Subject: Book Return Reminder — Due Date: April 1, 2025. This is a reminder that the books issued to you are due for return on April 1, 2025. Late returns incur a daily fine.",0
"Subject: Google Summer of Code 2025 — Applications Open. Hello Developer, GSoC is now accepting student proposals. Work with open-source organizations and earn a stipend. Deadline: July 15, 2025.",1
"Subject: MLH Fellowship — Applications Closing April 1, 2025. The MLH Fellowship is a remote internship alternative for software engineers. Apply now and work with top open-source projects.",1
Subject: Birthday Wishes — Fatima Khan. Wishing a very happy birthday to our dear Fatima Khan! Join us for a small celebration in the common room after evening classes.,0
"Subject: MLH Fellowship — Applications Closing July 15, 2025. The MLH Fellowship is a remote internship alternative for software engineers. Apply now and work with top open-source projects.",1
"Subject: Campus Wi-Fi Upgrade Notice. The IT department will be upgrading the campus Wi-Fi infrastructure over the weekend. Expect intermittent connectivity on January 31, 2026.",0
"Subject: Electricity Outage — May 15, 2025. Please note that there will be a planned electricity outage on May 15, 2025 from 9 AM to 1 PM due to maintenance work in the main grid.",0
Subject: New Food Stall Opening — C Block Lawn. We are excited to announce a new food stall near the C Block lawn. Visit us today and try our deals.,0
"Subject: Nando's Discount for Students — Show Your ID. Dear Student, present your university ID at Nando's to get 20% off on all orders this weekend.",0
"Subject: Movie Night on Campus — August 1, 2025. Join us for a free outdoor movie screening on August 1, 2025. Bring your friends and enjoy popcorn under the stars.",0
"Subject: Meeting Request — Career Counseling Session. Dear Student, a career counseling session with Daraz representatives is scheduled for May 31, 2025. Please confirm your attendance.",1
"Subject: Certification Training — PostgreSQL & Java. A sponsored training program on PostgreSQL is being offered at Airlift. Certificate provided. Register before March 15, 2025.",1
"Subject: Internship Alert: Data Analyst at Jazz. A new internship matching your profile has been posted. Requirements include TensorFlow and React. Last date to apply is January 31, 2026.",1
"Subject: HEC Need-Based Scholarship 2025. Dear Student, the Higher Education Commission is accepting applications for need-based scholarships. Eligible: students with CGPA 2.5+. Last date: March 15, 2025.",1
"Subject: Portal Maintenance Notice — August 1, 2025. The student portal will be under maintenance on August 1, 2025 from 11 PM to 2 AM. Services will be temporarily unavailable.",0
Subject: Birthday Wishes — Hamza Sheikh. Wishing a very happy birthday to our dear Hamza Sheikh! Join us for a small celebration in the common room after evening classes.,0
"Subject: Student Transport Schedule Update. Dear Students, the shuttle service route has been updated effective August 31, 2025. Please check the new timings on the portal.",0
"Subject: Campus Wi-Fi Upgrade Notice. The IT department will be upgrading the campus Wi-Fi infrastructure over the weekend. Expect intermittent connectivity on September 1, 2025.",0
"Subject: Fee Submission Deadline — April 10, 2025. Dear Student, please submit your semester fee before April 10, 2025 to avoid a late surcharge. Visit the accounts office.",0
"Subject: IEEE Programming Contest — Register by May 1, 2025. IEEE Student Branch invites you to participate in the annual programming contest. Individual and team categories available.",1
"Subject: Meeting Request — Career Counseling Session. Dear Student, a career counseling session with Bykea representatives is scheduled for August 1, 2025. Please confirm your attendance.",1
"Subject: Student Council Elections 2025 — Vote Now. Dear Student, cast your vote for your student representative. Voting is open from March 15, 2025 to January 31, 2026. Visit the portal.",0
"Subject: LUMS STEM Leadership Scholarship — Apply Now. The STEM Leadership scholarship is open for undergraduate students with financial need and strong academic record. Deadline: September 1, 2025.",1
"Subject: Fee Submission Deadline — July 15, 2025. Dear Student, please submit your semester fee before July 15, 2025 to avoid a late surcharge. Visit the accounts office.",0
"Subject: Case Competition — Netsol Technologies Business Challenge. Netsol Technologies invites CS and business students to solve a real-world problem. Team size: 3-5. Deadline: September 1, 2025.",1
"Subject: Meet Your Candidate — Ayesha Siddiqui for President. Hi everyone, I'm Ayesha Siddiqui and I'm running for Student Council President. Here's my manifesto. Your vote means everything.",0
"Subject: University Cafeteria — This Week's Menu. Dear Students, this week's special includes karahi, biryani, and fresh juices. Cafeteria timings: 8 AM to 8 PM.",0
"Subject: Electricity Outage — June 30, 2025. Please note that there will be a planned electricity outage on June 30, 2025 from 9 AM to 1 PM due to maintenance work in the main grid.",0
"Subject: Holiday Notice — Labour Day. The university will remain closed on October 15, 2025 in observance of Labour Day. All classes and labs are suspended.",0
"Subject: Paid Internship — Embedded Systems Division at Google. We invite applications from final-year students for a full-time internship starting November. Stipend: PKR 35,000/month.",1
"Subject: Google Generation Scholarship — Applications Open. Hello, Google is offering scholarships to students from underrepresented backgrounds in CS. Award: USD 1000. Apply by April 20, 2025.",1
"Subject: NASA Space Apps 2025 — Registrations Open. Dear Student, NASA Space Apps is back. Submit your project by April 10, 2025 and stand a chance to win PKR 100,000 and mentorship.",1
"Subject: Interview Invitation — Full Stack Developer at IBM. Dear Applicant, congratulations on clearing the initial screening. You are invited for a technical interview on March 15, 2025.",1
"Subject: Monthly Newsletter — July 2025. Dear Reader, in this edition we cover campus life highlights, upcoming events, faculty achievements, and student success stories.",0
"Subject: Interview Invitation — Data Analyst at Meezan Bank. Dear Applicant, congratulations on clearing the initial screening. You are invited for a technical interview on March 15, 2025.",1
"Subject: Walk-in Interview — Data Analyst at Meezan Bank. You are invited to attend a walk-in interview on April 10, 2025 at Meezan Bank office, Rawalpindi. Bring your CV and transcript.",1
Subject: Found: Student ID Card — Please Claim. A student ID card was found near the library entrance. Owner can collect it from the security office.,0
Subject: Domino's Weekend Offer — 50% Off. Don't miss our weekend pizza deal. Order online and get 50% off on all large pizzas. Offer valid till Sunday.,0
"Subject: Lost: Black JanSport Backpack — CS Department. Hi, I lost my black JanSport backpack near the CS lab on May 1, 2025. It had my charger and notebooks. Please contact if found.",0
"Subject: University Cafeteria — This Week's Menu. Dear Students, this week's special includes karahi, biryani, and fresh juices. Cafeteria timings: 8 AM to 8 PM.",0
Subject: Found: Student ID Card — Please Claim. A student ID card was found near the library entrance. Owner can collect it from the security office.,0
"Subject: Industry Workshop Invitation — Zong. You are invited to attend a professional workshop on Artificial Intelligence organized by Zong. Date: June 30, 2025. Venue: Rawalpindi.",1
"Subject: Remote Internship Opportunity — FAST NUCES. Dear Applicant, we are offering a remote internship in Embedded Systems for students in their 5th semester or above. Deadline: August 1, 2025.",1
"Subject: Fee Submission Deadline — May 1, 2025. Dear Student, please submit your semester fee before May 1, 2025 to avoid a late surcharge. Visit the accounts office.",0
"Subject: CodeFest — Register Before July 15, 2025. Hi Developer, CodeFest is now open for registration. Form a team of 2-4 and compete for cash prizes worth PKR 50,000. Theme: Machine Learning.",1
"Subject: Internship Opening at Airlift — Apply by June 10, 2025. Dear Student, we are hiring motivated undergraduates for a paid summer internship in Machine Learning. Shortlisted candidates will be contacted for an online test.",1
"Subject: Student Transport Schedule Update. Dear Students, the shuttle service route has been updated effective November 30, 2025. Please check the new timings on the portal.",0
"Subject: Scholarship Opportunity — LUMS Financial Aid 2025. Dear Student, applications for the LUMS Financial Aid are now open. Award: PKR 50,000 per semester. Minimum CGPA: 3.5. Apply by April 10, 2025.",1
"Subject: Interview Invitation — Cloud Engineer at Google. Dear Applicant, congratulations on clearing the initial screening. You are invited for a technical interview on April 1, 2025.",1
"Subject: Certification Training — Linux & AWS. A sponsored training program on Linux is being offered at Airlift. Certificate provided. Register before May 15, 2025.",1
"Subject: Iftar Deal at Campus Dhaba. Dear Students, join us for a special Iftar buffet at Rs. 200 only. Seating is limited so come early.",0
"Subject: Open Source Contributor Program — Jazz. Jazz is offering paid open-source contributions for students. Apply by September 1, 2025 with a sample PR or project link.",1
"Subject: Free Workshop: Azure Bootcamp — September 1, 2025. Dear Student, Daraz is hosting a free 2-day workshop on Azure for university students. Seats are limited — register now.",1
"Subject: McDonald's Discount for Students — Show Your ID. Dear Student, present your university ID at McDonald's to get 20% off on all orders this weekend.",0
"Subject: Monthly Newsletter — June 2025. Dear Reader, in this edition we cover campus life highlights, upcoming events, faculty achievements, and student success stories.",0
"Subject: Graduate Trainee Program — Turing 2025. Applications are open for the Turing Graduate Trainee Program. Eligible degrees: CS, SE, IT, EE. Apply by August 1, 2025.",1
"Subject: National Hackathon — AIHack. Dear Student, we invite you to participate in AIHack, hosted by Careem. Solo or team registrations open till August 31, 2025.",1
"Subject: CODEX 2.0 Hackathon Invitation. Hi, join us for a 24-hour coding competition on June 30, 2025. Open to all CS/SE students. Prizes include internship offers and cash awards.",1
"Subject: National Hackathon — IdeaHack. Dear Student, we invite you to participate in IdeaHack, hosted by Google. Solo or team registrations open till May 15, 2025.",1
"Subject: Internship Opening at FAST NUCES — Apply by February 28, 2026. Dear Student, we are hiring motivated undergraduates for a paid summer internship in Natural Language Processing. Shortlisted candidates will be contacted for an online test.",1
"Subject: LUMS Women in Tech Scholarship — Apply Now. The Women in Tech scholarship is open for undergraduate students with financial need and strong academic record. Deadline: October 15, 2025.",1
Subject: Election Results Announcement — Student Body 2025. We are pleased to announce the results of the student council elections. Thank you to all candidates who participated.,0
"Subject: Farewell Party — Final Year Batch 2025. You are cordially invited to the farewell dinner for the graduating batch of 2025. Venue: Serena Hotel. Date: June 10, 2025. Dress code: formal.",0
"Subject: Fee Submission Deadline — July 15, 2025. Dear Student, please submit your semester fee before July 15, 2025 to avoid a late surcharge. Visit the accounts office.",0
"Subject: Case Competition — Foodpanda Business Challenge. Foodpanda invites CS and business students to solve a real-world problem. Team size: 3-5. Deadline: January 31, 2026.",1
"Subject: Job Alert: Junior Cybersecurity Analyst at IBM. A new job matching your profile has been posted on our platform. Required skills: React, SQL. CGPA requirement: 2.5+.",1
"Subject: BuildItPK — Register Before November 30, 2025. Hi Developer, BuildItPK is now open for registration. Form a team of 2-4 and compete for cash prizes worth PKR 200,000. Theme: Computer Vision.",1
"Subject: University Cafeteria — This Week's Menu. Dear Students, this week's special includes karahi, biryani, and fresh juices. Cafeteria timings: 8 AM to 8 PM.",0
Subject: Domino's Weekend Offer — 50% Off. Don't miss our weekend pizza deal. Order online and get 50% off on all large pizzas. Offer valid till Sunday.,0
"Subject: Electricity Outage — May 31, 2025. Please note that there will be a planned electricity outage on May 31, 2025 from 9 AM to 1 PM due to maintenance work in the main grid.",0
"Subject: Monthly Newsletter — June 2025. Dear Reader, in this edition we cover campus life highlights, upcoming events, faculty achievements, and student success stories.",0
"Subject: Internship Alert: Data Analyst at Airlift. A new internship matching your profile has been posted. Requirements include TypeScript and Azure. Last date to apply is April 1, 2025.",1
"Subject: Google Summer of Code 2025 — Applications Open. Hello Developer, GSoC is now accepting student proposals. Work with open-source organizations and earn a stipend. Deadline: February 28, 2026.",1
"Subject: National Hackathon — AIHack. Dear Student, we invite you to participate in AIHack, hosted by Taskeen. Solo or team registrations open till August 1, 2025.",1
"Subject: HackFest 2.0 — 48 Hour Build Challenge. Registration is open for HackFest, a 48-hour national hackathon. Theme: Embedded Systems. Last date to register: August 1, 2025.",1
"Subject: Hiring: Software Engineer — Bytedance (Lahore). Bytedance is looking for a Software Engineer to join their UI/UX Design team. Fresh graduates are encouraged to apply. Last date: April 10, 2025.",1
"Subject: University Cafeteria — This Week's Menu. Dear Students, this week's special includes karahi, biryani, and fresh juices. Cafeteria timings: 8 AM to 8 PM.",0
Subject: Lost: Green Water Bottle — Gym Area. Has anyone seen a green Nalgene water bottle in the gym? Please contact me at finder@student.edu.pk if found.,0
"Subject: HackFest Elite — 48 Hour Build Challenge. Registration is open for HackFest, a 48-hour national hackathon. Theme: Embedded Systems. Last date to register: May 1, 2025.",1
"Subject: Farewell Party — Final Year Batch 2025. You are cordially invited to the farewell dinner for the graduating batch of 2025. Venue: Students' Center. Date: September 1, 2025. Dress code: formal.",0
"Subject: Full-Time Job Opening — Bytedance Lahore. Dear candidate, we are urgently hiring for the position of Cloud Engineer. Send your CV to careers@10pearls.com before July 15, 2025.",1
"Subject: Library Fine Reminder — Action Required. Dear Student, your library account has an outstanding fine of Rs. 300. Please clear the dues before the end of this week.",0
Subject: Found: Student ID Card — Please Claim. A student ID card was found near the library entrance. Owner can collect it from the security office.,0
"Subject: Fee Submission Deadline — April 20, 2025. Dear Student, please submit your semester fee before April 20, 2025 to avoid a late surcharge. Visit the accounts office.",0
"Subject: Talent Show Auditions — Sign Up Now. The annual talent show auditions are open. Participate in singing, comedy, spoken word, or dance. Last date to register: August 1, 2025.",0
Subject: Election Results Announcement — Student Body 2025. We are pleased to announce the results of the student council elections. Thank you to all candidates who participated.,0
"Subject: Fully Funded Fellowship — Google Artificial Intelligence Program. We are pleased to announce the Google Fellowship for students pursuing Artificial Intelligence. Covers tuition, stipend, and mentorship.",1
"Subject: Iftar Deal at Campus Dhaba. Dear Students, join us for a special Iftar buffet at Rs. 200 only. Seating is limited so come early.",0
"Subject: Case Competition — Shopify Business Challenge. Shopify invites CS and business students to solve a real-world problem. Team size: 3-5. Deadline: August 31, 2025.",1
"Subject: Open Source Contributor Program — Meezan Bank. Meezan Bank is offering paid open-source contributions for students. Apply by March 15, 2025 with a sample PR or project link.",1
"Subject: Campus Wi-Fi Upgrade Notice. The IT department will be upgrading the campus Wi-Fi infrastructure over the weekend. Expect intermittent connectivity on January 31, 2026.",0
"Subject: Iftar Deal at Campus Dhaba. Dear Students, join us for a special Iftar buffet at Rs. 100 only. Seating is limited so come early.",0
Subject: New Food Stall Opening — C Block Lawn. We are excited to announce a new food stall near the C Block lawn. Visit us today and try our deals.,0
"Subject: Attendance Shortage Warning. Dear Student, your attendance in EE201 has fallen below 75%. Further absences may result in debarment from the final exam.",0
"Subject: National Hackathon — BuildItPK. Dear Student, we invite you to participate in BuildItPK, hosted by IBM. Solo or team registrations open till January 31, 2026.",1
"Subject: Google Summer of Code 2025 — Applications Open. Hello Developer, GSoC is now accepting student proposals. Work with open-source organizations and earn a stipend. Deadline: April 10, 2025.",1
"Subject: Free Workshop: Kubernetes Bootcamp — October 15, 2025. Dear Student, Microsoft is hosting a free 2-day workshop on Kubernetes for university students. Seats are limited — register now.",1
"Subject: Farewell Party — Final Year Batch 2025. You are cordially invited to the farewell dinner for the graduating batch of 2025. Venue: PC Hotel Lahore. Date: May 31, 2025. Dress code: formal.",0
"Subject: Lost: Black JanSport Backpack — CS Department. Hi, I lost my black JanSport backpack near the CS lab on April 10, 2025. It had my charger and notebooks. Please contact if found.",0
"Subject: Walk-in Interview — Cloud Engineer at P@SHA. You are invited to attend a walk-in interview on May 1, 2025 at P@SHA office, Peshawar. Bring your CV and transcript.",1
"Subject: HackFest 3.0 — 48 Hour Build Challenge. Registration is open for HackFest, a 48-hour national hackathon. Theme: Cybersecurity. Last date to register: January 31, 2026.",1
"Subject: Scholarship Opportunity — Merit Excellence 2025. Dear Student, applications for the Merit Excellence are now open. Award: PKR 200,000 per semester. Minimum CGPA: 2.5. Apply by October 15, 2025.",1
"Subject: Paid Internship — Data Science Division at Turing. We invite applications from final-year students for a full-time internship starting January. Stipend: PKR 50,000/month.",1
"Subject: Certification Training — Python & Node.js. A sponsored training program on Python is being offered at Daraz. Certificate provided. Register before October 15, 2025.",1
"Subject: Blood Donation Drive — July 15, 2025. The social welfare society is organizing a blood donation camp on July 15, 2025. Donate blood, save a life. Walk-ins welcome.",0
"Subject: Full-Time Job Opening — Meta Lahore. Dear candidate, we are urgently hiring for the position of Frontend Developer. Send your CV to careers@telenor.com.pk before June 10, 2025.",1
Subject: Birthday Wishes — Bilal Raza. Wishing a very happy birthday to our dear Bilal Raza! Join us for a small celebration in the common room after evening classes.,0
"Subject: Lost: AirPods Case — Seminar Hall. I left my AirPods case (white, engraved) in the seminar hall after the event on June 30, 2025. Please DM if found.",0
"Subject: Electricity Outage — May 15, 2025. Please note that there will be a planned electricity outage on May 15, 2025 from 9 AM to 1 PM due to maintenance work in the main grid.",0
"Subject: Lost: Black JanSport Backpack — CS Department. Hi, I lost my black JanSport backpack near the CS lab on February 28, 2026. It had my charger and notebooks. Please contact if found.",0
"Subject: Jazz Summer Internship 2025 — Applications Open. Hello, Jazz is offering a 10-week internship program for BS students in Computer Science and related fields. Apply before August 1, 2025.",1
"Subject: Blood Donation Drive — June 30, 2025. The social welfare society is organizing a blood donation camp on June 30, 2025. Donate blood, save a life. Walk-ins welcome.",0
"Subject: Campus Wi-Fi Upgrade Notice. The IT department will be upgrading the campus Wi-Fi infrastructure over the weekend. Expect intermittent connectivity on March 15, 2025.",0
"Subject: Scholarship Opportunity — Merit Excellence 2025. Dear Student, applications for the Merit Excellence are now open. Award: PKR 50,000 per semester. Minimum CGPA: 3.0. Apply by May 31, 2025.",1
"Subject: Survey Request — Campus Satisfaction. Dear Student, please take 5 minutes to fill out our campus satisfaction survey. Your feedback helps us improve.",0
"Subject: Annual Sports Gala — May 1, 2025. Get ready for the Annual Sports Gala! Events include cricket, football, badminton, and table tennis. Register your team at the sports office.",0
"Subject: Lost: Black JanSport Backpack — CS Department. Hi, I lost my black JanSport backpack near the CS lab on May 31, 2025. It had my charger and notebooks. Please contact if found.",0
"Subject: Lost: AirPods Case — Seminar Hall. I left my AirPods case (white, engraved) in the seminar hall after the event on March 15, 2025. Please DM if found.",0
"Subject: HackFest 4.0 — 48 Hour Build Challenge. Registration is open for HackFest, a 48-hour national hackathon. Theme: Web Development. Last date to register: February 28, 2026.",1
"Subject: Hardee's Discount for Students — Show Your ID. Dear Student, present your university ID at Hardee's to get 20% off on all orders this weekend.",0
"Subject: Internship Alert: Backend Developer at Bykea. A new internship matching your profile has been posted. Requirements include Django and Docker. Last date to apply is August 1, 2025.",1
Subject: Lost: Green Water Bottle — Gym Area. Has anyone seen a green Nalgene water bottle in the gym? Please contact me at finder@student.edu.pk if found.,0
"Subject: Job Alert: Junior Backend Developer at Turing. A new job matching your profile has been posted on our platform. Required skills: Java, Docker. CGPA requirement: 2.8+.",1
"Subject: Google Summer of Code 2025 — Applications Open. Hello Developer, GSoC is now accepting student proposals. Work with open-source organizations and earn a stipend. Deadline: May 1, 2025.",1
"Subject: Industry Workshop Invitation — Turing. You are invited to attend a professional workshop on Blockchain organized by Turing. Date: March 15, 2025. Venue: Faisalabad.",1
"Subject: MLH Fellowship — Applications Closing January 31, 2026. The MLH Fellowship is a remote internship alternative for software engineers. Apply now and work with top open-source projects.",1
"Subject: Subway Discount for Students — Show Your ID. Dear Student, present your university ID at Subway to get 20% off on all orders this weekend.",0
"Subject: Monthly Newsletter — April 2025. Dear Reader, in this edition we cover campus life highlights, upcoming events, faculty achievements, and student success stories.",0
"Subject: Google Summer of Code 2025 — Applications Open. Hello Developer, GSoC is now accepting student proposals. Work with open-source organizations and earn a stipend. Deadline: May 15, 2025.",1
"Subject: Lost: Black JanSport Backpack — CS Department. Hi, I lost my black JanSport backpack near the CS lab on May 1, 2025. It had my charger and notebooks. Please contact if found.",0
"Subject: Meet Your Candidate — Hamza Sheikh for President. Hi everyone, I'm Hamza Sheikh and I'm running for Student Council President. Here's my manifesto. Your vote means everything.",0
Subject: Birthday Wishes — Zara Noor. Wishing a very happy birthday to our dear Zara Noor! Join us for a small celebration in the common room after evening classes.,0
"Subject: CodeFest — Register Before May 1, 2025. Hi Developer, CodeFest is now open for registration. Form a team of 2-4 and compete for cash prizes worth PKR 1,000,000. Theme: UI/UX Design.",1
"Subject: OA Test Link — Bykea Graduate Trainee. Please complete the online assessment for your application to Bykea. The test is available until July 15, 2025. Time limit: 90 minutes.",1
"Subject: IEEE Programming Contest — Register by November 30, 2025. IEEE Student Branch invites you to participate in the annual programming contest. Individual and team categories available.",1
"Subject: Industry Workshop Invitation — Foodpanda. You are invited to attend a professional workshop on Embedded Systems organized by Foodpanda. Date: January 31, 2026. Venue: Faisalabad.",1
"Subject: University Cafeteria — This Week's Menu. Dear Students, this week's special includes karahi, biryani, and fresh juices. Cafeteria timings: 8 AM to 8 PM.",0
"Subject: Google Generation Scholarship — Applications Open. Hello, Google is offering scholarships to students from underrepresented backgrounds in CS. Award: USD 1000. Apply by November 30, 2025.",1
"Subject: Attendance Shortage Warning. Dear Student, your attendance in CS301 has fallen below 75%. Further absences may result in debarment from the final exam.",0
"Subject: Lost: AirPods Case — Seminar Hall. I left my AirPods case (white, engraved) in the seminar hall after the event on April 10, 2025. Please DM if found.",0
"Subject: Walk-in Interview — Backend Developer at Telenor. You are invited to attend a walk-in interview on April 10, 2025 at Telenor office, Faisalabad. Bring your CV and transcript.",1
"Subject: Hiring: Cloud Engineer — Ignite (Islamabad). Ignite is looking for a Cloud Engineer to join their Blockchain team. Fresh graduates are encouraged to apply. Last date: May 31, 2025.",1
"Subject: National Hackathon — AIHack. Dear Student, we invite you to participate in AIHack, hosted by Careem. Solo or team registrations open till May 15, 2025.",1
"Subject: Open Source Contributor Program — Taskeen. Taskeen is offering paid open-source contributions for students. Apply by November 30, 2025 with a sample PR or project link.",1
Subject: Election Results Announcement — Student Body 2025. We are pleased to announce the results of the student council elections. Thank you to all candidates who participated.,0
Subject: Exam Schedule Updated — Please Check Portal. The updated midterm exam schedule has been posted on the portal. Please verify your paper timings.,0
"Subject: Case Competition — Taskeen Business Challenge. Taskeen invites CS and business students to solve a real-world problem. Team size: 3-5. Deadline: April 20, 2025.",1
"Subject: Book Return Reminder — Due Date: March 15, 2025. This is a reminder that the books issued to you are due for return on March 15, 2025. Late returns incur a daily fine.",0
"Subject: Graduate Trainee Program — Meta 2025. Applications are open for the Meta Graduate Trainee Program. Eligible degrees: CS, SE, IT, EE. Apply by February 28, 2026.",1
"Subject: Paid Internship — Data Science Division at Jazz. We invite applications from final-year students for a full-time internship starting January. Stipend: PKR 60,000/month.",1
"Subject: Scholarship Opportunity — Ehsaas 2025. Dear Student, applications for the Ehsaas are now open. Award: PKR 50,000 per semester. Minimum CGPA: 2.5. Apply by May 1, 2025.",1
"Subject: Farewell Party — Final Year Batch 2025. You are cordially invited to the farewell dinner for the graduating batch of 2025. Venue: Serena Hotel. Date: August 1, 2025. Dress code: formal.",0
"Subject: Open Source Contributor Program — Ignite. Ignite is offering paid open-source contributions for students. Apply by April 1, 2025 with a sample PR or project link.",1
"Subject: Student Transport Schedule Update. Dear Students, the shuttle service route has been updated effective August 31, 2025. Please check the new timings on the portal.",0
"Subject: Talent Show Auditions — Sign Up Now. The annual talent show auditions are open. Participate in singing, comedy, spoken word, or dance. Last date to register: September 1, 2025.",0
"Subject: Internship Opening at Turing — Apply by March 15, 2025. Dear Student, we are hiring motivated undergraduates for a paid summer internship in Data Science. Shortlisted candidates will be contacted for an online test.",1
"Subject: Lost: Black JanSport Backpack — CS Department. Hi, I lost my black JanSport backpack near the CS lab on August 1, 2025. It had my charger and notebooks. Please contact if found.",0
Subject: Lost: Green Water Bottle — Gym Area. Has anyone seen a green Nalgene water bottle in the gym? Please contact me at someone@gmail.com if found.,0
"Subject: Meeting Request — Career Counseling Session. Dear Student, a career counseling session with P@SHA representatives is scheduled for September 1, 2025. Please confirm your attendance.",1
"Subject: Pizza Hut Discount for Students — Show Your ID. Dear Student, present your university ID at Pizza Hut to get 20% off on all orders this weekend.",0
"Subject: Meeting Request — Career Counseling Session. Dear Student, a career counseling session with Airlift representatives is scheduled for May 15, 2025. Please confirm your attendance.",1
"Subject: Portal Maintenance Notice — January 31, 2026. The student portal will be under maintenance on January 31, 2026 from 11 PM to 2 AM. Services will be temporarily unavailable.",0
"Subject: Gym Membership Renewal — Action Required. Your campus gym membership expires on April 10, 2025. Renew online or visit the sports office to continue access.",0
"Subject: Internship Alert: ML Engineer at FAST NUCES. A new internship matching your profile has been posted. Requirements include TypeScript and Node.js. Last date to apply is June 10, 2025.",1
"Subject: Campus Wi-Fi Upgrade Notice. The IT department will be upgrading the campus Wi-Fi infrastructure over the weekend. Expect intermittent connectivity on August 1, 2025.",0
"Subject: HEC Need-Based Scholarship 2025. Dear Student, the Higher Education Commission is accepting applications for need-based scholarships. Eligible: students with CGPA 3.5+. Last date: May 1, 2025.",1
"Subject: IEEE Programming Contest — Register by February 28, 2026. IEEE Student Branch invites you to participate in the annual programming contest. Individual and team categories available.",1
Subject: Lost: Green Water Bottle — Gym Area. Has anyone seen a green Nalgene water bottle in the gym? Please contact me at someone@gmail.com if found.,0
Subject: Exam Schedule Updated — Please Check Portal. The updated midterm exam schedule has been posted on the portal. Please verify your paper timings.,0
"Subject: Student Transport Schedule Update. Dear Students, the shuttle service route has been updated effective August 1, 2025. Please check the new timings on the portal.",0
"Subject: Scholarship Opportunity — LUMS Financial Aid 2025. Dear Student, applications for the LUMS Financial Aid are now open. Award: PKR 150,000 per semester. Minimum CGPA: 2.5. Apply by June 30, 2025.",1
"Subject: Attendance Shortage Warning. Dear Student, your attendance in CS201 has fallen below 75%. Further absences may result in debarment from the final exam.",0
"Subject: Internship Opening at Jazz — Apply by August 31, 2025. Dear Student, we are hiring motivated undergraduates for a paid summer internship in Blockchain. Shortlisted candidates will be contacted for an online test.",1
"Subject: LUMS LUMS Financial Aid Scholarship — Apply Now. The LUMS Financial Aid scholarship is open for undergraduate students with financial need and strong academic record. Deadline: February 28, 2026.",1
"Subject: Nando's Discount for Students — Show Your ID. Dear Student, present your university ID at Nando's to get 20% off on all orders this weekend.",0
"Subject: Internship Opening at Microsoft — Apply by October 15, 2025. Dear Student, we are hiring motivated undergraduates for a paid summer internship in Machine Learning. Shortlisted candidates will be contacted for an online test.",1
"Subject: Student Transport Schedule Update. Dear Students, the shuttle service route has been updated effective February 28, 2026. Please check the new timings on the portal.",0
"Subject: Open Source Contributor Program — Google. Google is offering paid open-source contributions for students. Apply by May 15, 2025 with a sample PR or project link.",1
"Subject: Hiring: Research Assistant — Techlogix (Faisalabad). Techlogix is looking for a Research Assistant to join their Artificial Intelligence team. Fresh graduates are encouraged to apply. Last date: February 28, 2026.",1
"Subject: Meeting Request — Career Counseling Session. Dear Student, a career counseling session with Techlogix representatives is scheduled for January 31, 2026. Please confirm your attendance.",1
"Subject: Fully Funded Fellowship — Jazz Machine Learning Program. We are pleased to announce the Jazz Fellowship for students pursuing Machine Learning. Covers tuition, stipend, and mentorship.",1
Subject: Exam Schedule Updated — Please Check Portal. The updated midterm exam schedule has been posted on the portal. Please verify your paper timings.,0
"Subject: MLH Fellowship — Applications Closing July 15, 2025. The MLH Fellowship is a remote internship alternative for software engineers. Apply now and work with top open-source projects.",1
"Subject: IEEE Programming Contest — Register by January 31, 2026. IEEE Student Branch invites you to participate in the annual programming contest. Individual and team categories available.",1
Subject: Found: Student ID Card — Please Claim. A student ID card was found near the library entrance. Owner can collect it from the security office.,0
"Subject: CODEX 3.0 Hackathon Invitation. Hi, join us for a 24-hour coding competition on June 10, 2025. Open to all CS/SE students. Prizes include internship offers and cash awards.",1
"Subject: Graduate Trainee Program — Ignite 2025. Applications are open for the Ignite Graduate Trainee Program. Eligible degrees: CS, SE, IT, EE. Apply by June 10, 2025.",1
"Subject: Meet Your Candidate — Zara Noor for President. Hi everyone, I'm Zara Noor and I'm running for Student Council President. Here's my manifesto. Your vote means everything.",0
"Subject: Talent Show Auditions — Sign Up Now. The annual talent show auditions are open. Participate in singing, comedy, spoken word, or dance. Last date to register: May 31, 2025.",0
Subject: Lost: Green Water Bottle — Gym Area. Has anyone seen a green Nalgene water bottle in the gym? Please contact me at someone@gmail.com if found.,0
Subject: Birthday Wishes — Hamza Sheikh. Wishing a very happy birthday to our dear Hamza Sheikh! Join us for a small celebration in the common room after evening classes.,0
"Subject: Campus Wi-Fi Upgrade Notice. The IT department will be upgrading the campus Wi-Fi infrastructure over the weekend. Expect intermittent connectivity on January 31, 2026.",0
"Subject: CODEX 5.0 Hackathon Invitation. Hi, join us for a 24-hour coding competition on October 15, 2025. Open to all CS/SE students. Prizes include internship offers and cash awards.",1
Subject: Found: Student ID Card — Please Claim. A student ID card was found near the library entrance. Owner can collect it from the security office.,0
"Subject: Fee Submission Deadline — November 30, 2025. Dear Student, please submit your semester fee before November 30, 2025 to avoid a late surcharge. Visit the accounts office.",0
"Subject: Remote Internship Opportunity — Bytedance. Dear Applicant, we are offering a remote internship in Embedded Systems for students in their 5th semester or above. Deadline: November 30, 2025.",1
"Subject: HackFest 5.0 — 48 Hour Build Challenge. Registration is open for HackFest, a 48-hour national hackathon. Theme: Computer Vision. Last date to register: October 15, 2025.",1
"Subject: Paid Internship — Data Science Division at Google. We invite applications from final-year students for a full-time internship starting August. Stipend: PKR 40,000/month.",1
"Subject: Lost: AirPods Case — Seminar Hall. I left my AirPods case (white, engraved) in the seminar hall after the event on February 28, 2026. Please DM if found.",0
"Subject: Debate Competition — Student Council Candidates. Watch the candidates debate live on March 15, 2025 in the auditorium. All students are welcome to attend.",0
"Subject: Gym Membership Renewal — Action Required. Your campus gym membership expires on April 10, 2025. Renew online or visit the sports office to continue access.",0
"Subject: Holiday Notice — Independence Day. The university will remain closed on October 15, 2025 in observance of Independence Day. All classes and labs are suspended.",0
"Subject: Job Alert: Junior Research Assistant at Foodpanda. A new job matching your profile has been posted on our platform. Required skills: Node.js, Python. CGPA requirement: 3.5+.",1
Subject: New Food Stall Opening — C Block Lawn. We are excited to announce a new food stall near the C Block lawn. Visit us today and try our deals.,0
Subject: Domino's Weekend Offer — 50% Off. Don't miss our weekend pizza deal. Order online and get 50% off on all large pizzas. Offer valid till Sunday.,0
"Subject: Holiday Notice — Eid-ul-Fitr. The university will remain closed on June 10, 2025 in observance of Eid-ul-Fitr. All classes and labs are suspended.",0
"Subject: Google NexaThon 2025 — Applications Open. Hello Developer, NexaThon is now accepting applications. Build something impactful and win exciting prizes. Deadline: October 15, 2025.",1
Subject: Election Results Announcement — Student Body 2025. We are pleased to announce the results of the student council elections. Thank you to all candidates who participated.,0
"Subject: Google Kickstart 2025 — Registrations Open. Dear Student, Google Kickstart is back. Submit your project by September 1, 2025 and stand a chance to win PKR 200,000 and mentorship.",1
"Subject: Student Transport Schedule Update. Dear Students, the shuttle service route has been updated effective August 1, 2025. Please check the new timings on the portal.",0
"Subject: HackPSX — Register Before January 31, 2026. Hi Developer, HackPSX is now open for registration. Form a team of 2-4 and compete for cash prizes worth PKR 500,000. Theme: Blockchain.",1
"Subject: Full-Time Job Opening — Telenor Lahore. Dear candidate, we are urgently hiring for the position of Backend Developer. Send your CV to careers@10pearls.com before January 31, 2026.",1
"Subject: Job Alert: Junior QA Engineer at PTCL. A new job matching your profile has been posted on our platform. Required skills: C++, TensorFlow. CGPA requirement: 3.5+.",1
"Subject: Lost: AirPods Case — Seminar Hall. I left my AirPods case (white, engraved) in the seminar hall after the event on November 30, 2025. Please DM if found.",0
"Subject: Monthly Newsletter — January 2025. Dear Reader, in this edition we cover campus life highlights, upcoming events, faculty achievements, and student success stories.",0
"Subject: Full-Time Job Opening — Foodpanda Lahore. Dear candidate, we are urgently hiring for the position of DevOps Engineer. Send your CV to careers@telenor.com.pk before May 31, 2025.",1
"Subject: Annual Sports Gala — May 1, 2025. Get ready for the Annual Sports Gala! Events include cricket, football, badminton, and table tennis. Register your team at the sports office.",0
"Subject: Telenor Summer Internship 2025 — Applications Open. Hello, Telenor is offering a 10-week internship program for BS students in Computer Science and related fields. Apply before April 20, 2025.",1
"Subject: Scholarship Opportunity — Merit Excellence 2025. Dear Student, applications for the Merit Excellence are now open. Award: PKR 1,000,000 per semester. Minimum CGPA: 2.5. Apply by May 31, 2025.",1
"Subject: Book Return Reminder — Due Date: May 1, 2025. This is a reminder that the books issued to you are due for return on May 1, 2025. Late returns incur a daily fine.",0
"Subject: Holiday Notice — Allama Iqbal Day. The university will remain closed on January 31, 2026 in observance of Allama Iqbal Day. All classes and labs are suspended.",0
"Subject: Gym Membership Renewal — Action Required. Your campus gym membership expires on March 15, 2025. Renew online or visit the sports office to continue access.",0
"Subject: ICPC Regional 2025 — Registrations Open. Dear Student, ICPC Regional is back. Submit your project by April 20, 2025 and stand a chance to win PKR 1,000,000 and mentorship.",1
"Subject: Case Competition — Airlift Business Challenge. Airlift invites CS and business students to solve a real-world problem. Team size: 3-5. Deadline: August 31, 2025.",1
"Subject: Paid Internship — Computer Vision Division at Microsoft. We invite applications from final-year students for a full-time internship starting April. Stipend: PKR 25,000/month.",1
"Subject: Industry Workshop Invitation — Amazon. You are invited to attend a professional workshop on Machine Learning organized by Amazon. Date: April 1, 2025. Venue: Faisalabad.",1
"Subject: Fully Funded Fellowship — Google Machine Learning Program. We are pleased to announce the Google Fellowship for students pursuing Machine Learning. Covers tuition, stipend, and mentorship.",1
"Subject: Meet Your Candidate — Sara Ahmed for President. Hi everyone, I'm Sara Ahmed and I'm running for Student Council President. Here's my manifesto. Your vote means everything.",0
"Subject: Case Competition — Daraz Business Challenge. Daraz invites CS and business students to solve a real-world problem. Team size: 3-5. Deadline: June 30, 2025.",1
"Subject: Student Council Elections 2025 — Vote Now. Dear Student, cast your vote for your student representative. Voting is open from May 31, 2025 to June 10, 2025. Visit the portal.",0
"Subject: Case Competition — Ignite Business Challenge. Ignite invites CS and business students to solve a real-world problem. Team size: 3-5. Deadline: May 31, 2025.",1
"Subject: University Cafeteria — This Week's Menu. Dear Students, this week's special includes karahi, biryani, and fresh juices. Cafeteria timings: 8 AM to 8 PM.",0
"Subject: CODEX 4.0 Hackathon Invitation. Hi, join us for a 24-hour coding competition on February 28, 2026. Open to all CS/SE students. Prizes include internship offers and cash awards.",1
"Subject: Talent Show Auditions — Sign Up Now. The annual talent show auditions are open. Participate in singing, comedy, spoken word, or dance. Last date to register: May 15, 2025.",0
"Subject: Internship Opening at PTCL — Apply by June 30, 2025. Dear Student, we are hiring motivated undergraduates for a paid summer internship in Cybersecurity. Shortlisted candidates will be contacted for an online test.",1
"Subject: Scholarship Opportunity — HEC Undergraduate 2025. Dear Student, applications for the HEC Undergraduate are now open. Award: PKR 50,000 per semester. Minimum CGPA: 3.0. Apply by September 1, 2025.",1
"Subject: National Hackathon — NexaThon. Dear Student, we invite you to participate in NexaThon, hosted by Microsoft. Solo or team registrations open till October 15, 2025.",1
"Subject: National Hackathon — TechStorm. Dear Student, we invite you to participate in TechStorm, hosted by FAST NUCES. Solo or team registrations open till April 10, 2025.",1
"Subject: Full-Time Job Opening — Systems Limited Lahore. Dear candidate, we are urgently hiring for the position of Cybersecurity Analyst. Send your CV to careers@systemslimited.com before April 10, 2025.",1
"Subject: OA Test Link — P@SHA Graduate Trainee. Please complete the online assessment for your application to P@SHA. The test is available until July 15, 2025. Time limit: 90 minutes.",1
"Subject: Paid Internship — Blockchain Division at PTCL. We invite applications from final-year students for a full-time internship starting January. Stipend: PKR 30,000/month.",1
"Subject: Graduate Trainee Program — Techlogix 2025. Applications are open for the Techlogix Graduate Trainee Program. Eligible degrees: CS, SE, IT, EE. Apply by May 1, 2025.",1
"Subject: Google Summer of Code 2025 — Applications Open. Hello Developer, GSoC is now accepting student proposals. Work with open-source organizations and earn a stipend. Deadline: April 20, 2025.",1
"Subject: Holiday Notice — Allama Iqbal Day. The university will remain closed on September 1, 2025 in observance of Allama Iqbal Day. All classes and labs are suspended.",0
"Subject: Hiring: Data Analyst — P@SHA (Faisalabad). P@SHA is looking for a Data Analyst to join their Machine Learning team. Fresh graduates are encouraged to apply. Last date: June 30, 2025.",1
"Subject: Movie Night on Campus — May 1, 2025. Join us for a free outdoor movie screening on May 1, 2025. Bring your friends and enjoy popcorn under the stars.",0
"Subject: Full-Time Job Opening — HBL Lahore. Dear candidate, we are urgently hiring for the position of Mobile Developer. Send your CV to careers@jazz.com.pk before May 31, 2025.",1
"Subject: Talent Show Auditions — Sign Up Now. The annual talent show auditions are open. Participate in singing, comedy, spoken word, or dance. Last date to register: August 31, 2025.",0
"Subject: Student Council Elections 2025 — Vote Now. Dear Student, cast your vote for your student representative. Voting is open from April 1, 2025 to August 1, 2025. Visit the portal.",0
"Subject: Google Summer of Code 2025 — Applications Open. Hello Developer, GSoC is now accepting student proposals. Work with open-source organizations and earn a stipend. Deadline: June 30, 2025.",1
Subject: New Food Stall Opening — C Block Lawn. We are excited to announce a new food stall near the C Block lawn. Visit us today and try our deals.,0
"Subject: Internship Opening at 10Pearls — Apply by September 1, 2025. Dear Student, we are hiring motivated undergraduates for a paid summer internship in Cybersecurity. Shortlisted candidates will be contacted for an online test.",1
"Subject: Student Council Elections 2025 — Vote Now. Dear Student, cast your vote for your student representative. Voting is open from May 15, 2025 to March 15, 2025. Visit the portal.",0
"Subject: Internship Alert: Cybersecurity Analyst at Bykea. A new internship matching your profile has been posted. Requirements include Linux and AWS. Last date to apply is April 20, 2025.",1
"Subject: Fee Submission Deadline — April 1, 2025. Dear Student, please submit your semester fee before April 1, 2025 to avoid a late surcharge. Visit the accounts office.",0
Subject: New Food Stall Opening — C Block Lawn. We are excited to announce a new food stall near the C Block lawn. Visit us today and try our deals.,0
"Subject: Subway Discount for Students — Show Your ID. Dear Student, present your university ID at Subway to get 20% off on all orders this weekend.",0
"Subject: Job Alert: Junior Frontend Developer at Daraz. A new job matching your profile has been posted on our platform. Required skills: PostgreSQL, Git. CGPA requirement: 2.5+.",1
"Subject: Lost: Black JanSport Backpack — CS Department. Hi, I lost my black JanSport backpack near the CS lab on May 31, 2025. It had my charger and notebooks. Please contact if found.",0
"Subject: Electricity Outage — April 20, 2025. Please note that there will be a planned electricity outage on April 20, 2025 from 9 AM to 1 PM due to maintenance work in the main grid.",0
"Subject: Google Summer of Code 2025 — Applications Open. Hello Developer, GSoC is now accepting student proposals. Work with open-source organizations and earn a stipend. Deadline: September 1, 2025.",1
"Subject: Fee Submission Deadline — October 15, 2025. Dear Student, please submit your semester fee before October 15, 2025 to avoid a late surcharge. Visit the accounts office.",0
"Subject: HEC Need-Based Scholarship 2025. Dear Student, the Higher Education Commission is accepting applications for need-based scholarships. Eligible: students with CGPA 3.5+. Last date: June 10, 2025.",1
Subject: Exam Schedule Updated — Please Check Portal. The updated midterm exam schedule has been posted on the portal. Please verify your paper timings.,0
"Subject: Student Council Elections 2025 — Vote Now. Dear Student, cast your vote for your student representative. Voting is open from November 30, 2025 to March 15, 2025. Visit the portal.",0
"Subject: Interview Invitation — Mobile Developer at Shopify. Dear Applicant, congratulations on clearing the initial screening. You are invited for a technical interview on February 28, 2026.",1
"Subject: Lost: Black JanSport Backpack — CS Department. Hi, I lost my black JanSport backpack near the CS lab on January 31, 2026. It had my charger and notebooks. Please contact if found.",0
"Subject: MLH Fellowship — Applications Closing March 15, 2025. The MLH Fellowship is a remote internship alternative for software engineers. Apply now and work with top open-source projects.",1
"Subject: Movie Night on Campus — April 1, 2025. Join us for a free outdoor movie screening on April 1, 2025. Bring your friends and enjoy popcorn under the stars.",0
"Subject: Campus Wi-Fi Upgrade Notice. The IT department will be upgrading the campus Wi-Fi infrastructure over the weekend. Expect intermittent connectivity on June 10, 2025.",0
"Subject: Graduate Trainee Program — Shopify 2025. Applications are open for the Shopify Graduate Trainee Program. Eligible degrees: CS, SE, IT, EE. Apply by November 30, 2025.",1
"Subject: Internship Alert: Mobile Developer at Bytedance. A new internship matching your profile has been posted. Requirements include React and TensorFlow. Last date to apply is April 1, 2025.",1
"Subject: OA Test Link — LUMS Graduate Trainee. Please complete the online assessment for your application to LUMS. The test is available until June 30, 2025. Time limit: 90 minutes.",1
"Subject: Book Return Reminder — Due Date: August 1, 2025. This is a reminder that the books issued to you are due for return on August 1, 2025. Late returns incur a daily fine.",0
Subject: Domino's Weekend Offer — 50% Off. Don't miss our weekend pizza deal. Order online and get 50% off on all large pizzas. Offer valid till Sunday.,0
"Subject: LUMS Summer Internship 2025 — Applications Open. Hello, LUMS is offering a 10-week internship program for BS students in Computer Science and related fields. Apply before July 15, 2025.",1
"Subject: Blood Donation Drive — April 10, 2025. The social welfare society is organizing a blood donation camp on April 10, 2025. Donate blood, save a life. Walk-ins welcome.",0
"Subject: Student Transport Schedule Update. Dear Students, the shuttle service route has been updated effective January 31, 2026. Please check the new timings on the portal.",0
"Subject: Lost: AirPods Case — Seminar Hall. I left my AirPods case (white, engraved) in the seminar hall after the event on March 15, 2025. Please DM if found.",0
"Subject: Certification Training — Java & AWS. A sponsored training program on Java is being offered at LUMS. Certificate provided. Register before October 15, 2025.",1
"Subject: Google Kickstart 2025 — Registrations Open. Dear Student, Google Kickstart is back. Submit your project by August 31, 2025 and stand a chance to win PKR 100,000 and mentorship.",1
"Subject: Survey Request — Campus Satisfaction. Dear Student, please take 5 minutes to fill out our campus satisfaction survey. Your feedback helps us improve.",0
"Subject: Paid Internship — Mobile Development Division at Bykea. We invite applications from final-year students for a full-time internship starting December. Stipend: PKR 35,000/month.",1
"Subject: MLH Fellowship — Applications Closing April 1, 2025. The MLH Fellowship is a remote internship alternative for software engineers. Apply now and work with top open-source projects.",1
"Subject: National Hackathon — DevSprint. Dear Student, we invite you to participate in DevSprint, hosted by Jazz. Solo or team registrations open till May 31, 2025.",1
"Subject: Open Source Contributor Program — Amazon. Amazon is offering paid open-source contributions for students. Apply by July 15, 2025 with a sample PR or project link.",1
"Subject: Open Source Contributor Program — Netsol Technologies. Netsol Technologies is offering paid open-source contributions for students. Apply by May 1, 2025 with a sample PR or project link.",1
"Subject: Library Fine Reminder — Action Required. Dear Student, your library account has an outstanding fine of Rs. 350. Please clear the dues before the end of this week.",0
"Subject: Case Competition — Shopify Business Challenge. Shopify invites CS and business students to solve a real-world problem. Team size: 3-5. Deadline: February 28, 2026.",1
"Subject: IEEE Programming Contest — Register by June 10, 2025. IEEE Student Branch invites you to participate in the annual programming contest. Individual and team categories available.",1
"Subject: Full-Time Job Opening — Turing Lahore. Dear candidate, we are urgently hiring for the position of Product Manager. Send your CV to careers@techlogix.com before June 30, 2025.",1
"Subject: Farewell Party — Final Year Batch 2025. You are cordially invited to the farewell dinner for the graduating batch of 2025. Venue: PC Hotel Lahore. Date: April 1, 2025. Dress code: formal.",0
"Subject: Case Competition — Jazz Business Challenge. Jazz invites CS and business students to solve a real-world problem. Team size: 3-5. Deadline: April 10, 2025.",1
"Subject: Industry Workshop Invitation — Microsoft. You are invited to attend a professional workshop on Mobile Development organized by Microsoft. Date: April 20, 2025. Venue: Lahore.",1
"Subject: Graduate Trainee Program — Techlogix 2025. Applications are open for the Techlogix Graduate Trainee Program. Eligible degrees: CS, SE, IT, EE. Apply by May 31, 2025.",1
Subject: Found: Student ID Card — Please Claim. A student ID card was found near the library entrance. Owner can collect it from the security office.,0
"Subject: Library Fine Reminder — Action Required. Dear Student, your library account has an outstanding fine of Rs. 350. Please clear the dues before the end of this week.",0
"Subject: Fee Submission Deadline — May 15, 2025. Dear Student, please submit your semester fee before May 15, 2025 to avoid a late surcharge. Visit the accounts office.",0
"Subject: Blood Donation Drive — July 15, 2025. The social welfare society is organizing a blood donation camp on July 15, 2025. Donate blood, save a life. Walk-ins welcome.",0
Subject: Election Results Announcement — Student Body 2025. We are pleased to announce the results of the student council elections. Thank you to all candidates who participated.,0
"Subject: Google Summer of Code 2025 — Applications Open. Hello Developer, GSoC is now accepting student proposals. Work with open-source organizations and earn a stipend. Deadline: February 28, 2026.",1
"Subject: CODEX X Hackathon Invitation. Hi, join us for a 24-hour coding competition on May 15, 2025. Open to all CS/SE students. Prizes include internship offers and cash awards.",1
"Subject: Meeting Request — Career Counseling Session. Dear Student, a career counseling session with LUMS representatives is scheduled for October 15, 2025. Please confirm your attendance.",1
"Subject: Gym Membership Renewal — Action Required. Your campus gym membership expires on October 15, 2025. Renew online or visit the sports office to continue access.",0
"Subject: Electricity Outage — August 1, 2025. Please note that there will be a planned electricity outage on August 1, 2025 from 9 AM to 1 PM due to maintenance work in the main grid.",0
"Subject: Paid Internship — Cloud Computing Division at Turing. We invite applications from final-year students for a full-time internship starting October. Stipend: PKR 25,000/month.",1
"Subject: Monthly Newsletter — October 2025. Dear Reader, in this edition we cover campus life highlights, upcoming events, faculty achievements, and student success stories.",0
"Subject: Student Transport Schedule Update. Dear Students, the shuttle service route has been updated effective June 10, 2025. Please check the new timings on the portal.",0
"Subject: Portal Maintenance Notice — June 10, 2025. The student portal will be under maintenance on June 10, 2025 from 11 PM to 2 AM. Services will be temporarily unavailable.",0
"Subject: Google Kickstart 2025 — Registrations Open. Dear Student, Google Kickstart is back. Submit your project by November 30, 2025 and stand a chance to win PKR 500,000 and mentorship.",1
"Subject: Lost: AirPods Case — Seminar Hall. I left my AirPods case (white, engraved) in the seminar hall after the event on May 31, 2025. Please DM if found.",0
"Subject: Campus Wi-Fi Upgrade Notice. The IT department will be upgrading the campus Wi-Fi infrastructure over the weekend. Expect intermittent connectivity on June 30, 2025.",0
"Subject: Holiday Notice — Eid-ul-Fitr. The university will remain closed on May 15, 2025 in observance of Eid-ul-Fitr. All classes and labs are suspended.",0
"Subject: Meeting Request — Career Counseling Session. Dear Student, a career counseling session with IBM representatives is scheduled for November 30, 2025. Please confirm your attendance.",1
"Subject: LUMS LUMS Financial Aid Scholarship — Apply Now. The LUMS Financial Aid scholarship is open for undergraduate students with financial need and strong academic record. Deadline: June 10, 2025.",1
Subject: Lost: Green Water Bottle — Gym Area. Has anyone seen a green Nalgene water bottle in the gym? Please contact me at someone@gmail.com if found.,0
"Subject: Aptitude Test Scheduled — Bykea. Your application for the Cybersecurity Analyst position has been shortlisted. Aptitude test scheduled for April 1, 2025 at 3:00 PM.",1
"Subject: HackFest Elite — 48 Hour Build Challenge. Registration is open for HackFest, a 48-hour national hackathon. Theme: Machine Learning. Last date to register: April 20, 2025.",1
"Subject: Meeting Request — Career Counseling Session. Dear Student, a career counseling session with Stripe representatives is scheduled for September 1, 2025. Please confirm your attendance.",1
"Subject: OA Test Link — Bykea Graduate Trainee. Please complete the online assessment for your application to Bykea. The test is available until August 1, 2025. Time limit: 90 minutes.",1
"Subject: Google Summer of Code 2025 — Applications Open. Hello Developer, GSoC is now accepting student proposals. Work with open-source organizations and earn a stipend. Deadline: January 31, 2026.",1
"Subject: University Cafeteria — This Week's Menu. Dear Students, this week's special includes karahi, biryani, and fresh juices. Cafeteria timings: 8 AM to 8 PM.",0
"Subject: University Cafeteria — This Week's Menu. Dear Students, this week's special includes karahi, biryani, and fresh juices. Cafeteria timings: 8 AM to 8 PM.",0
"Subject: Remote Internship Opportunity — Daraz. Dear Applicant, we are offering a remote internship in Data Science for students in their 5th semester or above. Deadline: February 28, 2026.",1
"Subject: Google Summer of Code 2025 — Applications Open. Hello Developer, GSoC is now accepting student proposals. Work with open-source organizations and earn a stipend. Deadline: May 15, 2025.",1
"Subject: Remote Internship Opportunity — Arbisoft. Dear Applicant, we are offering a remote internship in Cloud Computing for students in their 5th semester or above. Deadline: July 15, 2025.",1
"Subject: IEEE Programming Contest — Register by May 31, 2025. IEEE Student Branch invites you to participate in the annual programming contest. Individual and team categories available.",1
"Subject: Graduate Trainee Program — Bykea 2025. Applications are open for the Bykea Graduate Trainee Program. Eligible degrees: CS, SE, IT, EE. Apply by September 1, 2025.",1
"Subject: Book Return Reminder — Due Date: February 28, 2026. This is a reminder that the books issued to you are due for return on February 28, 2026. Late returns incur a daily fine.",0
"Subject: Library Fine Reminder — Action Required. Dear Student, your library account has an outstanding fine of Rs. 100. Please clear the dues before the end of this week.",0
"Subject: Interview Invitation — QA Engineer at Daraz. Dear Applicant, congratulations on clearing the initial screening. You are invited for a technical interview on July 15, 2025.",1
Subject: Domino's Weekend Offer — 50% Off. Don't miss our weekend pizza deal. Order online and get 50% off on all large pizzas. Offer valid till Sunday.,0
"Subject: Book Return Reminder — Due Date: May 31, 2025. This is a reminder that the books issued to you are due for return on May 31, 2025. Late returns incur a daily fine.",0
"Subject: Attendance Shortage Warning. Dear Student, your attendance in SE301 has fallen below 75%. Further absences may result in debarment from the final exam.",0
Subject: New Food Stall Opening — C Block Lawn. We are excited to announce a new food stall near the C Block lawn. Visit us today and try our deals.,0
"Subject: Case Competition — Stripe Business Challenge. Stripe invites CS and business students to solve a real-world problem. Team size: 3-5. Deadline: July 15, 2025.",1
Subject: Birthday Wishes — Usman Malik. Wishing a very happy birthday to our dear Usman Malik! Join us for a small celebration in the common room after evening classes.,0
"Subject: IEEE Programming Contest — Register by August 31, 2025. IEEE Student Branch invites you to participate in the annual programming contest. Individual and team categories available.",1
Subject: Exam Schedule Updated — Please Check Portal. The updated midterm exam schedule has been posted on the portal. Please verify your paper timings.,0
"Subject: Gym Membership Renewal — Action Required. Your campus gym membership expires on June 10, 2025. Renew online or visit the sports office to continue access.",0
"Subject: Survey Request — Campus Satisfaction. Dear Student, please take 5 minutes to fill out our campus satisfaction survey. Your feedback helps us improve.",0
"Subject: Fee Submission Deadline — February 28, 2026. Dear Student, please submit your semester fee before February 28, 2026 to avoid a late surcharge. Visit the accounts office.",0
"Subject: HEC Need-Based Scholarship 2025. Dear Student, the Higher Education Commission is accepting applications for need-based scholarships. Eligible: students with CGPA 3.5+. Last date: April 10, 2025.",1
"Subject: Lost: Black JanSport Backpack — CS Department. Hi, I lost my black JanSport backpack near the CS lab on October 15, 2025. It had my charger and notebooks. Please contact if found.",0
"Subject: Talent Show Auditions — Sign Up Now. The annual talent show auditions are open. Participate in singing, comedy, spoken word, or dance. Last date to register: May 31, 2025.",0
"Subject: Fee Submission Deadline — June 30, 2025. Dear Student, please submit your semester fee before June 30, 2025 to avoid a late surcharge. Visit the accounts office.",0
Subject: Domino's Weekend Offer — 50% Off. Don't miss our weekend pizza deal. Order online and get 50% off on all large pizzas. Offer valid till Sunday.,0
Subject: Birthday Wishes — Sara Ahmed. Wishing a very happy birthday to our dear Sara Ahmed! Join us for a small celebration in the common room after evening classes.,0
"Subject: Campus Wi-Fi Upgrade Notice. The IT department will be upgrading the campus Wi-Fi infrastructure over the weekend. Expect intermittent connectivity on May 1, 2025.",0
"Subject: Blood Donation Drive — July 15, 2025. The social welfare society is organizing a blood donation camp on July 15, 2025. Donate blood, save a life. Walk-ins welcome.",0
"Subject: Library Fine Reminder — Action Required. Dear Student, your library account has an outstanding fine of Rs. 500. Please clear the dues before the end of this week.",0
"Subject: Full-Time Job Opening — Amazon Lahore. Dear candidate, we are urgently hiring for the position of Business Analyst. Send your CV to careers@10pearls.com before May 31, 2025.",1
"Subject: Walk-in Interview — Full Stack Developer at Amazon. You are invited to attend a walk-in interview on April 10, 2025 at Amazon office, Peshawar. Bring your CV and transcript.",1
"Subject: Annual Sports Gala — May 1, 2025. Get ready for the Annual Sports Gala! Events include cricket, football, badminton, and table tennis. Register your team at the sports office.",0
"Subject: Walk-in Interview — Backend Developer at Daraz. You are invited to attend a walk-in interview on May 15, 2025 at Daraz office, Peshawar. Bring your CV and transcript.",1
"Subject: Meet Your Candidate — Sara Ahmed for President. Hi everyone, I'm Sara Ahmed and I'm running for Student Council President. Here's my manifesto. Your vote means everything.",0
"Subject: Debate Competition — Student Council Candidates. Watch the candidates debate live on January 31, 2026 in the auditorium. All students are welcome to attend.",0
"Subject: OA Test Link — IBM Graduate Trainee. Please complete the online assessment for your application to IBM. The test is available until June 10, 2025. Time limit: 90 minutes.",1
"Subject: Book Return Reminder — Due Date: November 30, 2025. This is a reminder that the books issued to you are due for return on November 30, 2025. Late returns incur a daily fine.",0
"Subject: MLH Fellowship — Applications Closing August 31, 2025. The MLH Fellowship is a remote internship alternative for software engineers. Apply now and work with top open-source projects.",1
"Subject: Meet Your Candidate — Usman Malik for President. Hi everyone, I'm Usman Malik and I'm running for Student Council President. Here's my manifesto. Your vote means everything.",0
"Subject: HEC Need-Based Scholarship 2025. Dear Student, the Higher Education Commission is accepting applications for need-based scholarships. Eligible: students with CGPA 3.5+. Last date: June 10, 2025.",1
"Subject: Scholarship Opportunity — STEM Leadership 2025. Dear Student, applications for the STEM Leadership are now open. Award: PKR 500,000 per semester. Minimum CGPA: 2.5. Apply by June 30, 2025.",1
"Subject: Hiring: Business Analyst — Daraz (Karachi). Daraz is looking for a Business Analyst to join their Artificial Intelligence team. Fresh graduates are encouraged to apply. Last date: August 31, 2025.",1
Subject: New Food Stall Opening — C Block Lawn. We are excited to announce a new food stall near the C Block lawn. Visit us today and try our deals.,0
"Subject: Debate Competition — Student Council Candidates. Watch the candidates debate live on April 1, 2025 in the auditorium. All students are welcome to attend.",0
"Subject: Portal Maintenance Notice — August 1, 2025. The student portal will be under maintenance on August 1, 2025 from 11 PM to 2 AM. Services will be temporarily unavailable.",0
"Subject: Case Competition — Shopify Business Challenge. Shopify invites CS and business students to solve a real-world problem. Team size: 3-5. Deadline: April 10, 2025.",1
"Subject: Student Transport Schedule Update. Dear Students, the shuttle service route has been updated effective April 20, 2025. Please check the new timings on the portal.",0
"Subject: Remote Internship Opportunity — Foodpanda. Dear Applicant, we are offering a remote internship in Web Development for students in their 5th semester or above. Deadline: June 10, 2025.",1
"Subject: National Hackathon — DevSprint. Dear Student, we invite you to participate in DevSprint, hosted by Shopify. Solo or team registrations open till February 28, 2026.",1
"Subject: Free Workshop: SQL Bootcamp — August 1, 2025. Dear Student, Stripe is hosting a free 2-day workshop on SQL for university students. Seats are limited — register now.",1
Subject: Domino's Weekend Offer — 50% Off. Don't miss our weekend pizza deal. Order online and get 50% off on all large pizzas. Offer valid till Sunday.,0
"Subject: Graduate Trainee Program — PTCL 2025. Applications are open for the PTCL Graduate Trainee Program. Eligible degrees: CS, SE, IT, EE. Apply by August 31, 2025.",1
"Subject: Student Transport Schedule Update. Dear Students, the shuttle service route has been updated effective August 31, 2025. Please check the new timings on the portal.",0
"Subject: HackFest 3.0 — 48 Hour Build Challenge. Registration is open for HackFest, a 48-hour national hackathon. Theme: Mobile Development. Last date to register: April 1, 2025.",1
"Subject: Microsoft Summer Internship 2025 — Applications Open. Hello, Microsoft is offering a 16-week internship program for BS students in Computer Science and related fields. Apply before April 1, 2025.",1
"Subject: Remote Internship Opportunity — Netsol Technologies. Dear Applicant, we are offering a remote internship in Natural Language Processing for students in their 5th semester or above. Deadline: March 15, 2025.",1
"Subject: Job Alert: Junior Product Manager at 10Pearls. A new job matching your profile has been posted on our platform. Required skills: Python, Kubernetes. CGPA requirement: 3.2+.",1
"Subject: Iftar Deal at Campus Dhaba. Dear Students, join us for a special Iftar buffet at Rs. 200 only. Seating is limited so come early.",0
"Subject: Internship Alert: Backend Developer at Ignite. A new internship matching your profile has been posted. Requirements include Flutter and FastAPI. Last date to apply is March 15, 2025.",1
"Subject: Annual Sports Gala — January 31, 2026. Get ready for the Annual Sports Gala! Events include cricket, football, badminton, and table tennis. Register your team at the sports office.",0
"Subject: Meet Your Candidate — Usman Malik for President. Hi everyone, I'm Usman Malik and I'm running for Student Council President. Here's my manifesto. Your vote means everything.",0
"Subject: Meeting Request — Career Counseling Session. Dear Student, a career counseling session with PTCL representatives is scheduled for March 15, 2025. Please confirm your attendance.",1
"Subject: Graduate Trainee Program — Ignite 2025. Applications are open for the Ignite Graduate Trainee Program. Eligible degrees: CS, SE, IT, EE. Apply by March 15, 2025.",1
"Subject: IEEE Programming Contest — Register by May 15, 2025. IEEE Student Branch invites you to participate in the annual programming contest. Individual and team categories available.",1
"Subject: HackFest 5.0 — 48 Hour Build Challenge. Registration is open for HackFest, a 48-hour national hackathon. Theme: Machine Learning. Last date to register: July 15, 2025.",1
"Subject: Attendance Shortage Warning. Dear Student, your attendance in MT201 has fallen below 75%. Further absences may result in debarment from the final exam.",0
"Subject: Student Transport Schedule Update. Dear Students, the shuttle service route has been updated effective April 20, 2025. Please check the new timings on the portal.",0
"Subject: Attendance Shortage Warning. Dear Student, your attendance in CS201 has fallen below 75%. Further absences may result in debarment from the final exam.",0
"Subject: Google Summer of Code 2025 — Applications Open. Hello Developer, GSoC is now accepting student proposals. Work with open-source organizations and earn a stipend. Deadline: April 1, 2025.",1
"Subject: Gym Membership Renewal — Action Required. Your campus gym membership expires on August 1, 2025. Renew online or visit the sports office to continue access.",0
"Subject: Paid Internship — UI/UX Design Division at Microsoft. We invite applications from final-year students for a full-time internship starting March. Stipend: PKR 25,000/month.",1
"Subject: OA Test Link — Meezan Bank Graduate Trainee. Please complete the online assessment for your application to Meezan Bank. The test is available until June 30, 2025. Time limit: 90 minutes.",1
"Subject: Book Return Reminder — Due Date: January 31, 2026. This is a reminder that the books issued to you are due for return on January 31, 2026. Late returns incur a daily fine.",0
"Subject: IEEE Programming Contest — Register by June 10, 2025. IEEE Student Branch invites you to participate in the annual programming contest. Individual and team categories available.",1
"Subject: Blood Donation Drive — May 1, 2025. The social welfare society is organizing a blood donation camp on May 1, 2025. Donate blood, save a life. Walk-ins welcome.",0
"Subject: Student Transport Schedule Update. Dear Students, the shuttle service route has been updated effective November 30, 2025. Please check the new timings on the portal.",0
"Subject: Google DevSprint 2025 — Applications Open. Hello Developer, DevSprint is now accepting applications. Build something impactful and win exciting prizes. Deadline: June 30, 2025.",1
"Subject: Student Council Elections 2025 — Vote Now. Dear Student, cast your vote for your student representative. Voting is open from November 30, 2025 to March 15, 2025. Visit the portal.",0
"Subject: Talent Show Auditions — Sign Up Now. The annual talent show auditions are open. Participate in singing, comedy, spoken word, or dance. Last date to register: February 28, 2026.",0
"Subject: Remote Internship Opportunity — P@SHA. Dear Applicant, we are offering a remote internship in UI/UX Design for students in their 5th semester or above. Deadline: June 30, 2025.",1
"Subject: KFC Discount for Students — Show Your ID. Dear Student, present your university ID at KFC to get 20% off on all orders this weekend.",0
"Subject: Holiday Notice — Quaid-e-Azam Day. The university will remain closed on July 15, 2025 in observance of Quaid-e-Azam Day. All classes and labs are suspended.",0
"Subject: Graduate Trainee Program — Techlogix 2025. Applications are open for the Techlogix Graduate Trainee Program. Eligible degrees: CS, SE, IT, EE. Apply by May 1, 2025.",1
Subject: Exam Schedule Updated — Please Check Portal. The updated midterm exam schedule has been posted on the portal. Please verify your paper timings.,0
"Subject: Electricity Outage — August 1, 2025. Please note that there will be a planned electricity outage on August 1, 2025 from 9 AM to 1 PM due to maintenance work in the main grid.",0
"Subject: Case Competition — Taskeen Business Challenge. Taskeen invites CS and business students to solve a real-world problem. Team size: 3-5. Deadline: October 15, 2025.",1
"Subject: Fee Submission Deadline — April 20, 2025. Dear Student, please submit your semester fee before April 20, 2025 to avoid a late surcharge. Visit the accounts office.",0
"Subject: Meeting Request — Career Counseling Session. Dear Student, a career counseling session with HBL representatives is scheduled for February 28, 2026. Please confirm your attendance.",1
Subject: Exam Schedule Updated — Please Check Portal. The updated midterm exam schedule has been posted on the portal. Please verify your paper timings.,0
"Subject: Holiday Notice — Allama Iqbal Day. The university will remain closed on January 31, 2026 in observance of Allama Iqbal Day. All classes and labs are suspended.",0
"Subject: Portal Maintenance Notice — January 31, 2026. The student portal will be under maintenance on January 31, 2026 from 11 PM to 2 AM. Services will be temporarily unavailable.",0
"Subject: Holiday Notice — Labour Day. The university will remain closed on March 15, 2025 in observance of Labour Day. All classes and labs are suspended.",0
"Subject: Lost: Black JanSport Backpack — CS Department. Hi, I lost my black JanSport backpack near the CS lab on July 15, 2025. It had my charger and notebooks. Please contact if found.",0
"Subject: Gym Membership Renewal — Action Required. Your campus gym membership expires on May 1, 2025. Renew online or visit the sports office to continue access.",0
Subject: Election Results Announcement — Student Body 2025. We are pleased to announce the results of the student council elections. Thank you to all candidates who participated.,0
"Subject: National Hackathon — CodeFest. Dear Student, we invite you to participate in CodeFest, hosted by Telenor. Solo or team registrations open till November 30, 2025.",1
"Subject: Campus Wi-Fi Upgrade Notice. The IT department will be upgrading the campus Wi-Fi infrastructure over the weekend. Expect intermittent connectivity on November 30, 2025.",0
"Subject: National Hackathon — DataFest. Dear Student, we invite you to participate in DataFest, hosted by PTCL. Solo or team registrations open till August 1, 2025.",1
"Subject: McDonald's Discount for Students — Show Your ID. Dear Student, present your university ID at McDonald's to get 20% off on all orders this weekend.",0
"Subject: DevSprint — Register Before August 1, 2025. Hi Developer, DevSprint is now open for registration. Form a team of 2-4 and compete for cash prizes worth PKR 1,000,000. Theme: Data Science.",1
"Subject: HackPSX — Register Before July 15, 2025. Hi Developer, HackPSX is now open for registration. Form a team of 2-4 and compete for cash prizes worth PKR 1,000,000. Theme: Artificial Intelligence.",1
"Subject: Scholarship Opportunity — HEC Undergraduate 2025. Dear Student, applications for the HEC Undergraduate are now open. Award: PKR 100,000 per semester. Minimum CGPA: 2.5. Apply by July 15, 2025.",1
"Subject: Hiring: Business Analyst — PTCL (Lahore). PTCL is looking for a Business Analyst to join their Computer Vision team. Fresh graduates are encouraged to apply. Last date: May 15, 2025.",1
"Subject: Annual Sports Gala — February 28, 2026. Get ready for the Annual Sports Gala! Events include cricket, football, badminton, and table tennis. Register your team at the sports office.",0
"Subject: Internship Alert: Research Assistant at FAST NUCES. A new internship matching your profile has been posted. Requirements include Docker and Node.js. Last date to apply is April 1, 2025.",1
Subject: Birthday Wishes — Usman Malik. Wishing a very happy birthday to our dear Usman Malik! Join us for a small celebration in the common room after evening classes.,0
"Subject: CODEX 2.0 Hackathon Invitation. Hi, join us for a 24-hour coding competition on September 1, 2025. Open to all CS/SE students. Prizes include internship offers and cash awards.",1
"Subject: Case Competition — Arbisoft Business Challenge. Arbisoft invites CS and business students to solve a real-world problem. Team size: 3-5. Deadline: October 15, 2025.",1
"Subject: Survey Request — Campus Satisfaction. Dear Student, please take 5 minutes to fill out our campus satisfaction survey. Your feedback helps us improve.",0
"Subject: Scholarship Opportunity — HEC Undergraduate 2025. Dear Student, applications for the HEC Undergraduate are now open. Award: PKR 150,000 per semester. Minimum CGPA: 3.2. Apply by June 10, 2025.",1
Subject: Lost: Green Water Bottle — Gym Area. Has anyone seen a green Nalgene water bottle in the gym? Please contact me at finder@student.edu.pk if found.,0
"Subject: Certification Training — Azure & TypeScript. A sponsored training program on Azure is being offered at PTCL. Certificate provided. Register before April 20, 2025.",1
"Subject: Google Generation Scholarship — Applications Open. Hello, Google is offering scholarships to students from underrepresented backgrounds in CS. Award: USD 1000. Apply by April 1, 2025.",1
"Subject: Student Council Elections 2025 — Vote Now. Dear Student, cast your vote for your student representative. Voting is open from May 15, 2025 to November 30, 2025. Visit the portal.",0
"Subject: HEC Need-Based Scholarship 2025. Dear Student, the Higher Education Commission is accepting applications for need-based scholarships. Eligible: students with CGPA 2.5+. Last date: February 28, 2026.",1
"Subject: National Hackathon — TechStorm. Dear Student, we invite you to participate in TechStorm, hosted by Turing. Solo or team registrations open till August 1, 2025.",1
"Subject: Google Generation Scholarship — Applications Open. Hello, Google is offering scholarships to students from underrepresented backgrounds in CS. Award: USD 1000. Apply by May 1, 2025.",1
"Subject: MLH Fellowship — Applications Closing August 31, 2025. The MLH Fellowship is a remote internship alternative for software engineers. Apply now and work with top open-source projects.",1
"Subject: Internship Alert: Product Manager at Shopify. A new internship matching your profile has been posted. Requirements include C++ and TypeScript. Last date to apply is August 1, 2025.",1
Subject: Lost: Green Water Bottle — Gym Area. Has anyone seen a green Nalgene water bottle in the gym? Please contact me at finder@student.edu.pk if found.,0
"Subject: Facebook Hacker Cup 2025 — Registrations Open. Dear Student, Facebook Hacker Cup is back. Submit your project by April 20, 2025 and stand a chance to win PKR 50,000 and mentorship.",1
Subject: Exam Schedule Updated — Please Check Portal. The updated midterm exam schedule has been posted on the portal. Please verify your paper timings.,0
Subject: Exam Schedule Updated — Please Check Portal. The updated midterm exam schedule has been posted on the portal. Please verify your paper timings.,0
"Subject: Student Council Elections 2025 — Vote Now. Dear Student, cast your vote for your student representative. Voting is open from November 30, 2025 to June 30, 2025. Visit the portal.",0
Subject: Found: Student ID Card — Please Claim. A student ID card was found near the library entrance. Owner can collect it from the security office.,0
"Subject: Google NexaThon 2025 — Applications Open. Hello Developer, NexaThon is now accepting applications. Build something impactful and win exciting prizes. Deadline: April 20, 2025.",1
"Subject: Library Fine Reminder — Action Required. Dear Student, your library account has an outstanding fine of Rs. 300. Please clear the dues before the end of this week.",0
"Subject: Telenor Summer Internship 2025 — Applications Open. Hello, Telenor is offering a 10-week internship program for BS students in Computer Science and related fields. Apply before April 20, 2025.",1
"Subject: Remote Internship Opportunity — Ignite. Dear Applicant, we are offering a remote internship in Artificial Intelligence for students in their 5th semester or above. Deadline: February 28, 2026.",1
"Subject: Fee Submission Deadline — March 15, 2025. Dear Student, please submit your semester fee before March 15, 2025 to avoid a late surcharge. Visit the accounts office.",0
"Subject: Open Source Contributor Program — 10Pearls. 10Pearls is offering paid open-source contributions for students. Apply by May 31, 2025 with a sample PR or project link.",1
"Subject: Student Council Elections 2025 — Vote Now. Dear Student, cast your vote for your student representative. Voting is open from October 15, 2025 to June 30, 2025. Visit the portal.",0
"Subject: Meet Your Candidate — Sara Ahmed for President. Hi everyone, I'm Sara Ahmed and I'm running for Student Council President. Here's my manifesto. Your vote means everything.",0
Subject: New Food Stall Opening — C Block Lawn. We are excited to announce a new food stall near the C Block lawn. Visit us today and try our deals.,0
"Subject: Survey Request — Campus Satisfaction. Dear Student, please take 5 minutes to fill out our campus satisfaction survey. Your feedback helps us improve.",0
"Subject: Case Competition — Telenor Business Challenge. Telenor invites CS and business students to solve a real-world problem. Team size: 3-5. Deadline: March 15, 2025.",1
"Subject: Iftar Deal at Campus Dhaba. Dear Students, join us for a special Iftar buffet at Rs. 200 only. Seating is limited so come early.",0
"Subject: Student Council Elections 2025 — Vote Now. Dear Student, cast your vote for your student representative. Voting is open from June 30, 2025 to May 31, 2025. Visit the portal.",0
"Subject: Certification Training — Kubernetes & PostgreSQL. A sponsored training program on Kubernetes is being offered at Jazz. Certificate provided. Register before April 1, 2025.",1
"Subject: Iftar Deal at Campus Dhaba. Dear Students, join us for a special Iftar buffet at Rs. 200 only. Seating is limited so come early.",0
"Subject: Monthly Newsletter — August 2025. Dear Reader, in this edition we cover campus life highlights, upcoming events, faculty achievements, and student success stories.",0
"Subject: Google Summer of Code 2025 — Applications Open. Hello Developer, GSoC is now accepting student proposals. Work with open-source organizations and earn a stipend. Deadline: May 15, 2025.",1
Subject: Domino's Weekend Offer — 50% Off. Don't miss our weekend pizza deal. Order online and get 50% off on all large pizzas. Offer valid till Sunday.,0
"Subject: Scholarship Opportunity — STEM Leadership 2025. Dear Student, applications for the STEM Leadership are now open. Award: PKR 1,000,000 per semester. Minimum CGPA: 2.5. Apply by March 15, 2025.",1
"Subject: Attendance Shortage Warning. Dear Student, your attendance in CS301 has fallen below 75%. Further absences may result in debarment from the final exam.",0
"Subject: Blood Donation Drive — March 15, 2025. The social welfare society is organizing a blood donation camp on March 15, 2025. Donate blood, save a life. Walk-ins welcome.",0
"Subject: Google Summer of Code 2025 — Applications Open. Hello Developer, GSoC is now accepting student proposals. Work with open-source organizations and earn a stipend. Deadline: November 30, 2025.",1
"Subject: Fee Submission Deadline — March 15, 2025. Dear Student, please submit your semester fee before March 15, 2025 to avoid a late surcharge. Visit the accounts office.",0
"Subject: OA Test Link — Careem Graduate Trainee. Please complete the online assessment for your application to Careem. The test is available until July 15, 2025. Time limit: 90 minutes.",1
"Subject: Walk-in Interview — Business Analyst at Careem. You are invited to attend a walk-in interview on April 20, 2025 at Careem office, Islamabad. Bring your CV and transcript.",1
"Subject: Holiday Notice — Kashmir Solidarity Day. The university will remain closed on June 30, 2025 in observance of Kashmir Solidarity Day. All classes and labs are suspended.",0
"Subject: Free Workshop: Java Bootcamp — September 1, 2025. Dear Student, Foodpanda is hosting a free 2-day workshop on Java for university students. Seats are limited — register now.",1
"Subject: Industry Workshop Invitation — Turing. You are invited to attend a professional workshop on Machine Learning organized by Turing. Date: September 1, 2025. Venue: Rawalpindi.",1
"Subject: Lost: AirPods Case — Seminar Hall. I left my AirPods case (white, engraved) in the seminar hall after the event on June 30, 2025. Please DM if found.",0
"Subject: Certification Training — TypeScript & Java. A sponsored training program on TypeScript is being offered at Bytedance. Certificate provided. Register before May 15, 2025.",1
"Subject: Hiring: Research Assistant — Foodpanda (Lahore). Foodpanda is looking for a Research Assistant to join their UI/UX Design team. Fresh graduates are encouraged to apply. Last date: June 30, 2025.",1
"Subject: Google Generation Scholarship — Applications Open. Hello, Google is offering scholarships to students from underrepresented backgrounds in CS. Award: USD 1000. Apply by October 15, 2025.",1
"Subject: Book Return Reminder — Due Date: January 31, 2026. This is a reminder that the books issued to you are due for return on January 31, 2026. Late returns incur a daily fine.",0
"Subject: Meet Your Candidate — Hamza Sheikh for President. Hi everyone, I'm Hamza Sheikh and I'm running for Student Council President. Here's my manifesto. Your vote means everything.",0
"Subject: Farewell Party — Final Year Batch 2025. You are cordially invited to the farewell dinner for the graduating batch of 2025. Venue: Students' Center. Date: March 15, 2025. Dress code: formal.",0
"Subject: Hiring: Product Manager — Shopify (Karachi). Shopify is looking for a Product Manager to join their Data Science team. Fresh graduates are encouraged to apply. Last date: July 15, 2025.",1
"Subject: Jazz Summer Internship 2025 — Applications Open. Hello, Jazz is offering a 16-week internship program for BS students in Computer Science and related fields. Apply before August 1, 2025.",1
"Subject: OA Test Link — Daraz Graduate Trainee. Please complete the online assessment for your application to Daraz. The test is available until May 1, 2025. Time limit: 90 minutes.",1
"Subject: Job Alert: Junior Mobile Developer at Bytedance. A new job matching your profile has been posted on our platform. Required skills: SQL, FastAPI. CGPA requirement: 3.5+.",1
"Subject: Internship Alert: Cloud Engineer at Amazon. A new internship matching your profile has been posted. Requirements include PyTorch and Docker. Last date to apply is May 31, 2025.",1
"Subject: Case Competition — Stripe Business Challenge. Stripe invites CS and business students to solve a real-world problem. Team size: 3-5. Deadline: July 15, 2025.",1
"Subject: CODEX 5.0 Hackathon Invitation. Hi, join us for a 24-hour coding competition on August 1, 2025. Open to all CS/SE students. Prizes include internship offers and cash awards.",1
"Subject: Blood Donation Drive — May 31, 2025. The social welfare society is organizing a blood donation camp on May 31, 2025. Donate blood, save a life. Walk-ins welcome.",0
"Subject: LUMS Summer Internship 2025 — Applications Open. Hello, LUMS is offering a 10-week internship program for BS students in Computer Science and related fields. Apply before May 1, 2025.",1
"Subject: Subway Discount for Students — Show Your ID. Dear Student, present your university ID at Subway to get 20% off on all orders this weekend.",0
"Subject: Scholarship Opportunity — Merit Excellence 2025. Dear Student, applications for the Merit Excellence are now open. Award: PKR 500,000 per semester. Minimum CGPA: 3.0. Apply by April 20, 2025.",1
"Subject: Gym Membership Renewal — Action Required. Your campus gym membership expires on April 20, 2025. Renew online or visit the sports office to continue access.",0
"Subject: Holiday Notice — Eid-ul-Adha. The university will remain closed on June 30, 2025 in observance of Eid-ul-Adha. All classes and labs are suspended.",0
"Subject: Annual Sports Gala — June 30, 2025. Get ready for the Annual Sports Gala! Events include cricket, football, badminton, and table tennis. Register your team at the sports office.",0
"Subject: Movie Night on Campus — June 30, 2025. Join us for a free outdoor movie screening on June 30, 2025. Bring your friends and enjoy popcorn under the stars.",0
"Subject: Google DevSprint 2025 — Applications Open. Hello Developer, DevSprint is now accepting applications. Build something impactful and win exciting prizes. Deadline: August 1, 2025.",1
"Subject: Industry Workshop Invitation — Jazz. You are invited to attend a professional workshop on Blockchain organized by Jazz. Date: November 30, 2025. Venue: Lahore.",1
"Subject: Meet Your Candidate — Fatima Khan for President. Hi everyone, I'm Fatima Khan and I'm running for Student Council President. Here's my manifesto. Your vote means everything.",0
"Subject: Meet Your Candidate — Fatima Khan for President. Hi everyone, I'm Fatima Khan and I'm running for Student Council President. Here's my manifesto. Your vote means everything.",0
"Subject: University Cafeteria — This Week's Menu. Dear Students, this week's special includes karahi, biryani, and fresh juices. Cafeteria timings: 8 AM to 8 PM.",0
"Subject: HackFest 2.0 — 48 Hour Build Challenge. Registration is open for HackFest, a 48-hour national hackathon. Theme: Natural Language Processing. Last date to register: April 20, 2025.",1
"Subject: Job Alert: Junior Backend Developer at Taskeen. A new job matching your profile has been posted on our platform. Required skills: AWS, Docker. CGPA requirement: 3.0+.",1
"Subject: Aptitude Test Scheduled — Techlogix. Your application for the Full Stack Developer position has been shortlisted. Aptitude test scheduled for April 20, 2025 at 11:00 AM.",1
"Subject: Full-Time Job Opening — Jazz Lahore. Dear candidate, we are urgently hiring for the position of DevOps Engineer. Send your CV to careers@telenor.com.pk before April 20, 2025.",1
"Subject: Full-Time Job Opening — Arbisoft Lahore. Dear candidate, we are urgently hiring for the position of Research Assistant. Send your CV to careers@jazz.com.pk before April 20, 2025.",1
"Subject: University Cafeteria — This Week's Menu. Dear Students, this week's special includes karahi, biryani, and fresh juices. Cafeteria timings: 8 AM to 8 PM.",0
Subject: Found: Student ID Card — Please Claim. A student ID card was found near the library entrance. Owner can collect it from the security office.,0
"Subject: Iftar Deal at Campus Dhaba. Dear Students, join us for a special Iftar buffet at Rs. 350 only. Seating is limited so come early.",0
"Subject: Annual Sports Gala — April 10, 2025. Get ready for the Annual Sports Gala! Events include cricket, football, badminton, and table tennis. Register your team at the sports office.",0
"Subject: Holiday Notice — Labour Day. The university will remain closed on April 10, 2025 in observance of Labour Day. All classes and labs are suspended.",0
"Subject: Electricity Outage — August 31, 2025. Please note that there will be a planned electricity outage on August 31, 2025 from 9 AM to 1 PM due to maintenance work in the main grid.",0
Subject: Birthday Wishes — Hamza Sheikh. Wishing a very happy birthday to our dear Hamza Sheikh! Join us for a small celebration in the common room after evening classes.,0
Subject: New Food Stall Opening — C Block Lawn. We are excited to announce a new food stall near the C Block lawn. Visit us today and try our deals.,0
"Subject: HackFest X — 48 Hour Build Challenge. Registration is open for HackFest, a 48-hour national hackathon. Theme: Machine Learning. Last date to register: May 15, 2025.",1
"Subject: National Hackathon — TechStorm. Dear Student, we invite you to participate in TechStorm, hosted by Netsol Technologies. Solo or team registrations open till February 28, 2026.",1
"Subject: Hiring: Data Analyst — Meezan Bank (Peshawar). Meezan Bank is looking for a Data Analyst to join their Artificial Intelligence team. Fresh graduates are encouraged to apply. Last date: November 30, 2025.",1
"Subject: Gym Membership Renewal — Action Required. Your campus gym membership expires on April 1, 2025. Renew online or visit the sports office to continue access.",0
"Subject: Campus Wi-Fi Upgrade Notice. The IT department will be upgrading the campus Wi-Fi infrastructure over the weekend. Expect intermittent connectivity on June 30, 2025.",0
"Subject: Aptitude Test Scheduled — Netsol Technologies. Your application for the Frontend Developer position has been shortlisted. Aptitude test scheduled for January 31, 2026 at 9:00 AM.",1
"Subject: Job Alert: Junior Data Analyst at Bytedance. A new job matching your profile has been posted on our platform. Required skills: TypeScript, AWS. CGPA requirement: 3.2+.",1
"Subject: CODEX Pro Hackathon Invitation. Hi, join us for a 24-hour coding competition on October 15, 2025. Open to all CS/SE students. Prizes include internship offers and cash awards.",1
"Subject: Meet Your Candidate — Sara Ahmed for President. Hi everyone, I'm Sara Ahmed and I'm running for Student Council President. Here's my manifesto. Your vote means everything.",0
"Subject: Google DataFest 2025 — Applications Open. Hello Developer, DataFest is now accepting applications. Build something impactful and win exciting prizes. Deadline: February 28, 2026.",1
"Subject: Scholarship Opportunity — STEM Leadership 2025. Dear Student, applications for the STEM Leadership are now open. Award: PKR 150,000 per semester. Minimum CGPA: 2.8. Apply by August 1, 2025.",1
"Subject: Student Transport Schedule Update. Dear Students, the shuttle service route has been updated effective May 1, 2025. Please check the new timings on the portal.",0
"Subject: Google Summer of Code 2025 — Applications Open. Hello Developer, GSoC is now accepting student proposals. Work with open-source organizations and earn a stipend. Deadline: April 1, 2025.",1
"Subject: Talent Show Auditions — Sign Up Now. The annual talent show auditions are open. Participate in singing, comedy, spoken word, or dance. Last date to register: May 31, 2025.",0
"Subject: Gym Membership Renewal — Action Required. Your campus gym membership expires on August 31, 2025. Renew online or visit the sports office to continue access.",0
"Subject: Interview Invitation — Backend Developer at Bytedance. Dear Applicant, congratulations on clearing the initial screening. You are invited for a technical interview on May 15, 2025.",1
"Subject: Lost: Black JanSport Backpack — CS Department. Hi, I lost my black JanSport backpack near the CS lab on July 15, 2025. It had my charger and notebooks. Please contact if found.",0
"Subject: Google Generation Scholarship — Applications Open. Hello, Google is offering scholarships to students from underrepresented backgrounds in CS. Award: USD 1000. Apply by January 31, 2026.",1
"Subject: Fee Submission Deadline — May 1, 2025. Dear Student, please submit your semester fee before May 1, 2025 to avoid a late surcharge. Visit the accounts office.",0
"Subject: Lost: AirPods Case — Seminar Hall. I left my AirPods case (white, engraved) in the seminar hall after the event on April 20, 2025. Please DM if found.",0
"Subject: Talent Show Auditions — Sign Up Now. The annual talent show auditions are open. Participate in singing, comedy, spoken word, or dance. Last date to register: November 30, 2025.",0
"Subject: Interview Invitation — Data Analyst at LUMS. Dear Applicant, congratulations on clearing the initial screening. You are invited for a technical interview on June 30, 2025.",1
"Subject: Monthly Newsletter — December 2025. Dear Reader, in this edition we cover campus life highlights, upcoming events, faculty achievements, and student success stories.",0
"Subject: Aptitude Test Scheduled — Telenor. Your application for the QA Engineer position has been shortlisted. Aptitude test scheduled for April 1, 2025 at 10:00 AM.",1
"Subject: Hardee's Discount for Students — Show Your ID. Dear Student, present your university ID at Hardee's to get 20% off on all orders this weekend.",0
"Subject: Talent Show Auditions — Sign Up Now. The annual talent show auditions are open. Participate in singing, comedy, spoken word, or dance. Last date to register: February 28, 2026.",0
"Subject: Paid Internship — Computer Vision Division at PTCL. We invite applications from final-year students for a full-time internship starting January. Stipend: PKR 25,000/month.",1
"Subject: Interview Invitation — Business Analyst at IBM. Dear Applicant, congratulations on clearing the initial screening. You are invited for a technical interview on April 20, 2025.",1
"Subject: Student Council Elections 2025 — Vote Now. Dear Student, cast your vote for your student representative. Voting is open from March 15, 2025 to July 15, 2025. Visit the portal.",0
"Subject: Google DevSprint 2025 — Applications Open. Hello Developer, DevSprint is now accepting applications. Build something impactful and win exciting prizes. Deadline: February 28, 2026.",1
"Subject: Annual Sports Gala — May 31, 2025. Get ready for the Annual Sports Gala! Events include cricket, football, badminton, and table tennis. Register your team at the sports office.",0
"Subject: Electricity Outage — November 30, 2025. Please note that there will be a planned electricity outage on November 30, 2025 from 9 AM to 1 PM due to maintenance work in the main grid.",0
"Subject: Fully Funded Fellowship — LUMS Artificial Intelligence Program. We are pleased to announce the LUMS Fellowship for students pursuing Artificial Intelligence. Covers tuition, stipend, and mentorship.",1
"Subject: Gym Membership Renewal — Action Required. Your campus gym membership expires on September 1, 2025. Renew online or visit the sports office to continue access.",0
"Subject: Portal Maintenance Notice — October 15, 2025. The student portal will be under maintenance on October 15, 2025 from 11 PM to 2 AM. Services will be temporarily unavailable.",0
Subject: Birthday Wishes — Hamza Sheikh. Wishing a very happy birthday to our dear Hamza Sheikh! Join us for a small celebration in the common room after evening classes.,0
"Subject: Scholarship Opportunity — Ehsaas 2025. Dear Student, applications for the Ehsaas are now open. Award: PKR 50,000 per semester. Minimum CGPA: 2.5. Apply by March 15, 2025.",1
Subject: Birthday Wishes — Bilal Raza. Wishing a very happy birthday to our dear Bilal Raza! Join us for a small celebration in the common room after evening classes.,0
"Subject: Student Council Elections 2025 — Vote Now. Dear Student, cast your vote for your student representative. Voting is open from April 20, 2025 to June 30, 2025. Visit the portal.",0
"Subject: Fee Submission Deadline — May 1, 2025. Dear Student, please submit your semester fee before May 1, 2025 to avoid a late surcharge. Visit the accounts office.",0
"Subject: Survey Request — Campus Satisfaction. Dear Student, please take 5 minutes to fill out our campus satisfaction survey. Your feedback helps us improve.",0
"Subject: Free Workshop: TypeScript Bootcamp — November 30, 2025. Dear Student, Meta is hosting a free 2-day workshop on TypeScript for university students. Seats are limited — register now.",1
"Subject: Iftar Deal at Campus Dhaba. Dear Students, join us for a special Iftar buffet at Rs. 150 only. Seating is limited so come early.",0
Subject: Exam Schedule Updated — Please Check Portal. The updated midterm exam schedule has been posted on the portal. Please verify your paper timings.,0
Subject: Lost: Green Water Bottle — Gym Area. Has anyone seen a green Nalgene water bottle in the gym? Please contact me at someone@gmail.com if found.,0
"Subject: National Hackathon — BuildItPK. Dear Student, we invite you to participate in BuildItPK, hosted by Foodpanda. Solo or team registrations open till July 15, 2025.",1
"Subject: Student Council Elections 2025 — Vote Now. Dear Student, cast your vote for your student representative. Voting is open from July 15, 2025 to January 31, 2026. Visit the portal.",0
"Subject: Gym Membership Renewal — Action Required. Your campus gym membership expires on September 1, 2025. Renew online or visit the sports office to continue access.",0
"Subject: Industry Workshop Invitation — Jazz. You are invited to attend a professional workshop on Artificial Intelligence organized by Jazz. Date: May 15, 2025. Venue: Islamabad.",1
"Subject: Iftar Deal at Campus Dhaba. Dear Students, join us for a special Iftar buffet at Rs. 300 only. Seating is limited so come early.",0
"Subject: HEC Need-Based Scholarship 2025. Dear Student, the Higher Education Commission is accepting applications for need-based scholarships. Eligible: students with CGPA 3.5+. Last date: January 31, 2026.",1
"Subject: Lost: AirPods Case — Seminar Hall. I left my AirPods case (white, engraved) in the seminar hall after the event on January 31, 2026. Please DM if found.",0
"Subject: Free Workshop: Flutter Bootcamp — August 31, 2025. Dear Student, Ignite is hosting a free 2-day workshop on Flutter for university students. Seats are limited — register now.",1
"Subject: Lost: AirPods Case — Seminar Hall. I left my AirPods case (white, engraved) in the seminar hall after the event on June 30, 2025. Please DM if found.",0
"Subject: HackFest 5.0 — 48 Hour Build Challenge. Registration is open for HackFest, a 48-hour national hackathon. Theme: Data Science. Last date to register: August 31, 2025.",1
"Subject: Iftar Deal at Campus Dhaba. Dear Students, join us for a special Iftar buffet at Rs. 100 only. Seating is limited so come early.",0
Subject: Election Results Announcement — Student Body 2025. We are pleased to announce the results of the student council elections. Thank you to all candidates who participated.,0
"Subject: Portal Maintenance Notice — October 15, 2025. The student portal will be under maintenance on October 15, 2025 from 11 PM to 2 AM. Services will be temporarily unavailable.",0
"Subject: Google Generation Scholarship — Applications Open. Hello, Google is offering scholarships to students from underrepresented backgrounds in CS. Award: USD 1000. Apply by February 28, 2026.",1
"Subject: National Hackathon — IdeaHack. Dear Student, we invite you to participate in IdeaHack, hosted by Systems Limited. Solo or team registrations open till May 31, 2025.",1
"Subject: National Hackathon — CodeFest. Dear Student, we invite you to participate in CodeFest, hosted by Shopify. Solo or team registrations open till May 1, 2025.",1
"Subject: Free Workshop: Java Bootcamp — March 15, 2025. Dear Student, PTCL is hosting a free 2-day workshop on Java for university students. Seats are limited — register now.",1
"Subject: Walk-in Interview — Full Stack Developer at Jazz. You are invited to attend a walk-in interview on May 31, 2025 at Jazz office, Rawalpindi. Bring your CV and transcript.",1
"Subject: Holiday Notice — Kashmir Solidarity Day. The university will remain closed on May 31, 2025 in observance of Kashmir Solidarity Day. All classes and labs are suspended.",0
"Subject: Graduate Trainee Program — Telenor 2025. Applications are open for the Telenor Graduate Trainee Program. Eligible degrees: CS, SE, IT, EE. Apply by June 10, 2025.",1
"Subject: Remote Internship Opportunity — FAST NUCES. Dear Applicant, we are offering a remote internship in Machine Learning for students in their 5th semester or above. Deadline: August 31, 2025.",1
"Subject: Attendance Shortage Warning. Dear Student, your attendance in CS301 has fallen below 75%. Further absences may result in debarment from the final exam.",0
Subject: Domino's Weekend Offer — 50% Off. Don't miss our weekend pizza deal. Order online and get 50% off on all large pizzas. Offer valid till Sunday.,0
"Subject: Lost: Black JanSport Backpack — CS Department. Hi, I lost my black JanSport backpack near the CS lab on July 15, 2025. It had my charger and notebooks. Please contact if found.",0
"Subject: PTCL Summer Internship 2025 — Applications Open. Hello, PTCL is offering a 10-week internship program for BS students in Computer Science and related fields. Apply before February 28, 2026.",1
"Subject: LUMS Digital Pakistan Scholarship — Apply Now. The Digital Pakistan scholarship is open for undergraduate students with financial need and strong academic record. Deadline: April 10, 2025.",1
"Subject: Free Workshop: TensorFlow Bootcamp — August 31, 2025. Dear Student, Bykea is hosting a free 2-day workshop on TensorFlow for university students. Seats are limited — register now.",1
"Subject: Meeting Request — Career Counseling Session. Dear Student, a career counseling session with LUMS representatives is scheduled for May 15, 2025. Please confirm your attendance.",1
"Subject: Annual Sports Gala — November 30, 2025. Get ready for the Annual Sports Gala! Events include cricket, football, badminton, and table tennis. Register your team at the sports office.",0
"Subject: Debate Competition — Student Council Candidates. Watch the candidates debate live on November 30, 2025 in the auditorium. All students are welcome to attend.",0
"Subject: Attendance Shortage Warning. Dear Student, your attendance in SE301 has fallen below 75%. Further absences may result in debarment from the final exam.",0
"Subject: HEC Need-Based Scholarship 2025. Dear Student, the Higher Education Commission is accepting applications for need-based scholarships. Eligible: students with CGPA 2.5+. Last date: January 31, 2026.",1
"Subject: AIHack — Register Before September 1, 2025. Hi Developer, AIHack is now open for registration. Form a team of 2-4 and compete for cash prizes worth PKR 200,000. Theme: Embedded Systems.",1
"Subject: Movie Night on Campus — September 1, 2025. Join us for a free outdoor movie screening on September 1, 2025. Bring your friends and enjoy popcorn under the stars.",0
"Subject: Subway Discount for Students — Show Your ID. Dear Student, present your university ID at Subway to get 20% off on all orders this weekend.",0
"Subject: Industry Workshop Invitation — Foodpanda. You are invited to attend a professional workshop on Computer Vision organized by Foodpanda. Date: June 30, 2025. Venue: Islamabad.",1
"Subject: Graduate Trainee Program — 10Pearls 2025. Applications are open for the 10Pearls Graduate Trainee Program. Eligible degrees: CS, SE, IT, EE. Apply by July 15, 2025.",1
Subject: Birthday Wishes — Fatima Khan. Wishing a very happy birthday to our dear Fatima Khan! Join us for a small celebration in the common room after evening classes.,0
Subject: Lost: Green Water Bottle — Gym Area. Has anyone seen a green Nalgene water bottle in the gym? Please contact me at finder@student.edu.pk if found.,0
"Subject: Walk-in Interview — Product Manager at Jazz. You are invited to attend a walk-in interview on April 10, 2025 at Jazz office, Peshawar. Bring your CV and transcript.",1
"Subject: National Hackathon — AIHack. Dear Student, we invite you to participate in AIHack, hosted by Turing. Solo or team registrations open till August 31, 2025.",1
"Subject: Survey Request — Campus Satisfaction. Dear Student, please take 5 minutes to fill out our campus satisfaction survey. Your feedback helps us improve.",0
"Subject: Survey Request — Campus Satisfaction. Dear Student, please take 5 minutes to fill out our campus satisfaction survey. Your feedback helps us improve.",0
"Subject: Aptitude Test Scheduled — Careem. Your application for the Mobile Developer position has been shortlisted. Aptitude test scheduled for May 31, 2025 at 9:00 AM.",1
"Subject: University Cafeteria — This Week's Menu. Dear Students, this week's special includes karahi, biryani, and fresh juices. Cafeteria timings: 8 AM to 8 PM.",0
"Subject: Google BuildItPK 2025 — Applications Open. Hello Developer, BuildItPK is now accepting applications. Build something impactful and win exciting prizes. Deadline: June 10, 2025.",1
"Subject: Iftar Deal at Campus Dhaba. Dear Students, join us for a special Iftar buffet at Rs. 150 only. Seating is limited so come early.",0
"Subject: Blood Donation Drive — January 31, 2026. The social welfare society is organizing a blood donation camp on January 31, 2026. Donate blood, save a life. Walk-ins welcome.",0
"Subject: University Cafeteria — This Week's Menu. Dear Students, this week's special includes karahi, biryani, and fresh juices. Cafeteria timings: 8 AM to 8 PM.",0
"Subject: Free Workshop: AWS Bootcamp — April 20, 2025. Dear Student, Arbisoft is hosting a free 2-day workshop on AWS for university students. Seats are limited — register now.",1
"Subject: Google IdeaHack 2025 — Applications Open. Hello Developer, IdeaHack is now accepting applications. Build something impactful and win exciting prizes. Deadline: April 1, 2025.",1
"Subject: Survey Request — Campus Satisfaction. Dear Student, please take 5 minutes to fill out our campus satisfaction survey. Your feedback helps us improve.",0
"Subject: Google CodeFest 2025 — Applications Open. Hello Developer, CodeFest is now accepting applications. Build something impactful and win exciting prizes. Deadline: April 20, 2025.",1
"Subject: Student Transport Schedule Update. Dear Students, the shuttle service route has been updated effective July 15, 2025. Please check the new timings on the portal.",0
"Subject: Google Generation Scholarship — Applications Open. Hello, Google is offering scholarships to students from underrepresented backgrounds in CS. Award: USD 1000. Apply by January 31, 2026.",1
"Subject: Free Workshop: Kubernetes Bootcamp — September 1, 2025. Dear Student, Google is hosting a free 2-day workshop on Kubernetes for university students. Seats are limited — register now.",1
"Subject: Job Alert: Junior Software Engineer at Jazz. A new job matching your profile has been posted on our platform. Required skills: React, Kubernetes. CGPA requirement: 3.2+.",1
"Subject: Student Council Elections 2025 — Vote Now. Dear Student, cast your vote for your student representative. Voting is open from May 31, 2025 to March 15, 2025. Visit the portal.",0
"Subject: Debate Competition — Student Council Candidates. Watch the candidates debate live on April 1, 2025 in the auditorium. All students are welcome to attend.",0
Subject: Birthday Wishes — Bilal Raza. Wishing a very happy birthday to our dear Bilal Raza! Join us for a small celebration in the common room after evening classes.,0
"Subject: LUMS LUMS Financial Aid Scholarship — Apply Now. The LUMS Financial Aid scholarship is open for undergraduate students with financial need and strong academic record. Deadline: May 1, 2025.",1
"Subject: Holiday Notice — Eid-ul-Adha. The university will remain closed on November 30, 2025 in observance of Eid-ul-Adha. All classes and labs are suspended.",0
"Subject: Scholarship Opportunity — Women in Tech 2025. Dear Student, applications for the Women in Tech are now open. Award: PKR 500,000 per semester. Minimum CGPA: 3.0. Apply by October 15, 2025.",1
"Subject: Scholarship Opportunity — Merit Excellence 2025. Dear Student, applications for the Merit Excellence are now open. Award: PKR 50,000 per semester. Minimum CGPA: 2.8. Apply by August 1, 2025.",1
"Subject: Lost: Black JanSport Backpack — CS Department. Hi, I lost my black JanSport backpack near the CS lab on May 15, 2025. It had my charger and notebooks. Please contact if found.",0
Subject: Found: Student ID Card — Please Claim. A student ID card was found near the library entrance. Owner can collect it from the security office.,0
Subject: Exam Schedule Updated — Please Check Portal. The updated midterm exam schedule has been posted on the portal. Please verify your paper timings.,0
Subject: Election Results Announcement — Student Body 2025. We are pleased to announce the results of the student council elections. Thank you to all candidates who participated.,0
"Subject: Survey Request — Campus Satisfaction. Dear Student, please take 5 minutes to fill out our campus satisfaction survey. Your feedback helps us improve.",0
"Subject: Holiday Notice — Independence Day. The university will remain closed on May 31, 2025 in observance of Independence Day. All classes and labs are suspended.",0
"Subject: MLH Fellowship — Applications Closing June 10, 2025. The MLH Fellowship is a remote internship alternative for software engineers. Apply now and work with top open-source projects.",1
"Subject: Electricity Outage — March 15, 2025. Please note that there will be a planned electricity outage on March 15, 2025 from 9 AM to 1 PM due to maintenance work in the main grid.",0
"Subject: Scholarship Opportunity — Digital Pakistan 2025. Dear Student, applications for the Digital Pakistan are now open. Award: PKR 1,000,000 per semester. Minimum CGPA: 3.2. Apply by July 15, 2025.",1
"Subject: Pizza Hut Discount for Students — Show Your ID. Dear Student, present your university ID at Pizza Hut to get 20% off on all orders this weekend.",0
"Subject: Debate Competition — Student Council Candidates. Watch the candidates debate live on May 15, 2025 in the auditorium. All students are welcome to attend.",0
Subject: Domino's Weekend Offer — 50% Off. Don't miss our weekend pizza deal. Order online and get 50% off on all large pizzas. Offer valid till Sunday.,0
"Subject: Farewell Party — Final Year Batch 2025. You are cordially invited to the farewell dinner for the graduating batch of 2025. Venue: Students' Center. Date: June 10, 2025. Dress code: formal.",0
"Subject: Movie Night on Campus — April 1, 2025. Join us for a free outdoor movie screening on April 1, 2025. Bring your friends and enjoy popcorn under the stars.",0
"Subject: Case Competition — LUMS Business Challenge. LUMS invites CS and business students to solve a real-world problem. Team size: 3-5. Deadline: June 10, 2025.",1
"Subject: Walk-in Interview — Full Stack Developer at Bykea. You are invited to attend a walk-in interview on February 28, 2026 at Bykea office, Peshawar. Bring your CV and transcript.",1
"Subject: MLH Fellowship — Applications Closing May 15, 2025. The MLH Fellowship is a remote internship alternative for software engineers. Apply now and work with top open-source projects.",1
"Subject: Survey Request — Campus Satisfaction. Dear Student, please take 5 minutes to fill out our campus satisfaction survey. Your feedback helps us improve.",0
"Subject: HackFest Elite — 48 Hour Build Challenge. Registration is open for HackFest, a 48-hour national hackathon. Theme: Mobile Development. Last date to register: March 15, 2025.",1
"Subject: Free Workshop: React Bootcamp — January 31, 2026. Dear Student, Systems Limited is hosting a free 2-day workshop on React for university students. Seats are limited — register now.",1
"Subject: Open Source Contributor Program — IBM. IBM is offering paid open-source contributions for students. Apply by August 31, 2025 with a sample PR or project link.",1
"Subject: Library Fine Reminder — Action Required. Dear Student, your library account has an outstanding fine of Rs. 300. Please clear the dues before the end of this week.",0
Subject: Birthday Wishes — Ali Hassan. Wishing a very happy birthday to our dear Ali Hassan! Join us for a small celebration in the common room after evening classes.,0
"Subject: Google Generation Scholarship — Applications Open. Hello, Google is offering scholarships to students from underrepresented backgrounds in CS. Award: USD 1000. Apply by July 15, 2025.",1
"Subject: Google Summer of Code 2025 — Applications Open. Hello Developer, GSoC is now accepting student proposals. Work with open-source organizations and earn a stipend. Deadline: April 1, 2025.",1
"Subject: HEC Need-Based Scholarship 2025. Dear Student, the Higher Education Commission is accepting applications for need-based scholarships. Eligible: students with CGPA 3.5+. Last date: August 31, 2025.",1
"Subject: HackFest 4.0 — 48 Hour Build Challenge. Registration is open for HackFest, a 48-hour national hackathon. Theme: Artificial Intelligence. Last date to register: May 15, 2025.",1
"Subject: IEEE Programming Contest — Register by April 20, 2025. IEEE Student Branch invites you to participate in the annual programming contest. Individual and team categories available.",1
"Subject: Remote Internship Opportunity — P@SHA. Dear Applicant, we are offering a remote internship in Cloud Computing for students in their 5th semester or above. Deadline: May 1, 2025.",1
"Subject: Google Summer of Code 2025 — Applications Open. Hello Developer, GSoC is now accepting student proposals. Work with open-source organizations and earn a stipend. Deadline: May 31, 2025.",1
"Subject: Full-Time Job Opening — Amazon Lahore. Dear candidate, we are urgently hiring for the position of ML Engineer. Send your CV to careers@telenor.com.pk before April 20, 2025.",1
"Subject: Holiday Notice — Kashmir Solidarity Day. The university will remain closed on June 10, 2025 in observance of Kashmir Solidarity Day. All classes and labs are suspended.",0
"Subject: Full-Time Job Opening — Shopify Lahore. Dear candidate, we are urgently hiring for the position of Mobile Developer. Send your CV to careers@jazz.com.pk before July 15, 2025.",1
"Subject: Attendance Shortage Warning. Dear Student, your attendance in SE301 has fallen below 75%. Further absences may result in debarment from the final exam.",0
"Subject: Iftar Deal at Campus Dhaba. Dear Students, join us for a special Iftar buffet at Rs. 500 only. Seating is limited so come early.",0
"Subject: Student Council Elections 2025 — Vote Now. Dear Student, cast your vote for your student representative. Voting is open from June 30, 2025 to May 31, 2025. Visit the portal.",0
"Subject: Remote Internship Opportunity — FAST NUCES. Dear Applicant, we are offering a remote internship in Machine Learning for students in their 5th semester or above. Deadline: May 15, 2025.",1
"Subject: Survey Request — Campus Satisfaction. Dear Student, please take 5 minutes to fill out our campus satisfaction survey. Your feedback helps us improve.",0
"Subject: Gym Membership Renewal — Action Required. Your campus gym membership expires on April 1, 2025. Renew online or visit the sports office to continue access.",0
"Subject: Student Council Elections 2025 — Vote Now. Dear Student, cast your vote for your student representative. Voting is open from May 1, 2025 to May 15, 2025. Visit the portal.",0
"Subject: Remote Internship Opportunity — Stripe. Dear Applicant, we are offering a remote internship in Machine Learning for students in their 5th semester or above. Deadline: January 31, 2026.",1
"Subject: Meet Your Candidate — Usman Malik for President. Hi everyone, I'm Usman Malik and I'm running for Student Council President. Here's my manifesto. Your vote means everything.",0
Subject: New Food Stall Opening — C Block Lawn. We are excited to announce a new food stall near the C Block lawn. Visit us today and try our deals.,0
"Subject: Movie Night on Campus — May 1, 2025. Join us for a free outdoor movie screening on May 1, 2025. Bring your friends and enjoy popcorn under the stars.",0
"Subject: Google DataFest 2025 — Applications Open. Hello Developer, DataFest is now accepting applications. Build something impactful and win exciting prizes. Deadline: April 1, 2025.",1
"Subject: Paid Internship — Cybersecurity Division at FAST NUCES. We invite applications from final-year students for a full-time internship starting November. Stipend: PKR 40,000/month.",1
"Subject: Movie Night on Campus — August 1, 2025. Join us for a free outdoor movie screening on August 1, 2025. Bring your friends and enjoy popcorn under the stars.",0
"Subject: Gym Membership Renewal — Action Required. Your campus gym membership expires on June 30, 2025. Renew online or visit the sports office to continue access.",0
"Subject: Movie Night on Campus — June 10, 2025. Join us for a free outdoor movie screening on June 10, 2025. Bring your friends and enjoy popcorn under the stars.",0
"Subject: Certification Training — C++ & Flutter. A sponsored training program on C++ is being offered at Netsol Technologies. Certificate provided. Register before April 20, 2025.",1
"Subject: Lost: Black JanSport Backpack — CS Department. Hi, I lost my black JanSport backpack near the CS lab on August 1, 2025. It had my charger and notebooks. Please contact if found.",0
Subject: Birthday Wishes — Bilal Raza. Wishing a very happy birthday to our dear Bilal Raza! Join us for a small celebration in the common room after evening classes.,0
"Subject: Student Council Elections 2025 — Vote Now. Dear Student, cast your vote for your student representative. Voting is open from April 20, 2025 to November 30, 2025. Visit the portal.",0
"Subject: Student Council Elections 2025 — Vote Now. Dear Student, cast your vote for your student representative. Voting is open from October 15, 2025 to May 31, 2025. Visit the portal.",0
Subject: Domino's Weekend Offer — 50% Off. Don't miss our weekend pizza deal. Order online and get 50% off on all large pizzas. Offer valid till Sunday.,0
"Subject: Lost: Black JanSport Backpack — CS Department. Hi, I lost my black JanSport backpack near the CS lab on April 1, 2025. It had my charger and notebooks. Please contact if found.",0
"Subject: Meet Your Candidate — Sara Ahmed for President. Hi everyone, I'm Sara Ahmed and I'm running for Student Council President. Here's my manifesto. Your vote means everything.",0
"Subject: Meet Your Candidate — Usman Malik for President. Hi everyone, I'm Usman Malik and I'm running for Student Council President. Here's my manifesto. Your vote means everything.",0
"Subject: Job Alert: Junior QA Engineer at Telenor. A new job matching your profile has been posted on our platform. Required skills: Docker, TensorFlow. CGPA requirement: 3.0+.",1
"Subject: Iftar Deal at Campus Dhaba. Dear Students, join us for a special Iftar buffet at Rs. 500 only. Seating is limited so come early.",0
Subject: Found: Student ID Card — Please Claim. A student ID card was found near the library entrance. Owner can collect it from the security office.,0
"Subject: Survey Request — Campus Satisfaction. Dear Student, please take 5 minutes to fill out our campus satisfaction survey. Your feedback helps us improve.",0
"Subject: LUMS Women in Tech Scholarship — Apply Now. The Women in Tech scholarship is open for undergraduate students with financial need and strong academic record. Deadline: August 31, 2025.",1
Subject: New Food Stall Opening — C Block Lawn. We are excited to announce a new food stall near the C Block lawn. Visit us today and try our deals.,0
"Subject: Attendance Shortage Warning. Dear Student, your attendance in SE301 has fallen below 75%. Further absences may result in debarment from the final exam.",0
"Subject: Google Generation Scholarship — Applications Open. Hello, Google is offering scholarships to students from underrepresented backgrounds in CS. Award: USD 1000. Apply by January 31, 2026.",1
"Subject: Debate Competition — Student Council Candidates. Watch the candidates debate live on June 30, 2025 in the auditorium. All students are welcome to attend.",0
"Subject: Lost: AirPods Case — Seminar Hall. I left my AirPods case (white, engraved) in the seminar hall after the event on May 15, 2025. Please DM if found.",0
"Subject: Student Transport Schedule Update. Dear Students, the shuttle service route has been updated effective May 31, 2025. Please check the new timings on the portal.",0
"Subject: Job Alert: Junior Software Engineer at Netsol Technologies. A new job matching your profile has been posted on our platform. Required skills: Flutter, TypeScript. CGPA requirement: 3.2+.",1
"Subject: Free Workshop: Git Bootcamp — September 1, 2025. Dear Student, Telenor is hosting a free 2-day workshop on Git for university students. Seats are limited — register now.",1
"Subject: Internship Opening at Taskeen — Apply by May 1, 2025. Dear Student, we are hiring motivated undergraduates for a paid summer internship in Data Science. Shortlisted candidates will be contacted for an online test.",1
"Subject: Annual Sports Gala — January 31, 2026. Get ready for the Annual Sports Gala! Events include cricket, football, badminton, and table tennis. Register your team at the sports office.",0
"Subject: Farewell Party — Final Year Batch 2025. You are cordially invited to the farewell dinner for the graduating batch of 2025. Venue: Pearl Continental. Date: January 31, 2026. Dress code: formal.",0
"Subject: Iftar Deal at Campus Dhaba. Dear Students, join us for a special Iftar buffet at Rs. 350 only. Seating is limited so come early.",0
"Subject: Google Summer of Code 2025 — Applications Open. Hello Developer, GSoC is now accepting student proposals. Work with open-source organizations and earn a stipend. Deadline: June 30, 2025.",1
"Subject: Remote Internship Opportunity — IBM. Dear Applicant, we are offering a remote internship in Natural Language Processing for students in their 5th semester or above. Deadline: August 1, 2025.",1
"Subject: MLH Fellowship — Applications Closing November 30, 2025. The MLH Fellowship is a remote internship alternative for software engineers. Apply now and work with top open-source projects.",1
"Subject: Google NexaThon 2025 — Applications Open. Hello Developer, NexaThon is now accepting applications. Build something impactful and win exciting prizes. Deadline: January 31, 2026.",1
"Subject: Meeting Request — Career Counseling Session. Dear Student, a career counseling session with Stripe representatives is scheduled for October 15, 2025. Please confirm your attendance.",1
"Subject: Campus Wi-Fi Upgrade Notice. The IT department will be upgrading the campus Wi-Fi infrastructure over the weekend. Expect intermittent connectivity on April 20, 2025.",0
"Subject: Talent Show Auditions — Sign Up Now. The annual talent show auditions are open. Participate in singing, comedy, spoken word, or dance. Last date to register: April 20, 2025.",0
"Subject: Student Transport Schedule Update. Dear Students, the shuttle service route has been updated effective February 28, 2026. Please check the new timings on the portal.",0
"Subject: DataFest — Register Before October 15, 2025. Hi Developer, DataFest is now open for registration. Form a team of 2-4 and compete for cash prizes worth PKR 1,000,000. Theme: Machine Learning.",1
"Subject: Electricity Outage — May 1, 2025. Please note that there will be a planned electricity outage on May 1, 2025 from 9 AM to 1 PM due to maintenance work in the main grid.",0
"Subject: Electricity Outage — August 1, 2025. Please note that there will be a planned electricity outage on August 1, 2025 from 9 AM to 1 PM due to maintenance work in the main grid.",0
"Subject: University Cafeteria — This Week's Menu. Dear Students, this week's special includes karahi, biryani, and fresh juices. Cafeteria timings: 8 AM to 8 PM.",0
"Subject: Lost: AirPods Case — Seminar Hall. I left my AirPods case (white, engraved) in the seminar hall after the event on June 30, 2025. Please DM if found.",0
"Subject: Student Transport Schedule Update. Dear Students, the shuttle service route has been updated effective May 31, 2025. Please check the new timings on the portal.",0
"Subject: Debate Competition — Student Council Candidates. Watch the candidates debate live on April 20, 2025 in the auditorium. All students are welcome to attend.",0
"Subject: Google Summer of Code 2025 — Applications Open. Hello Developer, GSoC is now accepting student proposals. Work with open-source organizations and earn a stipend. Deadline: September 1, 2025.",1
"Subject: Walk-in Interview — QA Engineer at Arbisoft. You are invited to attend a walk-in interview on March 15, 2025 at Arbisoft office, Lahore. Bring your CV and transcript.",1
"Subject: NexaThon — Register Before October 15, 2025. Hi Developer, NexaThon is now open for registration. Form a team of 2-4 and compete for cash prizes worth PKR 1,000,000. Theme: Computer Vision.",1
"Subject: LUMS Women in Tech Scholarship — Apply Now. The Women in Tech scholarship is open for undergraduate students with financial need and strong academic record. Deadline: September 1, 2025.",1
"Subject: Internship Alert: Cybersecurity Analyst at FAST NUCES. A new internship matching your profile has been posted. Requirements include Git and TypeScript. Last date to apply is May 31, 2025.",1
Subject: Exam Schedule Updated — Please Check Portal. The updated midterm exam schedule has been posted on the portal. Please verify your paper timings.,0
"Subject: Google HackPSX 2025 — Applications Open. Hello Developer, HackPSX is now accepting applications. Build something impactful and win exciting prizes. Deadline: August 31, 2025.",1
"Subject: Job Alert: Junior Cybersecurity Analyst at FAST NUCES. A new job matching your profile has been posted on our platform. Required skills: Git, Linux. CGPA requirement: 3.5+.",1
"Subject: CodeFest — Register Before November 30, 2025. Hi Developer, CodeFest is now open for registration. Form a team of 2-4 and compete for cash prizes worth PKR 150,000. Theme: Computer Vision.",1
"Subject: National Hackathon — TechStorm. Dear Student, we invite you to participate in TechStorm, hosted by IBM. Solo or team registrations open till November 30, 2025.",1
"Subject: MLH Fellowship — Applications Closing March 15, 2025. The MLH Fellowship is a remote internship alternative for software engineers. Apply now and work with top open-source projects.",1
"Subject: LUMS STEM Leadership Scholarship — Apply Now. The STEM Leadership scholarship is open for undergraduate students with financial need and strong academic record. Deadline: March 15, 2025.",1
"Subject: Certification Training — Python & SQL. A sponsored training program on Python is being offered at LUMS. Certificate provided. Register before May 1, 2025.",1
"Subject: Full-Time Job Opening — IBM Lahore. Dear candidate, we are urgently hiring for the position of Backend Developer. Send your CV to careers@telenor.com.pk before November 30, 2025.",1
"Subject: Certification Training — TensorFlow & Docker. A sponsored training program on TensorFlow is being offered at Turing. Certificate provided. Register before February 28, 2026.",1
"Subject: University Cafeteria — This Week's Menu. Dear Students, this week's special includes karahi, biryani, and fresh juices. Cafeteria timings: 8 AM to 8 PM.",0
Subject: Birthday Wishes — Zara Noor. Wishing a very happy birthday to our dear Zara Noor! Join us for a small celebration in the common room after evening classes.,0
"Subject: Graduate Trainee Program — Bytedance 2025. Applications are open for the Bytedance Graduate Trainee Program. Eligible degrees: CS, SE, IT, EE. Apply by October 15, 2025.",1
"Subject: Google Summer of Code 2025 — Applications Open. Hello Developer, GSoC is now accepting student proposals. Work with open-source organizations and earn a stipend. Deadline: June 30, 2025.",1
"Subject: Blood Donation Drive — June 10, 2025. The social welfare society is organizing a blood donation camp on June 10, 2025. Donate blood, save a life. Walk-ins welcome.",0
"Subject: Annual Sports Gala — March 15, 2025. Get ready for the Annual Sports Gala! Events include cricket, football, badminton, and table tennis. Register your team at the sports office.",0
"Subject: HackFest Pro — 48 Hour Build Challenge. Registration is open for HackFest, a 48-hour national hackathon. Theme: Cybersecurity. Last date to register: September 1, 2025.",1
"Subject: Farewell Party — Final Year Batch 2025. You are cordially invited to the farewell dinner for the graduating batch of 2025. Venue: Pearl Continental. Date: September 1, 2025. Dress code: formal.",0
"Subject: IdeaHack — Register Before March 15, 2025. Hi Developer, IdeaHack is now open for registration. Form a team of 2-4 and compete for cash prizes worth PKR 150,000. Theme: UI/UX Design.",1
"Subject: Google Generation Scholarship — Applications Open. Hello, Google is offering scholarships to students from underrepresented backgrounds in CS. Award: USD 1000. Apply by September 1, 2025.",1
"Subject: Interview Invitation — DevOps Engineer at 10Pearls. Dear Applicant, congratulations on clearing the initial screening. You are invited for a technical interview on May 31, 2025.",1
"Subject: Free Workshop: Azure Bootcamp — April 20, 2025. Dear Student, Daraz is hosting a free 2-day workshop on Azure for university students. Seats are limited — register now.",1
"Subject: Interview Invitation — Business Analyst at 10Pearls. Dear Applicant, congratulations on clearing the initial screening. You are invited for a technical interview on September 1, 2025.",1
"Subject: Industry Workshop Invitation — Foodpanda. You are invited to attend a professional workshop on Mobile Development organized by Foodpanda. Date: June 30, 2025. Venue: Islamabad.",1
"Subject: National Hackathon — IdeaHack. Dear Student, we invite you to participate in IdeaHack, hosted by Techlogix. Solo or team registrations open till April 10, 2025.",1
Subject: Exam Schedule Updated — Please Check Portal. The updated midterm exam schedule has been posted on the portal. Please verify your paper timings.,0
"Subject: Open Source Contributor Program — Microsoft. Microsoft is offering paid open-source contributions for students. Apply by March 15, 2025 with a sample PR or project link.",1
"Subject: Free Workshop: TensorFlow Bootcamp — May 1, 2025. Dear Student, P@SHA is hosting a free 2-day workshop on TensorFlow for university students. Seats are limited — register now.",1
"Subject: Full-Time Job Opening — Turing Lahore. Dear candidate, we are urgently hiring for the position of Full Stack Developer. Send your CV to careers@arbisoft.com before May 31, 2025.",1
"Subject: Internship Alert: Cybersecurity Analyst at Google. A new internship matching your profile has been posted. Requirements include Java and React. Last date to apply is November 30, 2025.",1
"Subject: LUMS Women in Tech Scholarship — Apply Now. The Women in Tech scholarship is open for undergraduate students with financial need and strong academic record. Deadline: May 15, 2025.",1
"Subject: CODEX X Hackathon Invitation. Hi, join us for a 24-hour coding competition on June 30, 2025. Open to all CS/SE students. Prizes include internship offers and cash awards.",1
"Subject: Holiday Notice — Kashmir Solidarity Day. The university will remain closed on March 15, 2025 in observance of Kashmir Solidarity Day. All classes and labs are suspended.",0
"Subject: Debate Competition — Student Council Candidates. Watch the candidates debate live on June 30, 2025 in the auditorium. All students are welcome to attend.",0
"Subject: University Cafeteria — This Week's Menu. Dear Students, this week's special includes karahi, biryani, and fresh juices. Cafeteria timings: 8 AM to 8 PM.",0
"Subject: CODEX Elite Hackathon Invitation. Hi, join us for a 24-hour coding competition on November 30, 2025. Open to all CS/SE students. Prizes include internship offers and cash awards.",1
"Subject: Portal Maintenance Notice — August 31, 2025. The student portal will be under maintenance on August 31, 2025 from 11 PM to 2 AM. Services will be temporarily unavailable.",0
"Subject: Google Summer of Code 2025 — Applications Open. Hello Developer, GSoC is now accepting student proposals. Work with open-source organizations and earn a stipend. Deadline: September 1, 2025.",1
"Subject: Monthly Newsletter — March 2025. Dear Reader, in this edition we cover campus life highlights, upcoming events, faculty achievements, and student success stories.",0
"Subject: Internship Opening at Careem — Apply by April 20, 2025. Dear Student, we are hiring motivated undergraduates for a paid summer internship in Web Development. Shortlisted candidates will be contacted for an online test.",1
"Subject: HBL Summer Internship 2025 — Applications Open. Hello, HBL is offering a 16-week internship program for BS students in Computer Science and related fields. Apply before June 10, 2025.",1
"Subject: Annual Sports Gala — March 15, 2025. Get ready for the Annual Sports Gala! Events include cricket, football, badminton, and table tennis. Register your team at the sports office.",0
"Subject: Graduate Trainee Program — FAST NUCES 2025. Applications are open for the FAST NUCES Graduate Trainee Program. Eligible degrees: CS, SE, IT, EE. Apply by June 30, 2025.",1
"Subject: Free Workshop: Django Bootcamp — June 10, 2025. Dear Student, P@SHA is hosting a free 2-day workshop on Django for university students. Seats are limited — register now.",1
"Subject: Interview Invitation — Data Analyst at Arbisoft. Dear Applicant, congratulations on clearing the initial screening. You are invited for a technical interview on September 1, 2025.",1
"Subject: IEEE Programming Contest — Register by May 1, 2025. IEEE Student Branch invites you to participate in the annual programming contest. Individual and team categories available.",1
"Subject: Google TechStorm 2025 — Applications Open. Hello Developer, TechStorm is now accepting applications. Build something impactful and win exciting prizes. Deadline: June 30, 2025.",1
"Subject: Internship Alert: Research Assistant at 10Pearls. A new internship matching your profile has been posted. Requirements include Linux and AWS. Last date to apply is August 1, 2025.",1
"Subject: Google Summer of Code 2025 — Applications Open. Hello Developer, GSoC is now accepting student proposals. Work with open-source organizations and earn a stipend. Deadline: May 15, 2025.",1
"Subject: Aptitude Test Scheduled — Arbisoft. Your application for the Cloud Engineer position has been shortlisted. Aptitude test scheduled for July 15, 2025 at 2:00 PM.",1
"Subject: Debate Competition — Student Council Candidates. Watch the candidates debate live on May 31, 2025 in the auditorium. All students are welcome to attend.",0
"Subject: Job Alert: Junior ML Engineer at Bykea. A new job matching your profile has been posted on our platform. Required skills: FastAPI, SQL. CGPA requirement: 3.5+.",1
"Subject: Open Source Contributor Program — Meta. Meta is offering paid open-source contributions for students. Apply by June 10, 2025 with a sample PR or project link.",1
"Subject: Google Generation Scholarship — Applications Open. Hello, Google is offering scholarships to students from underrepresented backgrounds in CS. Award: USD 1000. Apply by July 15, 2025.",1
Subject: New Food Stall Opening — C Block Lawn. We are excited to announce a new food stall near the C Block lawn. Visit us today and try our deals.,0
"Subject: Open Source Contributor Program — Microsoft. Microsoft is offering paid open-source contributions for students. Apply by February 28, 2026 with a sample PR or project link.",1
"Subject: 10Pearls Summer Internship 2025 — Applications Open. Hello, 10Pearls is offering a 10-week internship program for BS students in Computer Science and related fields. Apply before May 1, 2025.",1
"Subject: Fully Funded Fellowship — P@SHA Cybersecurity Program. We are pleased to announce the P@SHA Fellowship for students pursuing Cybersecurity. Covers tuition, stipend, and mentorship.",1
"Subject: Portal Maintenance Notice — August 31, 2025. The student portal will be under maintenance on August 31, 2025 from 11 PM to 2 AM. Services will be temporarily unavailable.",0
"Subject: LUMS Need-Based Support Scholarship — Apply Now. The Need-Based Support scholarship is open for undergraduate students with financial need and strong academic record. Deadline: January 31, 2026.",1
"Subject: Gym Membership Renewal — Action Required. Your campus gym membership expires on April 10, 2025. Renew online or visit the sports office to continue access.",0
Subject: Found: Student ID Card — Please Claim. A student ID card was found near the library entrance. Owner can collect it from the security office.,0
"Subject: Internship Alert: ML Engineer at Bytedance. A new internship matching your profile has been posted. Requirements include React and Node.js. Last date to apply is October 15, 2025.",1
"Subject: Movie Night on Campus — September 1, 2025. Join us for a free outdoor movie screening on September 1, 2025. Bring your friends and enjoy popcorn under the stars.",0
"Subject: Fee Submission Deadline — May 31, 2025. Dear Student, please submit your semester fee before May 31, 2025 to avoid a late surcharge. Visit the accounts office.",0
Subject: New Food Stall Opening — C Block Lawn. We are excited to announce a new food stall near the C Block lawn. Visit us today and try our deals.,0
"Subject: Graduate Trainee Program — P@SHA 2025. Applications are open for the P@SHA Graduate Trainee Program. Eligible degrees: CS, SE, IT, EE. Apply by April 1, 2025.",1
"Subject: Scholarship Opportunity — Ehsaas 2025. Dear Student, applications for the Ehsaas are now open. Award: PKR 150,000 per semester. Minimum CGPA: 3.0. Apply by July 15, 2025.",1
"Subject: Annual Sports Gala — August 31, 2025. Get ready for the Annual Sports Gala! Events include cricket, football, badminton, and table tennis. Register your team at the sports office.",0
Subject: Birthday Wishes — Ali Hassan. Wishing a very happy birthday to our dear Ali Hassan! Join us for a small celebration in the common room after evening classes.,0
"Subject: Lost: AirPods Case — Seminar Hall. I left my AirPods case (white, engraved) in the seminar hall after the event on May 15, 2025. Please DM if found.",0
"Subject: Debate Competition — Student Council Candidates. Watch the candidates debate live on May 31, 2025 in the auditorium. All students are welcome to attend.",0
Subject: Found: Student ID Card — Please Claim. A student ID card was found near the library entrance. Owner can collect it from the security office.,0
"Subject: IEEE Programming Contest — Register by September 1, 2025. IEEE Student Branch invites you to participate in the annual programming contest. Individual and team categories available.",1
"Subject: Job Alert: Junior Mobile Developer at Turing. A new job matching your profile has been posted on our platform. Required skills: MongoDB, Docker. CGPA requirement: 2.8+.",1
Subject: New Food Stall Opening — C Block Lawn. We are excited to announce a new food stall near the C Block lawn. Visit us today and try our deals.,0
"Subject: University Cafeteria — This Week's Menu. Dear Students, this week's special includes karahi, biryani, and fresh juices. Cafeteria timings: 8 AM to 8 PM.",0
"Subject: Amazon Summer Internship 2025 — Applications Open. Hello, Amazon is offering a 12-week internship program for BS students in Computer Science and related fields. Apply before June 10, 2025.",1
"Subject: LUMS Women in Tech Scholarship — Apply Now. The Women in Tech scholarship is open for undergraduate students with financial need and strong academic record. Deadline: January 31, 2026.",1
"Subject: Interview Invitation — Frontend Developer at Systems Limited. Dear Applicant, congratulations on clearing the initial screening. You are invited for a technical interview on April 20, 2025.",1
Subject: Domino's Weekend Offer — 50% Off. Don't miss our weekend pizza deal. Order online and get 50% off on all large pizzas. Offer valid till Sunday.,0
"Subject: Portal Maintenance Notice — April 10, 2025. The student portal will be under maintenance on April 10, 2025 from 11 PM to 2 AM. Services will be temporarily unavailable.",0
Subject: Found: Student ID Card — Please Claim. A student ID card was found near the library entrance. Owner can collect it from the security office.,0
"Subject: Scholarship Opportunity — LUMS Financial Aid 2025. Dear Student, applications for the LUMS Financial Aid are now open. Award: PKR 200,000 per semester. Minimum CGPA: 2.5. Apply by August 1, 2025.",1
Subject: New Food Stall Opening — C Block Lawn. We are excited to announce a new food stall near the C Block lawn. Visit us today and try our deals.,0
"Subject: Annual Sports Gala — June 30, 2025. Get ready for the Annual Sports Gala! Events include cricket, football, badminton, and table tennis. Register your team at the sports office.",0
"Subject: Meeting Request — Career Counseling Session. Dear Student, a career counseling session with Netsol Technologies representatives is scheduled for August 1, 2025. Please confirm your attendance.",1
"Subject: OA Test Link — Bytedance Graduate Trainee. Please complete the online assessment for your application to Bytedance. The test is available until November 30, 2025. Time limit: 90 minutes.",1
"Subject: Gym Membership Renewal — Action Required. Your campus gym membership expires on October 15, 2025. Renew online or visit the sports office to continue access.",0
"Subject: Portal Maintenance Notice — May 15, 2025. The student portal will be under maintenance on May 15, 2025 from 11 PM to 2 AM. Services will be temporarily unavailable.",0
"Subject: Blood Donation Drive — April 20, 2025. The social welfare society is organizing a blood donation camp on April 20, 2025. Donate blood, save a life. Walk-ins welcome.",0
"Subject: Meeting Request — Career Counseling Session. Dear Student, a career counseling session with FAST NUCES representatives is scheduled for August 31, 2025. Please confirm your attendance.",1
"Subject: Monthly Newsletter — December 2025. Dear Reader, in this edition we cover campus life highlights, upcoming events, faculty achievements, and student success stories.",0
"Subject: Job Alert: Junior Full Stack Developer at Arbisoft. A new job matching your profile has been posted on our platform. Required skills: TensorFlow, PostgreSQL. CGPA requirement: 3.5+.",1
"Subject: LUMS Women in Tech Scholarship — Apply Now. The Women in Tech scholarship is open for undergraduate students with financial need and strong academic record. Deadline: October 15, 2025.",1
"Subject: Iftar Deal at Campus Dhaba. Dear Students, join us for a special Iftar buffet at Rs. 500 only. Seating is limited so come early.",0
"Subject: CODEX X Hackathon Invitation. Hi, join us for a 24-hour coding competition on May 1, 2025. Open to all CS/SE students. Prizes include internship offers and cash awards.",1
Subject: Birthday Wishes — Usman Malik. Wishing a very happy birthday to our dear Usman Malik! Join us for a small celebration in the common room after evening classes.,0
Subject: Election Results Announcement — Student Body 2025. We are pleased to announce the results of the student council elections. Thank you to all candidates who participated.,0
"Subject: Industry Workshop Invitation — IBM. You are invited to attend a professional workshop on Web Development organized by IBM. Date: August 31, 2025. Venue: Faisalabad.",1
"Subject: Meet Your Candidate — Bilal Raza for President. Hi everyone, I'm Bilal Raza and I'm running for Student Council President. Here's my manifesto. Your vote means everything.",0
"Subject: LUMS Merit Excellence Scholarship — Apply Now. The Merit Excellence scholarship is open for undergraduate students with financial need and strong academic record. Deadline: February 28, 2026.",1
"Subject: Holiday Notice — Eid-ul-Adha. The university will remain closed on October 15, 2025 in observance of Eid-ul-Adha. All classes and labs are suspended.",0
"Subject: University Cafeteria — This Week's Menu. Dear Students, this week's special includes karahi, biryani, and fresh juices. Cafeteria timings: 8 AM to 8 PM.",0
"Subject: LUMS Merit Excellence Scholarship — Apply Now. The Merit Excellence scholarship is open for undergraduate students with financial need and strong academic record. Deadline: January 31, 2026.",1
"Subject: Gym Membership Renewal — Action Required. Your campus gym membership expires on March 15, 2025. Renew online or visit the sports office to continue access.",0
"Subject: Graduate Trainee Program — Airlift 2025. Applications are open for the Airlift Graduate Trainee Program. Eligible degrees: CS, SE, IT, EE. Apply by May 31, 2025.",1
"Subject: Lost: Black JanSport Backpack — CS Department. Hi, I lost my black JanSport backpack near the CS lab on February 28, 2026. It had my charger and notebooks. Please contact if found.",0
"Subject: IdeaHack — Register Before January 31, 2026. Hi Developer, IdeaHack is now open for registration. Form a team of 2-4 and compete for cash prizes worth PKR 200,000. Theme: Web Development.",1
"Subject: Job Alert: Junior Full Stack Developer at Amazon. A new job matching your profile has been posted on our platform. Required skills: TypeScript, React. CGPA requirement: 2.8+.",1
"Subject: Google BuildItPK 2025 — Applications Open. Hello Developer, BuildItPK is now accepting applications. Build something impactful and win exciting prizes. Deadline: May 31, 2025.",1
"Subject: Remote Internship Opportunity — Jazz. Dear Applicant, we are offering a remote internship in Cloud Computing for students in their 5th semester or above. Deadline: April 20, 2025.",1
"Subject: University Cafeteria — This Week's Menu. Dear Students, this week's special includes karahi, biryani, and fresh juices. Cafeteria timings: 8 AM to 8 PM.",0
"Subject: Free Workshop: C++ Bootcamp — February 28, 2026. Dear Student, Systems Limited is hosting a free 2-day workshop on C++ for university students. Seats are limited — register now.",1
"Subject: Library Fine Reminder — Action Required. Dear Student, your library account has an outstanding fine of Rs. 200. Please clear the dues before the end of this week.",0
Subject: Lost: Green Water Bottle — Gym Area. Has anyone seen a green Nalgene water bottle in the gym? Please contact me at finder@student.edu.pk if found.,0
"Subject: Debate Competition — Student Council Candidates. Watch the candidates debate live on March 15, 2025 in the auditorium. All students are welcome to attend.",0
"Subject: University Cafeteria — This Week's Menu. Dear Students, this week's special includes karahi, biryani, and fresh juices. Cafeteria timings: 8 AM to 8 PM.",0
"Subject: Internship Opening at Meta — Apply by June 30, 2025. Dear Student, we are hiring motivated undergraduates for a paid summer internship in Mobile Development. Shortlisted candidates will be contacted for an online test.",1
"Subject: Attendance Shortage Warning. Dear Student, your attendance in CS301 has fallen below 75%. Further absences may result in debarment from the final exam.",0
"Subject: ACM ICPC 2025 — Registrations Open. Dear Student, ACM ICPC is back. Submit your project by May 31, 2025 and stand a chance to win PKR 50,000 and mentorship.",1
"Subject: Bykea Summer Internship 2025 — Applications Open. Hello, Bykea is offering a 6-week internship program for BS students in Computer Science and related fields. Apply before May 15, 2025.",1
"Subject: Remote Internship Opportunity — Google. Dear Applicant, we are offering a remote internship in Natural Language Processing for students in their 5th semester or above. Deadline: August 31, 2025.",1
"Subject: Debate Competition — Student Council Candidates. Watch the candidates debate live on August 31, 2025 in the auditorium. All students are welcome to attend.",0
"Subject: Student Council Elections 2025 — Vote Now. Dear Student, cast your vote for your student representative. Voting is open from April 20, 2025 to May 31, 2025. Visit the portal.",0
Subject: Exam Schedule Updated — Please Check Portal. The updated midterm exam schedule has been posted on the portal. Please verify your paper timings.,0
"Subject: Farewell Party — Final Year Batch 2025. You are cordially invited to the farewell dinner for the graduating batch of 2025. Venue: University Auditorium. Date: April 1, 2025. Dress code: formal.",0
"Subject: Annual Sports Gala — October 15, 2025. Get ready for the Annual Sports Gala! Events include cricket, football, badminton, and table tennis. Register your team at the sports office.",0
"Subject: HEC Need-Based Scholarship 2025. Dear Student, the Higher Education Commission is accepting applications for need-based scholarships. Eligible: students with CGPA 2.8+. Last date: May 15, 2025.",1
"Subject: HEC Need-Based Scholarship 2025. Dear Student, the Higher Education Commission is accepting applications for need-based scholarships. Eligible: students with CGPA 3.2+. Last date: April 20, 2025.",1
"Subject: Annual Sports Gala — April 20, 2025. Get ready for the Annual Sports Gala! Events include cricket, football, badminton, and table tennis. Register your team at the sports office.",0
"Subject: National Hackathon — BuildItPK. Dear Student, we invite you to participate in BuildItPK, hosted by Careem. Solo or team registrations open till April 10, 2025.",1
"Subject: Internship Alert: Data Analyst at Turing. A new internship matching your profile has been posted. Requirements include Linux and Kubernetes. Last date to apply is May 31, 2025.",1
"Subject: NASA Space Apps 2025 — Registrations Open. Dear Student, NASA Space Apps is back. Submit your project by March 15, 2025 and stand a chance to win PKR 500,000 and mentorship.",1
"Subject: Student Council Elections 2025 — Vote Now. Dear Student, cast your vote for your student representative. Voting is open from June 10, 2025 to May 31, 2025. Visit the portal.",0
"Subject: Student Council Elections 2025 — Vote Now. Dear Student, cast your vote for your student representative. Voting is open from May 31, 2025 to May 31, 2025. Visit the portal.",0
"Subject: Hiring: ML Engineer — Ignite (Karachi). Ignite is looking for a ML Engineer to join their Cybersecurity team. Fresh graduates are encouraged to apply. Last date: August 31, 2025.",1
"Subject: National Hackathon — DataFest. Dear Student, we invite you to participate in DataFest, hosted by Shopify. Solo or team registrations open till June 10, 2025.",1
Subject: Domino's Weekend Offer — 50% Off. Don't miss our weekend pizza deal. Order online and get 50% off on all large pizzas. Offer valid till Sunday.,0
"Subject: Paid Internship — Blockchain Division at Arbisoft. We invite applications from final-year students for a full-time internship starting May. Stipend: PKR 35,000/month.",1
"Subject: Farewell Party — Final Year Batch 2025. You are cordially invited to the farewell dinner for the graduating batch of 2025. Venue: Pearl Continental. Date: May 1, 2025. Dress code: formal.",0
"Subject: Google Summer of Code 2025 — Applications Open. Hello Developer, GSoC is now accepting student proposals. Work with open-source organizations and earn a stipend. Deadline: October 15, 2025.",1
Subject: Election Results Announcement — Student Body 2025. We are pleased to announce the results of the student council elections. Thank you to all candidates who participated.,0
"Subject: Debate Competition — Student Council Candidates. Watch the candidates debate live on April 10, 2025 in the auditorium. All students are welcome to attend.",0
"Subject: BuildItPK — Register Before October 15, 2025. Hi Developer, BuildItPK is now open for registration. Form a team of 2-4 and compete for cash prizes worth PKR 500,000. Theme: Mobile Development.",1
"Subject: Lost: Black JanSport Backpack — CS Department. Hi, I lost my black JanSport backpack near the CS lab on January 31, 2026. It had my charger and notebooks. Please contact if found.",0
"Subject: Attendance Shortage Warning. Dear Student, your attendance in MT201 has fallen below 75%. Further absences may result in debarment from the final exam.",0
"Subject: Survey Request — Campus Satisfaction. Dear Student, please take 5 minutes to fill out our campus satisfaction survey. Your feedback helps us improve.",0
"Subject: Holiday Notice — Labour Day. The university will remain closed on September 1, 2025 in observance of Labour Day. All classes and labs are suspended.",0
"Subject: HackPSX — Register Before February 28, 2026. Hi Developer, HackPSX is now open for registration. Form a team of 2-4 and compete for cash prizes worth PKR 200,000. Theme: Web Development.",1
"Subject: MLH Fellowship — Applications Closing April 10, 2025. The MLH Fellowship is a remote internship alternative for software engineers. Apply now and work with top open-source projects.",1
"Subject: Talent Show Auditions — Sign Up Now. The annual talent show auditions are open. Participate in singing, comedy, spoken word, or dance. Last date to register: May 31, 2025.",0
Subject: Found: Student ID Card — Please Claim. A student ID card was found near the library entrance. Owner can collect it from the security office.,0
Subject: Election Results Announcement — Student Body 2025. We are pleased to announce the results of the student council elections. Thank you to all candidates who participated.,0
"Subject: Fully Funded Fellowship — Bytedance Cloud Computing Program. We are pleased to announce the Bytedance Fellowship for students pursuing Cloud Computing. Covers tuition, stipend, and mentorship.",1
"Subject: Debate Competition — Student Council Candidates. Watch the candidates debate live on August 31, 2025 in the auditorium. All students are welcome to attend.",0
"Subject: MLH Fellowship — Applications Closing April 10, 2025. The MLH Fellowship is a remote internship alternative for software engineers. Apply now and work with top open-source projects.",1
"Subject: Movie Night on Campus — March 15, 2025. Join us for a free outdoor movie screening on March 15, 2025. Bring your friends and enjoy popcorn under the stars.",0
"Subject: Annual Sports Gala — June 10, 2025. Get ready for the Annual Sports Gala! Events include cricket, football, badminton, and table tennis. Register your team at the sports office.",0
"Subject: Monthly Newsletter — April 2025. Dear Reader, in this edition we cover campus life highlights, upcoming events, faculty achievements, and student success stories.",0
"Subject: Meeting Request — Career Counseling Session. Dear Student, a career counseling session with Stripe representatives is scheduled for January 31, 2026. Please confirm your attendance.",1
"Subject: Fully Funded Fellowship — LUMS UI/UX Design Program. We are pleased to announce the LUMS Fellowship for students pursuing UI/UX Design. Covers tuition, stipend, and mentorship.",1
"Subject: Holiday Notice — Quaid-e-Azam Day. The university will remain closed on February 28, 2026 in observance of Quaid-e-Azam Day. All classes and labs are suspended.",0
"Subject: Google Generation Scholarship — Applications Open. Hello, Google is offering scholarships to students from underrepresented backgrounds in CS. Award: USD 1000. Apply by September 1, 2025.",1
"Subject: National Hackathon — DataFest. Dear Student, we invite you to participate in DataFest, hosted by Foodpanda. Solo or team registrations open till May 31, 2025.",1
"Subject: Fully Funded Fellowship — Airlift Cloud Computing Program. We are pleased to announce the Airlift Fellowship for students pursuing Cloud Computing. Covers tuition, stipend, and mentorship.",1
Subject: Domino's Weekend Offer — 50% Off. Don't miss our weekend pizza deal. Order online and get 50% off on all large pizzas. Offer valid till Sunday.,0
"Subject: Book Return Reminder — Due Date: April 10, 2025. This is a reminder that the books issued to you are due for return on April 10, 2025. Late returns incur a daily fine.",0
"Subject: Microsoft Imagine Cup 2025 — Registrations Open. Dear Student, Microsoft Imagine Cup is back. Submit your project by October 15, 2025 and stand a chance to win PKR 100,000 and mentorship.",1
"Subject: Full-Time Job Opening — Turing Lahore. Dear candidate, we are urgently hiring for the position of Business Analyst. Send your CV to careers@jazz.com.pk before October 15, 2025.",1
"Subject: Campus Wi-Fi Upgrade Notice. The IT department will be upgrading the campus Wi-Fi infrastructure over the weekend. Expect intermittent connectivity on August 1, 2025.",0
"Subject: Google Summer of Code 2025 — Applications Open. Hello Developer, GSoC is now accepting student proposals. Work with open-source organizations and earn a stipend. Deadline: November 30, 2025.",1
"Subject: MLH Fellowship — Applications Closing February 28, 2026. The MLH Fellowship is a remote internship alternative for software engineers. Apply now and work with top open-source projects.",1
"Subject: HackFest 2.0 — 48 Hour Build Challenge. Registration is open for HackFest, a 48-hour national hackathon. Theme: Mobile Development. Last date to register: June 10, 2025.",1
"Subject: Meet Your Candidate — Ali Hassan for President. Hi everyone, I'm Ali Hassan and I'm running for Student Council President. Here's my manifesto. Your vote means everything.",0
"Subject: Campus Wi-Fi Upgrade Notice. The IT department will be upgrading the campus Wi-Fi infrastructure over the weekend. Expect intermittent connectivity on October 15, 2025.",0
"Subject: CODEX 2.0 Hackathon Invitation. Hi, join us for a 24-hour coding competition on June 30, 2025. Open to all CS/SE students. Prizes include internship offers and cash awards.",1
"Subject: Subway Discount for Students — Show Your ID. Dear Student, present your university ID at Subway to get 20% off on all orders this weekend.",0
"Subject: Ignite Summer Internship 2025 — Applications Open. Hello, Ignite is offering a 16-week internship program for BS students in Computer Science and related fields. Apply before January 31, 2026.",1
Subject: Birthday Wishes — Zara Noor. Wishing a very happy birthday to our dear Zara Noor! Join us for a small celebration in the common room after evening classes.,0
"Subject: Student Transport Schedule Update. Dear Students, the shuttle service route has been updated effective April 10, 2025. Please check the new timings on the portal.",0
"Subject: Walk-in Interview — Mobile Developer at PTCL. You are invited to attend a walk-in interview on April 20, 2025 at PTCL office, Peshawar. Bring your CV and transcript.",1
"Subject: Full-Time Job Opening — Foodpanda Lahore. Dear candidate, we are urgently hiring for the position of Full Stack Developer. Send your CV to careers@jazz.com.pk before August 1, 2025.",1
"Subject: Library Fine Reminder — Action Required. Dear Student, your library account has an outstanding fine of Rs. 200. Please clear the dues before the end of this week.",0
"Subject: LUMS STEM Leadership Scholarship — Apply Now. The STEM Leadership scholarship is open for undergraduate students with financial need and strong academic record. Deadline: October 15, 2025.",1
"Subject: Internship Alert: Cybersecurity Analyst at Google. A new internship matching your profile has been posted. Requirements include PyTorch and Kubernetes. Last date to apply is May 1, 2025.",1
"Subject: Meet Your Candidate — Ayesha Siddiqui for President. Hi everyone, I'm Ayesha Siddiqui and I'm running for Student Council President. Here's my manifesto. Your vote means everything.",0
"Subject: Internship Opening at Meezan Bank — Apply by April 1, 2025. Dear Student, we are hiring motivated undergraduates for a paid summer internship in Data Science. Shortlisted candidates will be contacted for an online test.",1
"Subject: Student Council Elections 2025 — Vote Now. Dear Student, cast your vote for your student representative. Voting is open from April 1, 2025 to June 10, 2025. Visit the portal.",0
"Subject: Internship Alert: Backend Developer at Meta. A new internship matching your profile has been posted. Requirements include MongoDB and MongoDB. Last date to apply is August 1, 2025.",1
"Subject: Talent Show Auditions — Sign Up Now. The annual talent show auditions are open. Participate in singing, comedy, spoken word, or dance. Last date to register: May 15, 2025.",0
"Subject: Full-Time Job Opening — Systems Limited Lahore. Dear candidate, we are urgently hiring for the position of Research Assistant. Send your CV to careers@jazz.com.pk before May 1, 2025.",1
"Subject: Free Workshop: FastAPI Bootcamp — June 10, 2025. Dear Student, Microsoft is hosting a free 2-day workshop on FastAPI for university students. Seats are limited — register now.",1
"Subject: Graduate Trainee Program — Arbisoft 2025. Applications are open for the Arbisoft Graduate Trainee Program. Eligible degrees: CS, SE, IT, EE. Apply by November 30, 2025.",1
"Subject: ICPC Regional 2025 — Registrations Open. Dear Student, ICPC Regional is back. Submit your project by May 31, 2025 and stand a chance to win PKR 500,000 and mentorship.",1
"Subject: Google Summer of Code 2025 — Applications Open. Hello Developer, GSoC is now accepting student proposals. Work with open-source organizations and earn a stipend. Deadline: February 28, 2026.",1
"Subject: Blood Donation Drive — September 1, 2025. The social welfare society is organizing a blood donation camp on September 1, 2025. Donate blood, save a life. Walk-ins welcome.",0
"Subject: Internship Alert: DevOps Engineer at Techlogix. A new internship matching your profile has been posted. Requirements include AWS and MongoDB. Last date to apply is August 1, 2025.",1
"Subject: Internship Alert: Cybersecurity Analyst at Meezan Bank. A new internship matching your profile has been posted. Requirements include Linux and C++. Last date to apply is July 15, 2025.",1
"Subject: Meeting Request — Career Counseling Session. Dear Student, a career counseling session with HBL representatives is scheduled for September 1, 2025. Please confirm your attendance.",1
"Subject: Google Generation Scholarship — Applications Open. Hello, Google is offering scholarships to students from underrepresented backgrounds in CS. Award: USD 1000. Apply by April 10, 2025.",1
"Subject: Internship Alert: Cloud Engineer at Foodpanda. A new internship matching your profile has been posted. Requirements include PostgreSQL and Python. Last date to apply is April 1, 2025.",1
"Subject: Iftar Deal at Campus Dhaba. Dear Students, join us for a special Iftar buffet at Rs. 200 only. Seating is limited so come early.",0
"Subject: Meet Your Candidate — Ali Hassan for President. Hi everyone, I'm Ali Hassan and I'm running for Student Council President. Here's my manifesto. Your vote means everything.",0
"Subject: Farewell Party — Final Year Batch 2025. You are cordially invited to the farewell dinner for the graduating batch of 2025. Venue: Pearl Continental. Date: January 31, 2026. Dress code: formal.",0
"Subject: Internship Opening at Careem — Apply by October 15, 2025. Dear Student, we are hiring motivated undergraduates for a paid summer internship in Data Science. Shortlisted candidates will be contacted for an online test.",1
"Subject: Electricity Outage — June 10, 2025. Please note that there will be a planned electricity outage on June 10, 2025 from 9 AM to 1 PM due to maintenance work in the main grid.",0
"Subject: Pizza Hut Discount for Students — Show Your ID. Dear Student, present your university ID at Pizza Hut to get 20% off on all orders this weekend.",0
"Subject: Book Return Reminder — Due Date: October 15, 2025. This is a reminder that the books issued to you are due for return on October 15, 2025. Late returns incur a daily fine.",0
"Subject: Certification Training — SQL & C++. A sponsored training program on SQL is being offered at Bykea. Certificate provided. Register before October 15, 2025.",1
"Subject: Industry Workshop Invitation — Bykea. You are invited to attend a professional workshop on Embedded Systems organized by Bykea. Date: August 31, 2025. Venue: Islamabad.",1
Subject: Election Results Announcement — Student Body 2025. We are pleased to announce the results of the student council elections. Thank you to all candidates who participated.,0
"Subject: Holiday Notice — Allama Iqbal Day. The university will remain closed on April 1, 2025 in observance of Allama Iqbal Day. All classes and labs are suspended.",0
"Subject: University Cafeteria — This Week's Menu. Dear Students, this week's special includes karahi, biryani, and fresh juices. Cafeteria timings: 8 AM to 8 PM.",0
"Subject: Library Fine Reminder — Action Required. Dear Student, your library account has an outstanding fine of Rs. 150. Please clear the dues before the end of this week.",0
"Subject: Portal Maintenance Notice — May 15, 2025. The student portal will be under maintenance on May 15, 2025 from 11 PM to 2 AM. Services will be temporarily unavailable.",0
Subject: Birthday Wishes — Hamza Sheikh. Wishing a very happy birthday to our dear Hamza Sheikh! Join us for a small celebration in the common room after evening classes.,0
"Subject: Full-Time Job Opening — Airlift Lahore. Dear candidate, we are urgently hiring for the position of ML Engineer. Send your CV to careers@techlogix.com before August 1, 2025.",1
"Subject: Electricity Outage — August 31, 2025. Please note that there will be a planned electricity outage on August 31, 2025 from 9 AM to 1 PM due to maintenance work in the main grid.",0
"Subject: Interview Invitation — Cybersecurity Analyst at Careem. Dear Applicant, congratulations on clearing the initial screening. You are invited for a technical interview on July 15, 2025.",1
"Subject: Internship Alert: Business Analyst at Telenor. A new internship matching your profile has been posted. Requirements include Docker and FastAPI. Last date to apply is September 1, 2025.",1
"Subject: Remote Internship Opportunity — Daraz. Dear Applicant, we are offering a remote internship in Blockchain for students in their 5th semester or above. Deadline: August 31, 2025.",1
"Subject: Open Source Contributor Program — Careem. Careem is offering paid open-source contributions for students. Apply by March 15, 2025 with a sample PR or project link.",1
"Subject: Student Council Elections 2025 — Vote Now. Dear Student, cast your vote for your student representative. Voting is open from May 15, 2025 to April 20, 2025. Visit the portal.",0
Subject: New Food Stall Opening — C Block Lawn. We are excited to announce a new food stall near the C Block lawn. Visit us today and try our deals.,0
"Subject: Hiring: ML Engineer — Turing (Faisalabad). Turing is looking for a ML Engineer to join their Computer Vision team. Fresh graduates are encouraged to apply. Last date: June 30, 2025.",1
"Subject: Monthly Newsletter — February 2025. Dear Reader, in this edition we cover campus life highlights, upcoming events, faculty achievements, and student success stories.",0
"Subject: Movie Night on Campus — April 1, 2025. Join us for a free outdoor movie screening on April 1, 2025. Bring your friends and enjoy popcorn under the stars.",0
"Subject: Holiday Notice — Labour Day. The university will remain closed on June 10, 2025 in observance of Labour Day. All classes and labs are suspended.",0
"Subject: Attendance Shortage Warning. Dear Student, your attendance in MT201 has fallen below 75%. Further absences may result in debarment from the final exam.",0
"Subject: Full-Time Job Opening — Netsol Technologies Lahore. Dear candidate, we are urgently hiring for the position of Mobile Developer. Send your CV to careers@systemslimited.com before June 30, 2025.",1
"Subject: Google Summer of Code 2025 — Applications Open. Hello Developer, GSoC is now accepting student proposals. Work with open-source organizations and earn a stipend. Deadline: March 15, 2025.",1
"Subject: Hiring: Software Engineer — Stripe (Faisalabad). Stripe is looking for a Software Engineer to join their UI/UX Design team. Fresh graduates are encouraged to apply. Last date: October 15, 2025.",1
"Subject: Survey Request — Campus Satisfaction. Dear Student, please take 5 minutes to fill out our campus satisfaction survey. Your feedback helps us improve.",0
"Subject: Case Competition — Taskeen Business Challenge. Taskeen invites CS and business students to solve a real-world problem. Team size: 3-5. Deadline: May 15, 2025.",1
"Subject: Remote Internship Opportunity — FAST NUCES. Dear Applicant, we are offering a remote internship in Artificial Intelligence for students in their 5th semester or above. Deadline: June 10, 2025.",1
"Subject: Portal Maintenance Notice — May 15, 2025. The student portal will be under maintenance on May 15, 2025 from 11 PM to 2 AM. Services will be temporarily unavailable.",0
"Subject: Monthly Newsletter — July 2025. Dear Reader, in this edition we cover campus life highlights, upcoming events, faculty achievements, and student success stories.",0
"Subject: Lost: AirPods Case — Seminar Hall. I left my AirPods case (white, engraved) in the seminar hall after the event on July 15, 2025. Please DM if found.",0
"Subject: CODEX 3.0 Hackathon Invitation. Hi, join us for a 24-hour coding competition on January 31, 2026. Open to all CS/SE students. Prizes include internship offers and cash awards.",1
"Subject: Electricity Outage — May 15, 2025. Please note that there will be a planned electricity outage on May 15, 2025 from 9 AM to 1 PM due to maintenance work in the main grid.",0
"Subject: Holiday Notice — Kashmir Solidarity Day. The university will remain closed on February 28, 2026 in observance of Kashmir Solidarity Day. All classes and labs are suspended.",0
"Subject: Job Alert: Junior Full Stack Developer at IBM. A new job matching your profile has been posted on our platform. Required skills: PyTorch, Java. CGPA requirement: 3.2+.",1
Subject: Found: Student ID Card — Please Claim. A student ID card was found near the library entrance. Owner can collect it from the security office.,0
"Subject: Meeting Request — Career Counseling Session. Dear Student, a career counseling session with Amazon representatives is scheduled for September 1, 2025. Please confirm your attendance.",1
"Subject: Job Alert: Junior Full Stack Developer at Techlogix. A new job matching your profile has been posted on our platform. Required skills: Git, Azure. CGPA requirement: 3.0+.",1
"Subject: Survey Request — Campus Satisfaction. Dear Student, please take 5 minutes to fill out our campus satisfaction survey. Your feedback helps us improve.",0
"Subject: HackFest Elite — 48 Hour Build Challenge. Registration is open for HackFest, a 48-hour national hackathon. Theme: Machine Learning. Last date to register: June 10, 2025.",1
"Subject: Lost: Black JanSport Backpack — CS Department. Hi, I lost my black JanSport backpack near the CS lab on August 31, 2025. It had my charger and notebooks. Please contact if found.",0
"Subject: Full-Time Job Opening — LUMS Lahore. Dear candidate, we are urgently hiring for the position of Business Analyst. Send your CV to careers@arbisoft.com before July 15, 2025.",1
Subject: Lost: Green Water Bottle — Gym Area. Has anyone seen a green Nalgene water bottle in the gym? Please contact me at lost_owner@outlook.com if found.,0
"Subject: Annual Sports Gala — May 15, 2025. Get ready for the Annual Sports Gala! Events include cricket, football, badminton, and table tennis. Register your team at the sports office.",0
"Subject: Industry Workshop Invitation — Stripe. You are invited to attend a professional workshop on Cloud Computing organized by Stripe. Date: June 30, 2025. Venue: Lahore.",1
"Subject: Internship Opening at Arbisoft — Apply by June 10, 2025. Dear Student, we are hiring motivated undergraduates for a paid summer internship in Computer Vision. Shortlisted candidates will be contacted for an online test.",1
"Subject: Open Source Contributor Program — Microsoft. Microsoft is offering paid open-source contributions for students. Apply by August 1, 2025 with a sample PR or project link.",1
"Subject: Advent of Code Challenge 2025 — Registrations Open. Dear Student, Advent of Code Challenge is back. Submit your project by September 1, 2025 and stand a chance to win PKR 1,000,000 and mentorship.",1
"Subject: Lost: Black JanSport Backpack — CS Department. Hi, I lost my black JanSport backpack near the CS lab on June 10, 2025. It had my charger and notebooks. Please contact if found.",0
"Subject: Library Fine Reminder — Action Required. Dear Student, your library account has an outstanding fine of Rs. 150. Please clear the dues before the end of this week.",0
"Subject: MLH Fellowship — Applications Closing August 1, 2025. The MLH Fellowship is a remote internship alternative for software engineers. Apply now and work with top open-source projects.",1
"Subject: Attendance Shortage Warning. Dear Student, your attendance in SE301 has fallen below 75%. Further absences may result in debarment from the final exam.",0
"Subject: Remote Internship Opportunity — Meezan Bank. Dear Applicant, we are offering a remote internship in Cloud Computing for students in their 5th semester or above. Deadline: May 31, 2025.",1
Subject: New Food Stall Opening — C Block Lawn. We are excited to announce a new food stall near the C Block lawn. Visit us today and try our deals.,0
"Subject: Farewell Party — Final Year Batch 2025. You are cordially invited to the farewell dinner for the graduating batch of 2025. Venue: University Auditorium. Date: October 15, 2025. Dress code: formal.",0
"Subject: Blood Donation Drive — March 15, 2025. The social welfare society is organizing a blood donation camp on March 15, 2025. Donate blood, save a life. Walk-ins welcome.",0
"Subject: Google Generation Scholarship — Applications Open. Hello, Google is offering scholarships to students from underrepresented backgrounds in CS. Award: USD 1000. Apply by April 20, 2025.",1
"Subject: Walk-in Interview — DevOps Engineer at Jazz. You are invited to attend a walk-in interview on September 1, 2025 at Jazz office, Karachi. Bring your CV and transcript.",1
"Subject: Movie Night on Campus — August 1, 2025. Join us for a free outdoor movie screening on August 1, 2025. Bring your friends and enjoy popcorn under the stars.",0
"Subject: Google DevSprint 2025 — Applications Open. Hello Developer, DevSprint is now accepting applications. Build something impactful and win exciting prizes. Deadline: February 28, 2026.",1
"Subject: Internship Opening at Microsoft — Apply by August 31, 2025. Dear Student, we are hiring motivated undergraduates for a paid summer internship in Computer Vision. Shortlisted candidates will be contacted for an online test.",1
Subject: Found: Student ID Card — Please Claim. A student ID card was found near the library entrance. Owner can collect it from the security office.,0
"Subject: Scholarship Opportunity — LUMS Financial Aid 2025. Dear Student, applications for the LUMS Financial Aid are now open. Award: PKR 150,000 per semester. Minimum CGPA: 3.2. Apply by April 10, 2025.",1
Subject: New Food Stall Opening — C Block Lawn. We are excited to announce a new food stall near the C Block lawn. Visit us today and try our deals.,0
"Subject: Industry Workshop Invitation — Amazon. You are invited to attend a professional workshop on Computer Vision organized by Amazon. Date: July 15, 2025. Venue: Peshawar.",1
"Subject: Scholarship Opportunity — Ehsaas 2025. Dear Student, applications for the Ehsaas are now open. Award: PKR 50,000 per semester. Minimum CGPA: 2.5. Apply by April 10, 2025.",1
"Subject: Book Return Reminder — Due Date: June 30, 2025. This is a reminder that the books issued to you are due for return on June 30, 2025. Late returns incur a daily fine.",0
"Subject: Library Fine Reminder — Action Required. Dear Student, your library account has an outstanding fine of Rs. 100. Please clear the dues before the end of this week.",0
"Subject: National Hackathon — DevSprint. Dear Student, we invite you to participate in DevSprint, hosted by Shopify. Solo or team registrations open till April 10, 2025.",1
"Subject: Library Fine Reminder — Action Required. Dear Student, your library account has an outstanding fine of Rs. 100. Please clear the dues before the end of this week.",0
"Subject: Meeting Request — Career Counseling Session. Dear Student, a career counseling session with Turing representatives is scheduled for May 15, 2025. Please confirm your attendance.",1
"Subject: McDonald's Discount for Students — Show Your ID. Dear Student, present your university ID at McDonald's to get 20% off on all orders this weekend.",0
"Subject: Interview Invitation — Software Engineer at Zong. Dear Applicant, congratulations on clearing the initial screening. You are invited for a technical interview on April 10, 2025.",1
"Subject: Farewell Party — Final Year Batch 2025. You are cordially invited to the farewell dinner for the graduating batch of 2025. Venue: University Auditorium. Date: August 1, 2025. Dress code: formal.",0
"Subject: Scholarship Opportunity — HEC Undergraduate 2025. Dear Student, applications for the HEC Undergraduate are now open. Award: PKR 1,000,000 per semester. Minimum CGPA: 3.2. Apply by November 30, 2025.",1
"Subject: Lost: Black JanSport Backpack — CS Department. Hi, I lost my black JanSport backpack near the CS lab on April 1, 2025. It had my charger and notebooks. Please contact if found.",0
Subject: Birthday Wishes — Ali Hassan. Wishing a very happy birthday to our dear Ali Hassan! Join us for a small celebration in the common room after evening classes.,0
"Subject: HEC Need-Based Scholarship 2025. Dear Student, the Higher Education Commission is accepting applications for need-based scholarships. Eligible: students with CGPA 2.8+. Last date: June 10, 2025.",1
"Subject: Meet Your Candidate — Hamza Sheikh for President. Hi everyone, I'm Hamza Sheikh and I'm running for Student Council President. Here's my manifesto. Your vote means everything.",0
"Subject: Campus Wi-Fi Upgrade Notice. The IT department will be upgrading the campus Wi-Fi infrastructure over the weekend. Expect intermittent connectivity on September 1, 2025.",0
"Subject: Industry Workshop Invitation — Meezan Bank. You are invited to attend a professional workshop on Embedded Systems organized by Meezan Bank. Date: March 15, 2025. Venue: Karachi.",1
"Subject: Annual Sports Gala — January 31, 2026. Get ready for the Annual Sports Gala! Events include cricket, football, badminton, and table tennis. Register your team at the sports office.",0
Subject: Lost: Green Water Bottle — Gym Area. Has anyone seen a green Nalgene water bottle in the gym? Please contact me at finder@student.edu.pk if found.,0
"Subject: Google AIHack 2025 — Applications Open. Hello Developer, AIHack is now accepting applications. Build something impactful and win exciting prizes. Deadline: January 31, 2026.",1
"Subject: Aptitude Test Scheduled — Zong. Your application for the Software Engineer position has been shortlisted. Aptitude test scheduled for October 15, 2025 at 9:00 AM.",1
"Subject: Lost: Black JanSport Backpack — CS Department. Hi, I lost my black JanSport backpack near the CS lab on April 20, 2025. It had my charger and notebooks. Please contact if found.",0
"Subject: Open Source Contributor Program — Ignite. Ignite is offering paid open-source contributions for students. Apply by September 1, 2025 with a sample PR or project link.",1
"Subject: Google Summer of Code 2025 — Applications Open. Hello Developer, GSoC is now accepting student proposals. Work with open-source organizations and earn a stipend. Deadline: January 31, 2026.",1
"Subject: Movie Night on Campus — June 30, 2025. Join us for a free outdoor movie screening on June 30, 2025. Bring your friends and enjoy popcorn under the stars.",0
"Subject: Certification Training — MongoDB & Django. A sponsored training program on MongoDB is being offered at Stripe. Certificate provided. Register before June 10, 2025.",1
"Subject: Free Workshop: Flutter Bootcamp — June 30, 2025. Dear Student, HBL is hosting a free 2-day workshop on Flutter for university students. Seats are limited — register now.",1
"Subject: Full-Time Job Opening — Bykea Lahore. Dear candidate, we are urgently hiring for the position of Cybersecurity Analyst. Send your CV to careers@systemslimited.com before May 15, 2025.",1
"Subject: MLH Fellowship — Applications Closing July 15, 2025. The MLH Fellowship is a remote internship alternative for software engineers. Apply now and work with top open-source projects.",1
"Subject: Lost: AirPods Case — Seminar Hall. I left my AirPods case (white, engraved) in the seminar hall after the event on October 15, 2025. Please DM if found.",0
"Subject: ACM ICPC 2025 — Registrations Open. Dear Student, ACM ICPC is back. Submit your project by April 20, 2025 and stand a chance to win PKR 1,000,000 and mentorship.",1
"Subject: Free Workshop: Python Bootcamp — May 1, 2025. Dear Student, LUMS is hosting a free 2-day workshop on Python for university students. Seats are limited — register now.",1
"Subject: Google Summer of Code 2025 — Applications Open. Hello Developer, GSoC is now accepting student proposals. Work with open-source organizations and earn a stipend. Deadline: August 1, 2025.",1
"Subject: Scholarship Opportunity — LUMS Financial Aid 2025. Dear Student, applications for the LUMS Financial Aid are now open. Award: PKR 500,000 per semester. Minimum CGPA: 2.8. Apply by April 1, 2025.",1
"Subject: Interview Invitation — ML Engineer at Shopify. Dear Applicant, congratulations on clearing the initial screening. You are invited for a technical interview on February 28, 2026.",1
"Subject: Scholarship Opportunity — LUMS Financial Aid 2025. Dear Student, applications for the LUMS Financial Aid are now open. Award: PKR 1,000,000 per semester. Minimum CGPA: 3.2. Apply by February 28, 2026.",1
"Subject: Lost: AirPods Case — Seminar Hall. I left my AirPods case (white, engraved) in the seminar hall after the event on August 31, 2025. Please DM if found.",0
"Subject: Meeting Request — Career Counseling Session. Dear Student, a career counseling session with Telenor representatives is scheduled for July 15, 2025. Please confirm your attendance.",1
"Subject: HEC Need-Based Scholarship 2025. Dear Student, the Higher Education Commission is accepting applications for need-based scholarships. Eligible: students with CGPA 3.2+. Last date: February 28, 2026.",1
Subject: Found: Student ID Card — Please Claim. A student ID card was found near the library entrance. Owner can collect it from the security office.,0
"Subject: Library Fine Reminder — Action Required. Dear Student, your library account has an outstanding fine of Rs. 100. Please clear the dues before the end of this week.",0
"Subject: IEEE Programming Contest — Register by August 31, 2025. IEEE Student Branch invites you to participate in the annual programming contest. Individual and team categories available.",1
Subject: New Food Stall Opening — C Block Lawn. We are excited to announce a new food stall near the C Block lawn. Visit us today and try our deals.,0
Subject: Birthday Wishes — Ayesha Siddiqui. Wishing a very happy birthday to our dear Ayesha Siddiqui! Join us for a small celebration in the common room after evening classes.,0
"Subject: Meeting Request — Career Counseling Session. Dear Student, a career counseling session with 10Pearls representatives is scheduled for April 1, 2025. Please confirm your attendance.",1
"Subject: MLH Fellowship — Applications Closing February 28, 2026. The MLH Fellowship is a remote internship alternative for software engineers. Apply now and work with top open-source projects.",1
Subject: Lost: Green Water Bottle — Gym Area. Has anyone seen a green Nalgene water bottle in the gym? Please contact me at someone@gmail.com if found.,0
"Subject: Campus Wi-Fi Upgrade Notice. The IT department will be upgrading the campus Wi-Fi infrastructure over the weekend. Expect intermittent connectivity on August 1, 2025.",0
"Subject: MLH Fellowship — Applications Closing May 15, 2025. The MLH Fellowship is a remote internship alternative for software engineers. Apply now and work with top open-source projects.",1
"Subject: Portal Maintenance Notice — August 31, 2025. The student portal will be under maintenance on August 31, 2025 from 11 PM to 2 AM. Services will be temporarily unavailable.",0
"Subject: CODEX 5.0 Hackathon Invitation. Hi, join us for a 24-hour coding competition on November 30, 2025. Open to all CS/SE students. Prizes include internship offers and cash awards.",1
"Subject: University Cafeteria — This Week's Menu. Dear Students, this week's special includes karahi, biryani, and fresh juices. Cafeteria timings: 8 AM to 8 PM.",0
"Subject: Foodpanda Summer Internship 2025 — Applications Open. Hello, Foodpanda is offering a 8-week internship program for BS students in Computer Science and related fields. Apply before July 15, 2025.",1
"Subject: Portal Maintenance Notice — April 10, 2025. The student portal will be under maintenance on April 10, 2025 from 11 PM to 2 AM. Services will be temporarily unavailable.",0
"Subject: Interview Invitation — Business Analyst at LUMS. Dear Applicant, congratulations on clearing the initial screening. You are invited for a technical interview on November 30, 2025.",1
"Subject: Survey Request — Campus Satisfaction. Dear Student, please take 5 minutes to fill out our campus satisfaction survey. Your feedback helps us improve.",0
"Subject: Certification Training — React & TensorFlow. A sponsored training program on React is being offered at Google. Certificate provided. Register before March 15, 2025.",1
"Subject: Book Return Reminder — Due Date: October 15, 2025. This is a reminder that the books issued to you are due for return on October 15, 2025. Late returns incur a daily fine.",0
"Subject: Walk-in Interview — Software Engineer at Google. You are invited to attend a walk-in interview on July 15, 2025 at Google office, Lahore. Bring your CV and transcript.",1
"Subject: Monthly Newsletter — February 2025. Dear Reader, in this edition we cover campus life highlights, upcoming events, faculty achievements, and student success stories.",0
"Subject: Hiring: Backend Developer — Turing (Islamabad). Turing is looking for a Backend Developer to join their Embedded Systems team. Fresh graduates are encouraged to apply. Last date: September 1, 2025.",1
Subject: Found: Student ID Card — Please Claim. A student ID card was found near the library entrance. Owner can collect it from the security office.,0
"Subject: Monthly Newsletter — August 2025. Dear Reader, in this edition we cover campus life highlights, upcoming events, faculty achievements, and student success stories.",0
"Subject: Iftar Deal at Campus Dhaba. Dear Students, join us for a special Iftar buffet at Rs. 150 only. Seating is limited so come early.",0
"Subject: Talent Show Auditions — Sign Up Now. The annual talent show auditions are open. Participate in singing, comedy, spoken word, or dance. Last date to register: October 15, 2025.",0
"Subject: Walk-in Interview — Data Analyst at Techlogix. You are invited to attend a walk-in interview on May 15, 2025 at Techlogix office, Peshawar. Bring your CV and transcript.",1
"Subject: Gym Membership Renewal — Action Required. Your campus gym membership expires on November 30, 2025. Renew online or visit the sports office to continue access.",0
"Subject: Electricity Outage — February 28, 2026. Please note that there will be a planned electricity outage on February 28, 2026 from 9 AM to 1 PM due to maintenance work in the main grid.",0
Subject: Election Results Announcement — Student Body 2025. We are pleased to announce the results of the student council elections. Thank you to all candidates who participated.,0
Subject: Birthday Wishes — Ayesha Siddiqui. Wishing a very happy birthday to our dear Ayesha Siddiqui! Join us for a small celebration in the common room after evening classes.,0
"Subject: Job Alert: Junior Data Analyst at Shopify. A new job matching your profile has been posted on our platform. Required skills: Docker, Kubernetes. CGPA requirement: 3.5+.",1
"Subject: Electricity Outage — February 28, 2026. Please note that there will be a planned electricity outage on February 28, 2026 from 9 AM to 1 PM due to maintenance work in the main grid.",0
