cgpa,current_semester,total_semesters,min_cgpa_required,cgpa_gap,skills_overlap_count,skills_overlap_pct,location_match,type_preference_match,graduation_year_match,financial_need,is_scholarship,days_until_deadline,urgency_score,quality_signal,match_score
3.55,6,10,3.0,0.55,8,1.0,1,0,1,0,0,53,0.209,1.0,0.8682
2.88,7,8,2.8,0.08,4,0.5,1,1,1,1,0,52,0.2121,0.5,0.8301
3.72,3,6,3.2,0.52,5,0.625,1,1,1,0,1,50,0.2188,0.625,0.8393
3.39,9,10,2.5,0.89,3,0.375,0,1,0,1,0,73,0.1609,0.375,0.5293
2.19,8,10,2.8,-0.61,8,1.0,0,1,1,1,0,89,0.1359,0.0,0.4779
3.95,4,7,2.5,1.45,0,0.0,1,1,1,0,0,22,0.3889,0.0,0.6826
3.52,6,8,2.8,0.72,2,0.25,1,1,1,1,0,2,0.875,0.25,0.7725
3.57,2,6,2.5,1.07,8,1.0,1,1,1,0,0,58,0.1944,1.0,0.9424
2.26,9,10,2.5,-0.24,4,0.5,1,0,1,0,0,10,0.5833,0.0,0.5874
2.9,6,9,3.0,-0.1,1,0.125,1,0,1,1,1,39,0.2642,0.0,0.4216
2.74,3,6,2.5,0.24,3,0.375,1,1,1,1,0,84,0.1429,0.375,0.7812
3.85,5,9,2.5,1.35,2,0.25,1,1,1,0,0,60,0.1892,0.25,0.829
3.29,5,8,3.5,-0.21,4,0.5,1,1,1,1,1,85,0.1414,0.0,0.7953
3.65,5,8,0.0,3.65,2,0.25,1,0,0,1,0,3,0.8235,0.25,0.4282
2.89,4,7,2.8,0.09,3,0.375,1,0,0,0,0,64,0.1795,0.375,0.502
2.45,10,10,2.8,-0.35,8,1.0,1,1,1,1,0,29,0.3256,0.0,0.6324
3.11,5,8,2.5,0.61,0,0.0,1,1,0,0,0,7,0.6667,0.0,0.496
2.13,6,10,2.8,-0.67,6,0.75,0,1,0,0,0,28,0.3333,0.0,0.2684
3.66,4,6,0.0,3.66,0,0.0,1,1,1,0,0,85,0.1414,0.0,0.7302
3.26,5,8,3.0,0.26,4,0.5,1,1,1,0,0,38,0.2692,0.5,0.8932
3.52,5,7,2.5,1.02,6,0.75,1,1,0,1,0,83,0.1443,0.75,0.8384
2.71,9,10,2.5,0.21,8,1.0,0,1,0,0,0,11,0.56,1.0,0.5972
3.94,4,8,2.5,1.44,2,0.25,1,0,1,0,0,60,0.1892,0.25,0.6126
3.79,7,9,3.2,0.59,0,0.0,1,1,1,0,1,40,0.2593,0.0,0.7822
3.56,2,6,3.0,0.56,6,0.75,1,1,1,0,0,27,0.3415,0.75,0.9354
2.39,5,9,3.5,-1.11,8,1.0,1,1,0,0,1,49,0.2222,0.0,0.3817
2.93,2,6,3.0,-0.07,5,0.625,1,1,1,0,0,56,0.2,0.0,0.6675
2.09,3,7,3.0,-0.91,0,0.0,1,0,1,0,0,3,0.8235,0.0,0.2442
2.31,4,7,2.8,-0.49,4,0.5,1,1,1,0,0,59,0.1918,0.0,0.595
3.37,6,6,3.2,0.17,3,0.375,1,1,1,0,1,28,0.3333,0.375,0.7855
3.49,8,8,2.8,0.69,4,0.5,1,0,1,0,1,73,0.1609,0.5,0.808
3.94,3,7,2.8,1.14,0,0.0,1,1,1,0,0,16,0.4667,0.0,0.7343
2.65,8,8,3.0,-0.35,2,0.25,0,0,1,1,0,26,0.35,0.0,0.3476
2.74,8,9,2.8,-0.06,8,1.0,1,1,1,1,0,88,0.1373,0.0,0.7276
2.94,4,6,0.0,2.94,0,0.0,1,1,1,0,0,23,0.3784,0.0,0.7642
2.38,8,9,2.8,-0.42,8,1.0,1,0,1,0,1,12,0.5385,0.0,0.5631
2.26,5,7,2.5,-0.24,4,0.5,1,1,1,0,0,50,0.2188,0.0,0.6387
2.95,4,7,3.2,-0.25,5,0.625,0,1,1,0,0,57,0.1972,0.0,0.5276
2.45,6,8,2.8,-0.35,8,1.0,1,1,1,0,0,52,0.2121,0.0,0.6121
3.34,8,9,3.2,0.14,1,0.125,0,1,1,1,1,37,0.2745,0.125,0.6798
2.87,8,9,2.8,0.07,8,1.0,1,0,1,0,0,10,0.5833,1.0,0.7967
3.67,2,6,3.0,0.67,2,0.25,1,1,1,0,0,26,0.35,0.25,0.7887
3.4,8,8,0.0,3.4,3,0.375,1,1,1,1,0,6,0.7,0.375,0.7854
2.62,4,7,3.5,-0.88,4,0.5,1,0,0,1,0,77,0.1538,0.0,0.1899
3.66,7,7,2.8,0.86,5,0.625,1,1,1,0,0,24,0.3684,0.625,0.8276
3.61,7,10,2.5,1.11,2,0.25,0,0,0,0,1,60,0.1892,0.25,0.3815
2.77,2,6,2.5,0.27,7,0.875,1,0,1,0,0,24,0.3684,0.875,0.8743
2.58,8,8,2.5,0.08,0,0.0,1,1,1,1,1,56,0.2,0.0,0.723
3.36,6,8,2.8,0.56,5,0.625,1,1,1,0,0,9,0.6087,0.625,0.8182
2.28,4,7,3.0,-0.72,5,0.625,0,1,1,0,1,9,0.6087,0.0,0.5662
2.4,5,9,3.5,-1.1,4,0.5,0,1,1,0,0,29,0.3256,0.0,0.4847
2.01,4,8,3.0,-0.99,5,0.625,1,0,1,0,1,24,0.3684,0.0,0.4773
3.57,5,9,2.8,0.77,6,0.75,1,1,1,1,0,29,0.3256,0.75,1.0
3.33,7,7,2.8,0.53,8,1.0,1,0,0,0,1,25,0.359,1.0,0.6537
3.41,6,10,3.2,0.21,1,0.125,1,0,1,0,0,63,0.1818,0.125,0.6008
3.56,5,9,3.2,0.36,4,0.5,0,0,0,0,0,40,0.2593,0.5,0.5192
2.92,7,7,2.5,0.42,5,0.625,1,0,1,1,1,14,0.5,0.625,0.8752
3.14,10,10,3.5,-0.36,3,0.375,1,1,1,0,0,83,0.1443,0.0,0.5346
2.28,7,10,2.8,-0.52,8,1.0,0,1,1,1,0,58,0.1944,0.0,0.5353
2.23,7,8,3.2,-0.97,4,0.5,0,1,1,0,0,37,0.2745,0.0,0.3904
3.34,4,6,3.5,-0.16,5,0.625,0,1,1,0,0,46,0.2333,0.0,0.5497
2.94,6,8,3.0,-0.06,1,0.125,0,0,1,0,1,30,0.3182,0.0,0.3882
3.13,6,9,2.5,0.63,3,0.375,1,1,1,0,1,36,0.28,0.375,0.8209
3.53,6,7,2.8,0.73,5,0.625,1,1,0,0,0,7,0.6667,0.625,0.6428
3.27,6,6,0.0,3.27,3,0.375,1,1,1,0,0,75,0.1573,0.375,0.7675
3.11,7,8,3.0,0.11,6,0.75,1,1,1,0,0,35,0.2857,0.75,0.9991
3.12,10,10,2.5,0.62,1,0.125,1,0,1,0,0,63,0.1818,0.125,0.6245
2.61,3,7,3.0,-0.39,1,0.125,1,1,1,1,1,5,0.7368,0.0,0.4973
2.06,7,8,3.2,-1.14,3,0.375,1,1,0,0,0,9,0.6087,0.0,0.2785
2.87,6,6,2.5,0.37,2,0.25,1,0,0,1,0,33,0.2979,0.25,0.4792
2.43,7,9,2.8,-0.37,7,0.875,1,1,1,1,0,4,0.7778,0.0,0.619
2.82,10,10,3.0,-0.18,7,0.875,1,1,0,1,0,88,0.1373,0.0,0.4867
3.71,6,9,2.8,0.91,4,0.5,1,1,1,0,0,4,0.7778,0.5,0.9354
2.47,8,8,2.5,-0.03,4,0.5,1,1,1,0,0,51,0.2154,0.0,0.6695
2.12,6,6,0.0,2.12,2,0.25,1,1,1,1,0,32,0.3043,0.25,0.8108
2.56,7,8,2.8,-0.24,4,0.5,1,1,1,0,1,19,0.4242,0.0,0.6819
2.59,9,10,3.0,-0.41,6,0.75,0,1,1,0,0,13,0.5185,0.0,0.5963
3.32,4,6,2.8,0.52,6,0.75,1,1,1,0,1,27,0.3415,0.75,0.9557
3.11,4,7,2.5,0.61,8,1.0,1,0,1,0,0,5,0.7368,1.0,0.9129
3.57,8,10,2.8,0.77,5,0.625,1,1,1,0,0,52,0.2121,0.625,0.8779
3.33,8,8,2.8,0.53,3,0.375,1,1,1,0,0,22,0.3889,0.375,0.7509
2.81,2,6,2.5,0.31,0,0.0,0,1,0,1,0,2,0.875,0.0,0.391
3.63,3,6,3.0,0.63,6,0.75,0,1,1,0,1,11,0.56,0.75,0.8611
2.33,6,8,2.5,-0.17,7,0.875,1,1,1,0,0,81,0.1474,0.0,0.7471
2.05,5,8,2.8,-0.75,4,0.5,1,1,1,1,0,22,0.3889,0.0,0.598
2.18,9,10,3.5,-1.32,8,1.0,0,0,1,0,0,53,0.209,0.0,0.3816
3.44,7,10,2.8,0.64,2,0.25,0,0,1,0,0,37,0.2745,0.25,0.5915
2.92,7,8,3.0,-0.08,0,0.0,0,1,0,0,0,45,0.2373,0.0,0.2148
2.32,4,8,0.0,2.32,5,0.625,1,1,0,0,0,77,0.1538,0.625,0.7362
3.0,7,10,2.5,0.5,1,0.125,0,1,1,0,0,65,0.1772,0.125,0.6213
2.3,8,9,0.0,2.3,0,0.0,1,1,1,0,0,50,0.2188,0.0,0.7158
3.39,5,7,3.0,0.39,6,0.75,1,1,1,1,0,19,0.4242,0.75,0.9361
2.89,8,9,3.2,-0.31,3,0.375,1,1,1,1,0,77,0.1538,0.0,0.501
2.76,8,9,2.5,0.26,5,0.625,1,1,1,0,0,2,0.875,0.625,0.8433
2.6,4,7,2.5,0.1,6,0.75,0,1,1,1,0,51,0.2154,0.75,0.7871
3.26,8,10,2.5,0.76,3,0.375,1,0,1,0,1,56,0.2,0.375,0.6959
2.72,7,7,2.8,-0.08,5,0.625,1,0,1,1,0,86,0.14,0.0,0.5622
2.18,8,8,3.0,-0.82,4,0.5,0,1,1,0,0,15,0.4828,0.0,0.4474
2.24,4,8,3.0,-0.76,5,0.625,1,1,1,1,0,26,0.35,0.0,0.5777
3.92,8,9,3.2,0.72,6,0.75,1,1,0,0,0,2,0.875,0.75,0.7712
3.82,8,10,2.5,1.32,3,0.375,0,1,1,0,0,23,0.3784,0.375,0.6748
3.4,3,7,3.0,0.4,4,0.5,0,1,0,1,0,84,0.1429,0.5,0.5566
2.53,6,7,2.8,-0.27,5,0.625,1,0,1,0,0,1,0.9333,0.0,0.5698
3.94,5,9,2.5,1.44,1,0.125,1,1,1,0,1,71,0.1647,0.125,0.691
3.56,7,10,3.2,0.36,1,0.125,1,0,0,0,1,85,0.1414,0.125,0.4488
3.43,9,10,0.0,3.43,0,0.0,0,1,1,1,0,11,0.56,0.0,0.5995
2.9,9,9,3.0,-0.1,1,0.125,1,0,1,0,0,33,0.2979,0.0,0.4301
2.54,7,9,3.0,-0.46,3,0.375,0,1,0,0,1,81,0.1474,0.0,0.1773
2.19,9,9,3.2,-1.01,8,1.0,1,1,1,1,0,65,0.1772,0.0,0.6426
3.81,10,10,2.8,1.01,8,1.0,1,1,1,0,1,7,0.6667,1.0,1.0
2.91,4,6,2.5,0.41,6,0.75,1,1,1,0,0,78,0.1522,0.75,0.883
2.4,4,8,3.2,-0.8,5,0.625,1,1,1,1,1,73,0.1609,0.0,0.606
2.61,5,6,3.0,-0.39,1,0.125,1,1,0,1,0,29,0.3256,0.0,0.2357
3.16,4,8,2.8,0.36,3,0.375,0,1,1,1,0,38,0.2692,0.375,0.7001
2.35,7,7,3.0,-0.65,6,0.75,1,0,1,0,0,28,0.3333,0.0,0.5181
3.71,4,7,2.5,1.21,8,1.0,0,0,0,0,0,47,0.2295,1.0,0.4606
3.52,9,10,2.8,0.72,8,1.0,1,0,1,1,0,71,0.1647,1.0,0.8804
3.44,8,9,3.2,0.24,3,0.375,0,0,1,0,0,61,0.1867,0.375,0.6332
2.86,6,8,2.5,0.36,4,0.5,1,1,1,1,0,88,0.1373,0.5,0.914
3.25,10,10,2.8,0.45,4,0.5,0,1,1,0,1,9,0.6087,0.5,0.7572
3.17,5,6,3.5,-0.33,0,0.0,1,1,1,1,1,84,0.1429,0.0,0.4888
3.3,9,9,3.0,0.3,1,0.125,0,1,1,0,1,82,0.1458,0.125,0.5847
2.17,2,6,3.2,-1.03,0,0.0,1,1,1,1,1,35,0.2857,0.0,0.3734
2.83,5,7,2.8,0.03,6,0.75,1,0,0,0,1,13,0.5185,0.75,0.6127
2.08,6,6,3.5,-1.42,2,0.25,1,1,1,1,1,21,0.4,0.0,0.4766
2.99,8,8,2.5,0.49,6,0.75,1,1,0,0,0,85,0.1414,0.75,0.7509
2.66,7,9,2.8,-0.14,3,0.375,0,1,0,0,0,1,0.9333,0.0,0.2247
2.29,5,9,2.8,-0.51,7,0.875,1,0,1,0,1,9,0.6087,0.0,0.4608
2.21,5,8,3.0,-0.79,1,0.125,1,1,1,0,0,7,0.6667,0.0,0.3792
3.18,8,10,3.2,-0.02,2,0.25,0,1,1,0,0,16,0.4667,0.0,0.5208
2.34,6,7,3.0,-0.66,1,0.125,1,1,1,0,0,72,0.1628,0.0,0.5111
3.85,6,6,3.0,0.85,3,0.375,1,0,1,1,0,6,0.7,0.375,0.7309
3.16,2,6,2.8,0.36,5,0.625,1,0,1,1,0,87,0.1386,0.625,0.73
2.69,3,6,2.8,-0.11,1,0.125,1,1,0,1,0,36,0.28,0.0,0.2928
3.18,5,8,2.8,0.38,6,0.75,1,1,0,0,0,48,0.2258,0.75,0.7638
2.05,8,8,0.0,2.05,8,1.0,1,0,0,0,0,54,0.2059,1.0,0.5962
3.92,6,10,2.8,1.12,0,0.0,1,1,1,0,0,74,0.1591,0.0,0.7439
2.96,3,6,3.2,-0.24,0,0.0,1,1,0,0,0,57,0.1972,0.0,0.3309
3.57,4,7,3.0,0.57,8,1.0,0,1,1,0,0,6,0.7,1.0,0.875
2.17,6,10,3.0,-0.83,5,0.625,1,1,1,1,0,75,0.1573,0.0,0.4726
2.97,5,6,2.8,0.17,8,1.0,1,1,1,0,0,8,0.6364,1.0,1.0
2.98,6,8,2.8,0.18,6,0.75,0,1,1,0,1,48,0.2258,0.75,0.807
3.88,4,6,0.0,3.88,6,0.75,1,1,1,0,0,78,0.1522,0.75,0.9436
3.14,8,8,2.8,0.34,1,0.125,1,0,0,0,1,46,0.2333,0.125,0.4
2.95,8,10,2.8,0.15,4,0.5,1,1,1,0,1,38,0.2692,0.5,0.8016
2.53,4,7,2.5,0.03,3,0.375,1,0,1,0,1,30,0.3182,0.375,0.6795
2.66,4,7,0.0,2.66,7,0.875,1,1,1,0,1,71,0.1647,0.875,0.8953
3.04,8,8,3.0,0.04,0,0.0,1,1,0,0,0,59,0.1918,0.0,0.4739
2.88,7,9,2.8,0.08,0,0.0,1,1,1,1,0,73,0.1609,0.0,0.7173
2.04,6,10,2.8,-0.76,5,0.625,1,1,1,1,0,82,0.1458,0.0,0.5681
3.65,5,6,2.5,1.15,8,1.0,0,1,1,0,0,54,0.2059,1.0,0.8493
3.79,7,8,2.8,0.99,8,1.0,1,0,1,0,0,32,0.3043,1.0,0.8146
2.28,6,9,2.8,-0.52,5,0.625,1,0,1,0,0,54,0.2059,0.0,0.4141
3.11,4,6,2.8,0.31,3,0.375,0,1,1,1,0,33,0.2979,0.375,0.6622
2.22,8,10,2.8,-0.58,2,0.25,1,1,1,0,0,19,0.4242,0.0,0.3845
3.34,3,7,0.0,3.34,8,1.0,1,1,0,0,0,31,0.3111,1.0,0.7529
2.56,4,8,3.2,-0.64,1,0.125,1,1,0,0,0,44,0.2414,0.0,0.1334
3.32,9,10,0.0,3.32,1,0.125,1,1,0,1,0,21,0.4,0.125,0.5093
3.45,8,9,2.8,0.65,4,0.5,1,1,0,0,0,29,0.3256,0.5,0.6066
3.54,9,10,2.5,1.04,3,0.375,1,1,1,0,1,52,0.2121,0.375,0.7405
2.22,6,9,2.8,-0.58,4,0.5,1,1,0,0,0,13,0.5185,0.0,0.3667
3.83,5,7,2.5,1.33,8,1.0,1,1,1,0,1,10,0.5833,1.0,0.951
2.46,9,9,3.2,-0.74,2,0.25,1,1,0,0,0,70,0.1667,0.0,0.1946
2.07,6,9,2.8,-0.73,7,0.875,1,1,1,1,0,76,0.1556,0.0,0.5776
3.11,6,7,3.0,0.11,1,0.125,0,0,1,1,0,29,0.3256,0.125,0.5167
2.74,2,6,2.5,0.24,2,0.25,1,0,1,1,0,13,0.5185,0.25,0.6577
3.66,5,9,0.0,3.66,0,0.0,1,1,1,1,0,42,0.25,0.0,0.6863
3.62,8,8,2.8,0.82,6,0.75,1,1,1,0,0,16,0.4667,0.75,0.9473
2.63,5,9,2.8,-0.17,7,0.875,1,1,1,1,0,79,0.1505,0.0,0.7218
3.91,5,6,2.8,1.11,7,0.875,1,1,1,1,0,7,0.6667,0.875,0.9341
2.58,6,8,3.5,-0.92,1,0.125,1,1,1,0,0,46,0.2333,0.0,0.4009
3.03,10,10,3.0,0.03,6,0.75,0,1,1,1,1,35,0.2857,0.75,0.876
2.51,8,10,3.5,-0.99,1,0.125,1,1,1,1,0,42,0.25,0.0,0.469
3.87,9,10,2.5,1.37,5,0.625,1,1,0,1,0,69,0.1687,0.625,0.6671
2.33,7,7,3.0,-0.67,6,0.75,0,1,0,1,0,24,0.3684,0.0,0.3054
2.09,6,6,2.8,-0.71,1,0.125,1,0,0,0,0,82,0.1458,0.0,0.1104
2.87,7,8,3.0,-0.13,0,0.0,1,0,1,1,1,89,0.1359,0.0,0.4571
3.98,4,8,3.5,0.48,0,0.0,1,1,0,0,0,40,0.2593,0.0,0.4712
3.78,3,7,3.0,0.78,6,0.75,1,1,0,1,0,35,0.2857,0.75,0.7559
3.5,4,6,3.2,0.3,5,0.625,0,1,1,1,0,22,0.3889,0.625,0.79
3.78,5,6,3.0,0.78,1,0.125,1,1,1,0,0,74,0.1591,0.125,0.7896
3.79,6,7,0.0,3.79,4,0.5,1,1,1,0,0,66,0.175,0.5,0.8947
3.04,8,9,3.0,0.04,7,0.875,1,1,1,1,0,41,0.2545,0.875,0.9741
2.63,2,6,2.8,-0.17,2,0.25,0,1,0,0,1,62,0.1842,0.0,0.3187
3.54,2,6,3.2,0.34,5,0.625,1,1,1,0,0,34,0.2917,0.625,0.8436
3.32,3,7,3.2,0.12,2,0.25,0,0,0,0,0,62,0.1842,0.25,0.3322
2.75,8,10,0.0,2.75,2,0.25,0,1,1,1,0,74,0.1591,0.25,0.6424
2.19,9,10,0.0,2.19,3,0.375,1,1,1,0,0,40,0.2593,0.375,0.8163
3.49,4,8,0.0,3.49,3,0.375,1,1,0,0,0,60,0.1892,0.375,0.6456
2.52,6,6,2.8,-0.28,4,0.5,1,1,1,1,1,51,0.2154,0.0,0.7394
3.87,3,6,0.0,3.87,1,0.125,0,1,1,0,0,7,0.6667,0.125,0.5996
2.48,9,10,3.0,-0.52,3,0.375,1,0,0,1,0,6,0.7,0.0,0.2371
2.25,7,8,2.8,-0.55,5,0.625,1,0,0,0,1,24,0.3684,0.0,0.2223
3.66,2,6,3.2,0.46,3,0.375,1,1,0,0,1,23,0.3784,0.375,0.5428
2.31,10,10,2.5,-0.19,5,0.625,1,0,0,1,0,18,0.4375,0.0,0.3701
2.36,8,8,2.8,-0.44,1,0.125,1,1,1,0,1,84,0.1429,0.0,0.4917
3.2,7,7,0.0,3.2,1,0.125,0,0,1,1,0,55,0.2029,0.125,0.4725
3.75,4,8,3.2,0.55,7,0.875,0,0,0,0,1,4,0.7778,0.875,0.5056
2.39,4,7,2.5,-0.11,4,0.5,1,1,0,1,0,82,0.1458,0.0,0.4615
2.62,7,10,0.0,2.62,5,0.625,1,0,1,0,0,28,0.3333,0.625,0.8021
3.55,7,9,2.5,1.05,6,0.75,1,1,1,1,1,89,0.1359,0.75,0.8689
3.94,6,6,3.2,0.74,1,0.125,1,1,1,0,0,21,0.4,0.125,0.7453
3.0,8,9,0.0,3.0,8,1.0,1,1,0,1,1,8,0.6364,1.0,0.7753
2.29,5,6,3.0,-0.71,3,0.375,1,0,1,0,0,12,0.5385,0.0,0.399
2.03,6,8,3.0,-0.97,8,1.0,1,0,0,1,0,35,0.2857,0.0,0.2201
2.46,9,9,3.0,-0.54,3,0.375,0,1,1,0,0,84,0.1429,0.0,0.311
2.26,6,6,2.5,-0.24,3,0.375,1,1,1,0,0,50,0.2188,0.0,0.6147
3.36,9,9,0.0,3.36,5,0.625,1,1,1,1,0,12,0.5385,0.625,0.9199
2.24,7,7,2.8,-0.56,1,0.125,0,0,0,0,0,29,0.3256,0.0,0.0
3.01,8,9,2.5,0.51,5,0.625,0,0,1,1,0,45,0.2373,0.625,0.7671
3.39,4,8,3.0,0.39,8,1.0,1,0,0,1,0,49,0.2222,1.0,0.6091
3.16,3,6,2.8,0.36,5,0.625,1,1,1,0,0,76,0.1556,0.625,0.8298
2.4,8,9,2.8,-0.4,0,0.0,0,0,0,1,0,5,0.7368,0.0,0.0279
3.61,4,7,0.0,3.61,6,0.75,0,0,1,0,0,1,0.9333,0.75,0.7535
3.43,6,10,2.8,0.63,0,0.0,0,1,0,0,1,65,0.1772,0.0,0.4113
3.48,10,10,2.5,0.98,0,0.0,0,1,1,0,0,10,0.5833,0.0,0.5703
2.26,4,6,3.0,-0.74,2,0.25,1,1,1,0,0,62,0.1842,0.0,0.4927
2.25,9,9,0.0,2.25,2,0.25,1,0,1,1,0,31,0.3111,0.25,0.7042
3.86,4,7,3.5,0.36,0,0.0,1,1,0,1,0,35,0.2857,0.0,0.5645
2.8,6,9,3.0,-0.2,0,0.0,0,0,1,1,0,14,0.5,0.0,0.3004
2.6,5,8,2.5,0.1,7,0.875,1,1,1,1,0,70,0.1667,0.875,0.9572
2.98,4,7,0.0,2.98,4,0.5,0,1,1,0,1,17,0.4516,0.5,0.7892
3.33,7,9,2.5,0.83,1,0.125,1,0,0,0,1,1,0.9333,0.125,0.406
3.91,4,7,2.5,1.41,3,0.375,1,1,0,0,0,54,0.2059,0.375,0.5803
2.57,10,10,2.5,0.07,6,0.75,1,1,1,1,0,14,0.5,0.75,0.8549
3.85,7,10,3.2,0.65,6,0.75,1,1,1,0,0,16,0.4667,0.75,0.9408
2.05,4,6,3.0,-0.95,2,0.25,0,0,0,1,0,20,0.4118,0.0,0.0938
3.11,9,9,2.5,0.61,1,0.125,0,1,1,0,0,58,0.1944,0.125,0.6039
3.27,8,10,2.8,0.47,8,1.0,1,0,0,0,0,68,0.1707,1.0,0.6187
2.21,2,6,2.5,-0.29,5,0.625,1,1,1,1,0,83,0.1443,0.0,0.5928
2.28,5,9,3.5,-1.22,8,1.0,1,0,1,0,1,89,0.1359,0.0,0.5181
2.84,8,10,0.0,2.84,2,0.25,0,1,1,0,0,21,0.4,0.25,0.6838
3.93,6,7,3.0,0.93,1,0.125,1,1,1,0,0,20,0.4118,0.125,0.7618
3.19,8,8,3.0,0.19,3,0.375,0,1,1,1,0,20,0.4118,0.375,0.6308
3.87,5,9,0.0,3.87,2,0.25,0,1,1,0,1,17,0.4516,0.25,0.6637
3.61,5,7,2.5,1.11,6,0.75,1,1,1,0,0,2,0.875,0.75,0.9146
2.93,4,7,2.8,0.13,6,0.75,1,1,1,0,1,53,0.209,0.75,0.9785
3.57,5,7,3.2,0.37,0,0.0,1,1,0,0,1,2,0.875,0.0,0.5496
2.04,5,7,2.8,-0.76,5,0.625,1,1,1,0,0,4,0.7778,0.0,0.6169
2.22,6,9,3.0,-0.78,3,0.375,0,0,0,0,0,36,0.28,0.0,0.0909
3.66,3,7,3.0,0.66,5,0.625,0,1,1,0,0,73,0.1609,0.625,0.8028
3.59,3,7,3.2,0.39,3,0.375,0,0,1,1,0,45,0.2373,0.375,0.6062
2.47,8,10,2.8,-0.33,4,0.5,1,1,0,1,0,36,0.28,0.0,0.4029
3.06,5,8,2.8,0.26,6,0.75,0,1,0,1,1,17,0.4516,0.75,0.6895
3.21,7,10,3.0,0.21,2,0.25,0,0,1,0,1,62,0.1842,0.25,0.6073
3.74,5,9,2.5,1.24,1,0.125,1,1,1,0,0,30,0.3182,0.125,0.7918
3.21,6,10,3.2,0.01,6,0.75,1,1,0,0,0,90,0.1346,0.75,0.7462
2.83,2,6,0.0,2.83,8,1.0,1,1,1,0,0,13,0.5185,1.0,0.951
2.75,7,10,2.5,0.25,3,0.375,0,1,1,0,0,71,0.1647,0.375,0.6967
2.85,6,10,3.2,-0.35,8,1.0,1,0,1,0,0,62,0.1842,0.0,0.534
3.3,3,6,2.5,0.8,1,0.125,1,0,1,0,1,33,0.2979,0.125,0.6161
3.73,4,7,0.0,3.73,7,0.875,0,0,1,0,0,36,0.28,0.875,0.7364
2.91,5,8,2.5,0.41,8,1.0,1,1,1,0,0,87,0.1386,1.0,0.9958
2.5,4,8,2.8,-0.3,2,0.25,0,0,1,0,0,67,0.1728,0.0,0.4318
2.47,5,9,3.2,-0.73,1,0.125,1,1,1,1,0,4,0.7778,0.0,0.4866
3.49,9,9,0.0,3.49,5,0.625,1,1,1,0,1,50,0.2188,0.625,0.8703
3.63,6,7,0.0,3.63,7,0.875,0,1,1,1,1,67,0.1728,0.875,0.9053
2.21,5,9,2.8,-0.59,0,0.0,1,1,1,0,0,34,0.2917,0.0,0.4099
2.13,7,10,3.5,-1.37,5,0.625,1,1,0,1,0,63,0.1818,0.0,0.348
3.19,5,8,2.5,0.69,7,0.875,1,1,0,0,1,57,0.1972,0.875,0.7889
2.29,10,10,3.5,-1.21,0,0.0,1,1,1,0,0,30,0.3182,0.0,0.335
3.65,9,9,3.2,0.45,4,0.5,1,1,1,1,0,1,0.9333,0.5,0.9134
2.62,9,10,2.5,0.12,0,0.0,0,1,1,0,1,4,0.7778,0.0,0.6798
2.29,6,10,3.2,-0.91,1,0.125,0,1,1,0,0,63,0.1818,0.0,0.3545
3.84,4,6,3.0,0.84,4,0.5,1,1,1,0,0,70,0.1667,0.5,0.9149
2.33,8,10,2.8,-0.47,2,0.25,1,1,1,1,0,34,0.2917,0.0,0.5437
2.57,5,6,2.8,-0.23,0,0.0,1,1,1,1,0,43,0.2456,0.0,0.4962
2.31,10,10,3.2,-0.89,7,0.875,1,1,1,0,1,47,0.2295,0.0,0.57
2.23,7,10,3.0,-0.77,1,0.125,1,0,1,1,0,80,0.1489,0.0,0.2703
2.04,5,7,3.0,-0.96,7,0.875,1,1,1,0,0,48,0.2258,0.0,0.5545
2.11,3,6,3.5,-1.39,1,0.125,1,0,0,0,0,52,0.2121,0.0,0.1379
2.35,5,8,2.8,-0.45,4,0.5,1,1,0,0,1,51,0.2154,0.0,0.4387
2.11,4,7,3.2,-1.09,6,0.75,1,0,1,0,0,12,0.5385,0.0,0.5174
3.18,7,8,3.2,-0.02,4,0.5,1,1,0,1,0,64,0.1795,0.0,0.4922
3.36,4,6,2.5,0.86,3,0.375,1,0,0,1,0,82,0.1458,0.375,0.5005
2.79,5,6,0.0,2.79,6,0.75,1,0,1,1,0,10,0.5833,0.75,0.8603
2.64,7,8,2.8,-0.16,0,0.0,1,1,1,1,0,7,0.6667,0.0,0.4353
3.01,6,9,3.2,-0.19,7,0.875,0,1,1,0,0,45,0.2373,0.0,0.6326
3.75,7,7,2.5,1.25,6,0.75,1,0,0,1,0,69,0.1687,0.75,0.6205
3.7,3,7,3.0,0.7,6,0.75,1,0,1,0,0,8,0.6364,0.75,0.8659
2.09,6,6,0.0,2.09,3,0.375,1,0,1,1,0,67,0.1728,0.375,0.6978
2.36,3,7,2.8,-0.44,3,0.375,0,1,1,0,0,22,0.3889,0.0,0.3814
2.47,4,7,3.0,-0.53,5,0.625,1,1,1,1,1,17,0.4516,0.0,0.547
2.5,7,7,0.0,2.5,5,0.625,1,1,1,1,0,18,0.4375,0.625,0.8414
3.14,6,7,3.2,-0.06,8,1.0,1,1,1,0,0,48,0.2258,0.0,0.6621
2.83,4,7,2.5,0.33,7,0.875,0,1,1,0,0,54,0.2059,0.875,0.7975
2.1,9,9,3.2,-1.1,0,0.0,1,1,1,0,0,42,0.25,0.0,0.3593
2.75,3,7,2.5,0.25,1,0.125,0,1,0,0,0,55,0.2029,0.125,0.3488
3.05,8,9,3.5,-0.45,8,1.0,0,0,0,1,0,73,0.1609,0.0,0.2612
2.2,7,9,3.0,-0.8,3,0.375,1,1,1,0,0,75,0.1573,0.0,0.434
3.67,6,9,0.0,3.67,5,0.625,1,1,0,0,0,66,0.175,0.625,0.5967
2.1,8,8,0.0,2.1,0,0.0,1,1,1,0,0,47,0.2295,0.0,0.6839
3.85,9,10,0.0,3.85,0,0.0,1,1,0,0,0,20,0.4118,0.0,0.4555
2.2,3,7,2.8,-0.6,3,0.375,1,1,1,0,0,68,0.1707,0.0,0.5284
3.69,6,10,3.2,0.49,6,0.75,1,1,1,1,1,61,0.1867,0.75,0.9928
3.81,3,7,2.8,1.01,6,0.75,1,1,1,1,0,81,0.1474,0.75,0.8787
3.96,4,6,2.8,1.16,8,1.0,0,0,1,1,0,65,0.1772,1.0,0.7727
3.6,8,10,2.8,0.8,1,0.125,1,1,1,0,0,13,0.5185,0.125,0.7096
3.56,9,10,2.8,0.76,1,0.125,0,1,0,0,1,52,0.2121,0.125,0.3967
3.28,5,6,3.0,0.28,4,0.5,1,0,1,0,0,65,0.1772,0.5,0.828
3.56,4,8,2.8,0.76,4,0.5,1,1,1,0,1,90,0.1346,0.5,0.826
2.27,6,8,3.0,-0.73,0,0.0,1,0,0,0,0,30,0.3182,0.0,0.1414
3.07,6,7,3.5,-0.43,4,0.5,1,0,0,0,0,78,0.1522,0.0,0.2636
3.03,8,8,2.8,0.23,8,1.0,0,1,1,1,0,26,0.35,1.0,0.8493
3.72,6,9,0.0,3.72,1,0.125,1,1,1,0,0,34,0.2917,0.125,0.6763
2.93,4,8,0.0,2.93,7,0.875,1,1,1,0,0,87,0.1386,0.875,0.9163
2.77,4,8,2.8,-0.03,4,0.5,0,1,0,0,1,15,0.4828,0.0,0.3426
3.28,7,10,2.5,0.78,4,0.5,1,0,1,1,1,19,0.4242,0.5,0.739
2.53,5,7,3.5,-0.97,5,0.625,1,1,1,0,0,76,0.1556,0.0,0.5539
2.28,6,9,3.0,-0.72,6,0.75,1,0,1,1,0,83,0.1443,0.0,0.5046
2.96,3,7,2.8,0.16,5,0.625,0,0,1,0,0,10,0.5833,0.625,0.6113
2.83,7,10,3.0,-0.17,0,0.0,0,1,1,0,1,75,0.1573,0.0,0.4464
2.47,4,7,2.5,-0.03,2,0.25,1,1,1,0,0,54,0.2059,0.0,0.6483
2.74,8,10,3.2,-0.46,7,0.875,1,0,1,0,0,80,0.1489,0.0,0.5134
2.73,5,9,0.0,2.73,0,0.0,1,0,1,0,0,45,0.2373,0.0,0.5686
2.65,6,7,3.0,-0.35,6,0.75,0,1,0,1,1,53,0.209,0.0,0.4345
2.76,7,9,3.5,-0.74,4,0.5,1,0,1,1,0,21,0.4,0.0,0.4561
3.37,4,7,3.0,0.37,1,0.125,1,1,1,0,0,53,0.209,0.125,0.7008
2.59,7,7,3.2,-0.61,1,0.125,1,1,1,0,1,38,0.2692,0.0,0.4326
3.9,6,7,2.8,1.1,8,1.0,1,0,1,0,0,37,0.2745,1.0,0.861
3.83,5,9,3.2,0.63,0,0.0,1,1,1,1,0,26,0.35,0.0,0.7571
2.96,3,7,2.8,0.16,0,0.0,1,1,1,0,1,37,0.2745,0.0,0.6993
2.66,4,8,3.0,-0.34,0,0.0,1,1,1,0,0,16,0.4667,0.0,0.4571
3.07,6,8,0.0,3.07,5,0.625,0,1,0,0,0,77,0.1538,0.625,0.6152
3.7,3,6,2.5,1.2,8,1.0,1,1,1,1,0,37,0.2745,1.0,0.8521
3.31,4,7,2.8,0.51,1,0.125,1,1,1,0,0,35,0.2857,0.125,0.7516
3.61,5,7,0.0,3.61,7,0.875,0,1,1,0,0,89,0.1359,0.875,0.8235
3.07,5,7,3.0,0.07,6,0.75,0,1,1,0,0,44,0.2414,0.75,0.8575
3.27,6,10,3.2,0.07,2,0.25,1,0,1,1,0,64,0.1795,0.25,0.7491
2.58,3,7,3.5,-0.92,0,0.0,0,1,1,0,1,90,0.1346,0.0,0.2878
3.47,7,8,0.0,3.47,4,0.5,0,0,1,1,0,78,0.1522,0.5,0.6468
2.4,9,9,3.5,-1.1,0,0.0,1,1,1,1,0,32,0.3043,0.0,0.3978
3.39,9,9,0.0,3.39,1,0.125,0,1,1,0,0,48,0.2258,0.125,0.5482
3.72,9,9,2.8,0.92,4,0.5,0,1,1,1,1,75,0.1573,0.5,0.903
2.26,6,8,3.2,-0.94,7,0.875,0,0,1,1,0,46,0.2333,0.0,0.3983
3.23,10,10,0.0,3.23,8,1.0,0,1,1,0,1,25,0.359,1.0,0.9158
2.19,10,10,0.0,2.19,5,0.625,1,1,1,1,1,48,0.2258,0.625,0.9079
3.45,7,7,0.0,3.45,2,0.25,1,1,1,0,1,3,0.8235,0.25,0.7839
2.17,2,6,2.8,-0.63,2,0.25,0,1,0,0,1,80,0.1489,0.0,0.2078
3.87,3,7,3.2,0.67,5,0.625,1,1,1,0,0,54,0.2059,0.625,0.8272
2.27,8,10,0.0,2.27,1,0.125,1,1,0,1,1,24,0.3684,0.125,0.5521
3.92,8,10,0.0,3.92,4,0.5,0,1,1,1,0,44,0.2414,0.5,0.8013
3.6,9,9,2.8,0.8,6,0.75,1,0,0,0,0,3,0.8235,0.75,0.659
3.19,6,9,2.5,0.69,7,0.875,1,1,1,1,0,71,0.1647,0.875,0.9244
3.57,7,7,3.0,0.57,0,0.0,0,1,0,1,1,48,0.2258,0.0,0.4946
3.59,8,8,3.5,0.09,2,0.25,1,0,1,1,0,1,0.9333,0.25,0.7385
3.89,6,6,3.0,0.89,2,0.25,0,1,1,0,1,42,0.25,0.25,0.7449
2.51,4,8,3.2,-0.69,4,0.5,1,1,1,0,1,7,0.6667,0.0,0.513
3.18,3,6,2.8,0.38,1,0.125,1,0,1,0,0,35,0.2857,0.125,0.5831
2.19,3,6,3.2,-1.01,8,1.0,1,1,1,0,0,78,0.1522,0.0,0.5811
3.23,9,10,2.5,0.73,8,1.0,0,1,0,0,0,59,0.1918,1.0,0.6787
2.34,9,10,0.0,2.34,2,0.25,1,1,1,0,0,44,0.2414,0.25,0.7346
3.13,7,9,3.0,0.13,3,0.375,1,1,1,0,0,47,0.2295,0.375,0.7431
3.14,5,9,0.0,3.14,3,0.375,0,1,1,1,0,46,0.2333,0.375,0.6602
2.93,5,7,3.2,-0.27,0,0.0,1,1,1,0,0,9,0.6087,0.0,0.4825
3.05,7,8,3.0,0.05,7,0.875,1,0,1,0,0,21,0.4,0.875,0.8791
3.53,7,9,3.5,0.03,7,0.875,0,0,1,1,0,74,0.1591,0.875,0.7764
3.6,5,8,2.5,1.1,2,0.25,1,0,1,0,0,84,0.1429,0.25,0.6632
2.98,5,7,2.8,0.18,4,0.5,0,0,1,1,0,14,0.5,0.5,0.6572
3.2,6,7,3.0,0.2,3,0.375,1,0,1,1,1,83,0.1443,0.375,0.6372
3.86,8,10,2.5,1.36,2,0.25,0,1,1,0,0,3,0.8235,0.25,0.6642
2.24,7,7,2.8,-0.56,2,0.25,0,1,1,0,0,47,0.2295,0.0,0.4198
2.23,7,10,3.0,-0.77,0,0.0,1,0,0,0,0,75,0.1573,0.0,0.0795
2.18,8,9,3.5,-1.32,7,0.875,1,1,1,0,0,20,0.4118,0.0,0.5563
3.32,10,10,3.0,0.32,5,0.625,0,0,1,0,1,86,0.14,0.625,0.7263
2.84,5,8,0.0,2.84,8,1.0,1,1,1,0,0,89,0.1359,1.0,0.9054
3.55,4,7,2.8,0.75,0,0.0,1,1,1,0,0,39,0.2642,0.0,0.7618
3.34,2,6,2.8,0.54,5,0.625,1,1,0,0,0,81,0.1474,0.625,0.7868
2.67,5,8,0.0,2.67,5,0.625,1,0,1,0,1,8,0.6364,0.625,0.7969
3.8,3,7,2.8,1.0,5,0.625,1,1,1,0,0,47,0.2295,0.625,0.921
3.53,5,6,2.5,1.03,8,1.0,1,1,0,0,0,27,0.3415,1.0,0.6832
2.54,6,10,0.0,2.54,3,0.375,0,0,0,0,0,57,0.1972,0.375,0.3202
2.73,9,10,2.8,-0.07,1,0.125,1,1,1,1,0,23,0.3784,0.0,0.4881
2.63,5,7,2.5,0.13,0,0.0,0,1,1,1,1,40,0.2593,0.0,0.6829
2.32,9,9,2.8,-0.48,4,0.5,0,0,1,1,0,66,0.175,0.0,0.3801
2.3,5,8,2.5,-0.2,1,0.125,1,1,1,0,0,19,0.4242,0.0,0.5125
3.87,5,8,3.0,0.87,1,0.125,0,1,1,0,0,76,0.1556,0.125,0.5546
2.88,6,9,2.5,0.38,1,0.125,1,1,1,1,1,62,0.1842,0.125,0.7512
2.77,6,8,3.2,-0.43,2,0.25,1,1,1,1,0,23,0.3784,0.0,0.4843
3.46,7,10,0.0,3.46,1,0.125,1,1,1,1,1,61,0.1867,0.125,0.7194
3.11,2,6,2.8,0.31,4,0.5,1,0,1,0,0,29,0.3256,0.5,0.7247
3.87,9,9,2.5,1.37,5,0.625,1,0,1,0,1,50,0.2188,0.625,0.7789
3.56,9,10,2.5,1.06,2,0.25,1,1,1,0,1,55,0.2029,0.25,0.7537
2.96,6,10,2.8,0.16,1,0.125,0,1,1,1,1,74,0.1591,0.125,0.656
2.75,5,6,3.2,-0.45,5,0.625,0,1,1,1,1,32,0.3043,0.0,0.4592
3.97,3,6,3.2,0.77,0,0.0,1,0,0,1,1,41,0.2545,0.0,0.4701
3.44,5,9,2.5,0.94,6,0.75,1,1,1,1,1,40,0.2593,0.75,0.9971
3.9,8,10,2.5,1.4,3,0.375,1,1,1,1,0,78,0.1522,0.375,0.7795
2.24,9,10,3.0,-0.76,3,0.375,0,1,0,0,0,76,0.1556,0.0,0.1765
3.7,6,10,2.8,0.9,2,0.25,0,1,1,1,0,20,0.4118,0.25,0.7199
3.27,3,6,2.5,0.77,2,0.25,1,0,1,1,0,10,0.5833,0.25,0.6245
2.24,8,8,3.0,-0.76,1,0.125,1,0,1,1,0,87,0.1386,0.0,0.3027
3.18,6,9,2.8,0.38,5,0.625,1,0,1,1,0,16,0.4667,0.625,0.719
3.37,5,9,3.0,0.37,1,0.125,1,1,0,0,1,19,0.4242,0.125,0.5098
2.02,7,9,2.8,-0.78,6,0.75,1,1,1,1,0,11,0.56,0.0,0.5896
2.91,6,7,2.8,0.11,2,0.25,0,1,0,0,0,15,0.4828,0.25,0.4815
3.65,8,8,2.5,1.15,5,0.625,1,1,1,1,0,6,0.7,0.625,0.9352
2.59,7,8,3.0,-0.41,4,0.5,0,1,1,1,0,55,0.2029,0.0,0.5127
2.92,6,10,2.5,0.42,5,0.625,0,1,1,1,0,46,0.2333,0.625,0.8147
2.88,7,7,3.0,-0.12,6,0.75,1,1,1,0,0,9,0.6087,0.0,0.7041
2.6,6,7,3.0,-0.4,5,0.625,0,1,1,1,0,59,0.1918,0.0,0.5081
3.84,5,6,3.0,0.84,7,0.875,0,1,1,1,1,16,0.4667,0.875,0.914
3.56,6,6,0.0,3.56,2,0.25,1,0,1,1,0,49,0.2222,0.25,0.6677
2.22,9,10,2.5,-0.28,6,0.75,1,0,1,0,0,66,0.175,0.0,0.6247
3.99,7,10,2.8,1.19,3,0.375,1,0,1,1,0,39,0.2642,0.375,0.6835
3.76,5,7,2.8,0.96,5,0.625,1,1,1,1,0,28,0.3333,0.625,0.927
2.57,7,9,3.2,-0.63,4,0.5,0,1,1,0,0,81,0.1474,0.0,0.4724
3.67,6,8,2.8,0.87,8,1.0,1,1,1,0,1,73,0.1609,1.0,0.9366
2.21,9,10,3.2,-0.99,2,0.25,1,0,1,1,0,76,0.1556,0.0,0.3538
4.0,6,7,2.5,1.5,4,0.5,1,1,1,1,0,14,0.5,0.5,0.9033
3.33,6,10,2.8,0.53,1,0.125,0,1,1,0,0,25,0.359,0.125,0.6598
3.3,5,7,0.0,3.3,5,0.625,0,1,1,0,0,35,0.2857,0.625,0.7839
2.18,5,9,3.0,-0.82,0,0.0,0,1,1,1,0,16,0.4667,0.0,0.3263
3.79,5,7,2.5,1.29,3,0.375,1,0,1,1,0,35,0.2857,0.375,0.7409
2.06,7,9,2.5,-0.44,0,0.0,0,0,0,0,1,23,0.3784,0.0,0.033
2.48,4,7,3.0,-0.52,2,0.25,1,1,1,1,0,44,0.2414,0.0,0.4733
2.29,10,10,2.8,-0.51,4,0.5,1,0,1,0,0,64,0.1795,0.0,0.4595
3.55,6,9,0.0,3.55,2,0.25,1,1,0,0,0,37,0.2745,0.25,0.5653
2.4,3,7,0.0,2.4,3,0.375,1,1,0,1,0,65,0.1772,0.375,0.6567
3.82,7,10,2.8,1.02,1,0.125,0,0,0,0,0,35,0.2857,0.125,0.2887
3.31,8,9,2.5,0.81,6,0.75,1,1,1,0,0,45,0.2373,0.75,0.94
2.07,4,8,2.5,-0.43,7,0.875,1,0,1,1,1,30,0.3182,0.0,0.6667
2.01,4,6,3.0,-0.99,4,0.5,1,1,0,0,1,8,0.6364,0.0,0.2655
2.1,8,10,2.5,-0.4,0,0.0,1,1,1,0,0,2,0.875,0.0,0.4486
3.21,9,9,2.8,0.41,0,0.0,0,1,1,0,0,17,0.4516,0.0,0.5736
3.6,5,9,2.8,0.8,6,0.75,1,0,1,0,0,56,0.2,0.75,0.8375
2.48,6,10,2.5,-0.02,8,1.0,0,1,1,1,1,9,0.6087,0.0,0.6218
3.7,7,9,0.0,3.7,7,0.875,0,1,1,0,0,43,0.2456,0.875,0.8289
2.11,3,7,2.5,-0.39,3,0.375,1,1,1,0,1,12,0.5385,0.0,0.511
3.6,6,7,0.0,3.6,4,0.5,1,1,1,0,0,34,0.2917,0.5,0.8745
3.86,3,6,2.5,1.36,1,0.125,0,1,1,1,0,25,0.359,0.125,0.6421
3.54,4,6,3.2,0.34,0,0.0,1,1,1,1,0,20,0.4118,0.0,0.607
3.4,5,9,3.2,0.2,6,0.75,1,1,1,0,0,47,0.2295,0.75,0.9325
3.68,9,10,2.8,0.88,3,0.375,1,1,1,1,0,81,0.1474,0.375,0.7818
2.08,4,6,2.8,-0.72,4,0.5,0,1,1,1,0,59,0.1918,0.0,0.4374
2.4,4,8,2.8,-0.4,3,0.375,1,1,1,0,0,22,0.3889,0.0,0.5113
2.25,3,6,3.2,-0.95,2,0.25,0,0,1,0,1,77,0.1538,0.0,0.2368
3.01,4,8,2.5,0.51,8,1.0,1,1,0,1,0,83,0.1443,1.0,0.6881
3.49,5,9,2.5,0.99,7,0.875,1,0,0,1,0,69,0.1687,0.875,0.6524
3.26,9,10,2.5,0.76,6,0.75,1,0,1,0,1,20,0.4118,0.75,0.7977
3.7,8,10,0.0,3.7,3,0.375,0,1,0,0,0,16,0.4667,0.375,0.5049
2.31,7,7,2.5,-0.19,6,0.75,1,0,1,1,0,88,0.1373,0.0,0.5825
3.47,7,10,3.2,0.27,3,0.375,0,0,1,1,0,81,0.1474,0.375,0.6165
2.39,8,9,3.2,-0.81,4,0.5,0,1,1,0,1,38,0.2692,0.0,0.4378
2.54,6,7,0.0,2.54,1,0.125,1,1,1,0,1,42,0.25,0.125,0.7068
3.42,6,7,2.8,0.62,6,0.75,0,0,0,0,1,48,0.2258,0.75,0.5276
3.96,6,6,2.8,1.16,0,0.0,1,1,1,1,0,80,0.1489,0.0,0.6837
3.22,9,10,2.8,0.42,6,0.75,1,0,1,1,1,27,0.3415,0.75,0.8782
2.11,6,7,2.8,-0.69,5,0.625,1,1,0,0,0,62,0.1842,0.0,0.3873
3.23,6,7,0.0,3.23,0,0.0,1,1,1,1,0,85,0.1414,0.0,0.6386
2.08,6,8,3.2,-1.12,4,0.5,1,0,0,0,0,27,0.3415,0.0,0.2141
3.77,5,6,3.5,0.27,2,0.25,1,1,1,1,0,26,0.35,0.25,0.8248
3.42,10,10,3.0,0.42,4,0.5,0,1,0,0,0,13,0.5185,0.5,0.5978
2.35,8,9,3.0,-0.65,0,0.0,1,1,1,0,0,66,0.175,0.0,0.4537
2.18,5,6,2.8,-0.62,6,0.75,1,1,0,0,1,25,0.359,0.0,0.3976
2.37,2,6,2.5,-0.13,4,0.5,0,1,1,0,0,2,0.875,0.0,0.5073
3.96,4,6,0.0,3.96,3,0.375,0,1,0,1,1,46,0.2333,0.375,0.4944
2.92,6,10,2.8,0.12,7,0.875,0,1,1,0,0,51,0.2154,0.875,0.8318
3.57,4,8,0.0,3.57,5,0.625,1,1,0,0,0,2,0.875,0.625,0.7317
3.27,6,9,3.2,0.07,5,0.625,1,1,1,1,0,67,0.1728,0.625,0.8611
3.14,4,6,2.8,0.34,1,0.125,1,0,1,0,1,51,0.2154,0.125,0.593
2.29,5,7,2.8,-0.51,4,0.5,1,1,1,0,1,43,0.2456,0.0,0.5559
3.89,8,8,2.5,1.39,6,0.75,1,1,1,0,0,31,0.3111,0.75,0.9386
2.6,6,7,3.5,-0.9,8,1.0,0,1,1,1,0,58,0.1944,0.0,0.4824
3.16,7,9,2.5,0.66,5,0.625,1,1,0,1,0,68,0.1707,0.625,0.6312
3.4,7,10,2.5,0.9,1,0.125,1,1,1,1,0,70,0.1667,0.125,0.7441
3.3,6,7,2.5,0.8,6,0.75,0,0,1,1,0,35,0.2857,0.75,0.7794
3.88,6,9,3.0,0.88,0,0.0,0,0,0,0,1,46,0.2333,0.0,0.2577
2.3,10,10,3.5,-1.2,2,0.25,0,1,0,0,0,23,0.3784,0.0,0.1539
3.02,9,10,2.5,0.52,8,1.0,1,1,1,1,0,20,0.4118,1.0,0.9767
2.81,5,6,3.2,-0.39,7,0.875,0,1,0,0,0,78,0.1522,0.0,0.2945
2.95,3,6,2.5,0.45,8,1.0,0,1,1,1,1,36,0.28,1.0,0.9146
2.24,9,10,3.0,-0.76,3,0.375,0,1,1,0,0,25,0.359,0.0,0.3569
2.27,10,10,0.0,2.27,6,0.75,0,1,0,0,0,66,0.175,0.75,0.5888
2.56,3,7,2.8,-0.24,6,0.75,1,1,1,0,1,63,0.1818,0.0,0.7911
2.61,4,8,3.0,-0.39,2,0.25,1,0,1,0,0,25,0.359,0.0,0.3963
2.86,6,8,2.8,0.06,8,1.0,1,1,1,1,0,16,0.4667,1.0,0.971
3.22,6,9,2.5,0.72,8,1.0,1,1,1,1,0,57,0.1972,1.0,0.9052
3.27,8,9,3.2,0.07,0,0.0,0,1,1,1,1,83,0.1443,0.0,0.7121
2.82,5,7,3.5,-0.68,6,0.75,1,0,1,1,0,14,0.5,0.0,0.5779
2.82,10,10,2.8,0.02,4,0.5,1,1,1,0,0,22,0.3889,0.5,0.8049
2.44,3,6,3.0,-0.56,6,0.75,1,1,1,0,0,84,0.1429,0.0,0.5934
3.18,3,6,3.0,0.18,4,0.5,1,1,1,1,0,66,0.175,0.5,0.9181
2.63,6,10,2.5,0.13,2,0.25,0,1,1,0,0,55,0.2029,0.25,0.6638
2.07,3,6,3.2,-1.13,0,0.0,1,1,1,0,0,31,0.3111,0.0,0.4164
2.84,7,10,2.5,0.34,4,0.5,1,1,0,0,0,43,0.2456,0.5,0.5978
2.95,6,7,3.0,-0.05,7,0.875,0,1,0,1,0,18,0.4375,0.0,0.3885
2.45,4,7,0.0,2.45,7,0.875,1,0,1,1,1,74,0.1591,0.875,0.906
3.14,3,6,2.5,0.64,2,0.25,0,1,1,0,0,46,0.2333,0.25,0.6589
3.13,7,10,2.8,0.33,7,0.875,0,0,1,0,0,72,0.1628,0.875,0.7293
3.4,5,7,2.8,0.6,3,0.375,1,0,1,0,0,79,0.1505,0.375,0.6281
3.3,5,6,3.2,0.1,5,0.625,1,1,0,0,0,9,0.6087,0.625,0.7274
3.3,8,8,3.5,-0.2,2,0.25,1,0,1,0,1,78,0.1522,0.0,0.4364
2.63,2,6,0.0,2.63,4,0.5,1,1,1,1,1,28,0.3333,0.5,0.9766
3.57,9,9,2.5,1.07,4,0.5,0,1,1,1,0,30,0.3182,0.5,0.7377
3.1,3,6,2.8,0.3,6,0.75,1,1,1,1,0,42,0.25,0.75,0.9695
2.86,8,8,2.8,0.06,4,0.5,1,0,1,1,0,27,0.3415,0.5,0.7931
3.25,3,7,2.8,0.45,4,0.5,0,1,1,1,1,31,0.3111,0.5,0.7756
2.72,5,6,3.2,-0.48,5,0.625,1,1,1,1,0,63,0.1818,0.0,0.557
3.03,6,6,3.0,0.03,3,0.375,1,1,1,0,0,29,0.3256,0.375,0.7705
3.47,4,8,0.0,3.47,4,0.5,0,1,1,1,0,55,0.2029,0.5,0.7494
3.77,6,7,2.8,0.97,0,0.0,1,1,0,0,0,32,0.3043,0.0,0.4481
3.84,2,6,3.0,0.84,7,0.875,1,1,0,0,0,30,0.3182,0.875,0.7651
3.01,6,6,2.8,0.21,1,0.125,1,0,1,0,0,13,0.5185,0.125,0.5787
3.04,9,10,0.0,3.04,7,0.875,1,1,1,1,0,78,0.1522,0.875,0.9392
3.6,9,9,2.8,0.8,6,0.75,1,1,1,1,0,11,0.56,0.75,0.9778
2.63,9,9,2.8,-0.17,8,1.0,1,1,1,1,0,50,0.2188,0.0,0.7429
3.67,7,10,2.5,1.17,0,0.0,0,1,1,0,0,24,0.3684,0.0,0.5751
2.99,4,6,3.0,-0.01,1,0.125,1,1,1,1,0,89,0.1359,0.0,0.5616
2.23,8,9,2.5,-0.27,0,0.0,1,1,1,1,0,7,0.6667,0.0,0.5466
2.14,5,9,2.8,-0.66,3,0.375,1,1,1,1,0,39,0.2642,0.0,0.4418
3.68,4,7,2.8,0.88,8,1.0,1,1,1,0,0,46,0.2333,1.0,0.9294
2.11,4,8,3.2,-1.09,6,0.75,1,1,1,0,1,89,0.1359,0.0,0.64
2.56,9,9,0.0,2.56,6,0.75,1,0,1,0,1,14,0.5,0.75,0.8686
2.67,6,9,0.0,2.67,7,0.875,1,1,1,1,0,75,0.1573,0.875,0.8836
2.35,5,7,2.5,-0.15,0,0.0,1,1,0,0,0,7,0.6667,0.0,0.2798
2.63,7,9,2.8,-0.17,7,0.875,1,1,1,1,1,27,0.3415,0.0,0.7978
3.49,6,9,2.5,0.99,2,0.25,0,1,1,0,0,76,0.1556,0.25,0.6355
2.03,5,6,3.0,-0.97,6,0.75,0,1,1,1,0,34,0.2917,0.0,0.5322
3.65,8,8,2.5,1.15,6,0.75,1,1,1,0,0,53,0.209,0.75,1.0
3.71,6,8,0.0,3.71,6,0.75,0,1,0,1,0,36,0.28,0.75,0.6524
2.74,7,7,2.8,-0.06,3,0.375,0,0,1,1,1,81,0.1474,0.0,0.4031
2.31,2,6,3.0,-0.69,5,0.625,0,1,1,1,0,9,0.6087,0.0,0.4471
3.2,6,6,3.2,0.0,4,0.5,1,0,0,1,1,89,0.1359,0.5,0.6564
2.24,5,9,3.0,-0.76,5,0.625,1,1,1,0,0,22,0.3889,0.0,0.544
2.73,6,10,2.8,-0.07,4,0.5,1,1,1,0,0,54,0.2059,0.0,0.6794
3.92,4,8,3.0,0.92,3,0.375,1,0,1,0,0,24,0.3684,0.375,0.6568
3.99,7,10,3.0,0.99,1,0.125,1,0,1,1,1,72,0.1628,0.125,0.6273
3.54,10,10,2.5,1.04,3,0.375,0,1,0,1,1,64,0.1795,0.375,0.575
2.62,6,9,2.8,-0.18,6,0.75,0,0,0,0,0,15,0.4828,0.0,0.2915
3.38,7,8,3.0,0.38,7,0.875,0,1,1,1,1,23,0.3784,0.875,0.7903
3.41,8,10,2.5,0.91,0,0.0,0,1,1,0,1,63,0.1818,0.0,0.5877
2.78,5,9,3.0,-0.22,1,0.125,1,0,1,0,1,46,0.2333,0.0,0.4326
3.28,8,10,2.8,0.48,4,0.5,0,1,0,0,0,50,0.2188,0.5,0.6073
2.02,7,10,2.8,-0.78,6,0.75,1,1,1,1,1,33,0.2979,0.0,0.7158
2.42,3,6,0.0,2.42,1,0.125,1,0,1,0,0,61,0.1867,0.125,0.6096
3.05,7,9,3.0,0.05,2,0.25,1,1,1,1,0,84,0.1429,0.25,0.8088
2.33,8,9,3.2,-0.87,0,0.0,1,1,1,1,0,10,0.5833,0.0,0.4048
2.33,8,10,0.0,2.33,0,0.0,1,1,1,0,0,63,0.1818,0.0,0.7142
3.67,4,7,2.8,0.87,1,0.125,1,0,1,0,1,85,0.1414,0.125,0.5988
3.98,9,10,0.0,3.98,6,0.75,1,1,1,1,0,20,0.4118,0.75,0.953
3.11,7,8,0.0,3.11,7,0.875,1,1,1,1,0,38,0.2692,0.875,0.9146
3.68,4,7,3.5,0.18,4,0.5,1,1,1,0,1,52,0.2121,0.5,0.9442
3.98,6,6,2.8,1.18,1,0.125,1,1,1,0,0,70,0.1667,0.125,0.6106
2.28,7,7,2.8,-0.52,8,1.0,0,1,1,0,0,62,0.1842,0.0,0.5228
2.9,9,10,2.5,0.4,2,0.25,1,1,1,0,0,90,0.1346,0.25,0.7953
2.79,6,9,3.5,-0.71,1,0.125,1,0,1,0,0,51,0.2154,0.0,0.3149
2.16,6,9,2.5,-0.34,1,0.125,0,1,0,1,0,79,0.1505,0.0,0.0927
3.51,8,10,3.0,0.51,3,0.375,0,1,1,0,1,47,0.2295,0.375,0.6216
2.87,3,7,2.5,0.37,6,0.75,0,1,1,1,0,29,0.3256,0.75,0.8617
2.94,6,9,0.0,2.94,3,0.375,0,1,1,0,0,61,0.1867,0.375,0.7424
2.3,3,7,3.0,-0.7,4,0.5,0,1,1,1,0,37,0.2745,0.0,0.4488
2.36,6,10,0.0,2.36,3,0.375,1,0,1,1,1,60,0.1892,0.375,0.771
3.81,7,8,3.0,0.81,8,1.0,1,1,1,0,0,59,0.1918,1.0,0.9317
2.09,6,10,2.5,-0.41,6,0.75,1,1,0,0,1,7,0.6667,0.0,0.4533
2.47,7,9,3.0,-0.53,5,0.625,1,1,1,0,0,49,0.2222,0.0,0.589
2.58,7,9,3.0,-0.42,3,0.375,0,1,1,0,0,2,0.875,0.0,0.3975
2.98,6,10,3.0,-0.02,4,0.5,1,0,1,1,0,37,0.2745,0.0,0.6074
3.17,9,9,0.0,3.17,7,0.875,0,1,1,1,0,60,0.1892,0.875,0.7784
2.99,7,7,3.0,-0.01,5,0.625,0,1,1,1,0,59,0.1918,0.0,0.5355
2.17,7,8,3.5,-1.33,7,0.875,1,1,1,1,0,10,0.5833,0.0,0.6218
2.49,7,8,2.5,-0.01,0,0.0,1,1,1,0,0,82,0.1458,0.0,0.5961
3.69,3,6,2.5,1.19,7,0.875,1,1,1,0,0,67,0.1728,0.875,0.9443
3.28,8,8,3.2,0.08,8,1.0,1,0,0,0,0,28,0.3333,1.0,0.6086
3.3,7,8,2.5,0.8,6,0.75,1,1,1,1,0,41,0.2545,0.75,1.0
3.34,5,7,3.0,0.34,8,1.0,1,1,0,0,0,12,0.5385,1.0,0.745
3.53,5,6,3.0,0.53,5,0.625,1,1,1,0,1,33,0.2979,0.625,0.8978
2.12,8,8,0.0,2.12,2,0.25,0,0,0,1,1,61,0.1867,0.25,0.4191
2.73,7,8,2.8,-0.07,5,0.625,0,1,1,0,1,80,0.1489,0.0,0.5657
3.08,2,6,2.8,0.28,5,0.625,1,1,1,0,0,54,0.2059,0.625,0.8488
2.68,6,9,2.5,0.18,1,0.125,1,1,1,0,1,26,0.35,0.125,0.7966
3.69,2,6,3.2,0.49,1,0.125,0,1,1,0,1,82,0.1458,0.125,0.6539
2.97,3,6,2.5,0.47,2,0.25,0,1,0,0,0,49,0.2222,0.25,0.5532
3.54,8,8,2.8,0.74,4,0.5,0,1,1,0,0,67,0.1728,0.5,0.7335
3.7,3,7,3.2,0.5,1,0.125,1,1,1,0,0,64,0.1795,0.125,0.6332
3.01,10,10,2.5,0.51,6,0.75,0,1,1,1,0,36,0.28,0.75,0.8258
3.82,3,6,3.2,0.62,0,0.0,1,1,1,0,0,2,0.875,0.0,0.8007
3.17,5,7,0.0,3.17,8,1.0,0,0,1,1,0,57,0.1972,1.0,0.7371
3.7,7,9,2.8,0.9,6,0.75,0,1,0,1,0,81,0.1474,0.75,0.6796
2.68,3,7,0.0,2.68,3,0.375,0,1,1,1,0,78,0.1522,0.375,0.6478
3.0,6,10,3.0,0.0,3,0.375,1,0,0,1,0,78,0.1522,0.375,0.4556
3.06,6,9,3.0,0.06,6,0.75,0,1,1,0,0,32,0.3043,0.75,0.8343
2.21,6,10,3.2,-0.99,0,0.0,1,0,1,0,0,82,0.1458,0.0,0.3844
2.8,9,10,3.5,-0.7,6,0.75,1,1,1,0,0,2,0.875,0.0,0.644
3.83,4,6,3.0,0.83,4,0.5,1,1,0,0,1,29,0.3256,0.5,0.5829
3.26,8,8,3.0,0.26,1,0.125,0,0,1,1,0,57,0.1972,0.125,0.5329
2.36,9,9,2.8,-0.44,8,1.0,1,0,1,0,0,29,0.3256,0.0,0.4941
2.68,3,6,3.2,-0.52,5,0.625,0,0,1,0,0,3,0.8235,0.0,0.3127
2.38,8,8,3.0,-0.62,1,0.125,1,0,1,0,0,16,0.4667,0.0,0.3204
2.05,5,9,3.2,-1.15,5,0.625,1,0,1,1,1,85,0.1414,0.0,0.5459
3.85,7,9,2.5,1.35,3,0.375,1,1,0,0,1,39,0.2642,0.375,0.6427
2.9,7,8,2.8,0.1,6,0.75,1,1,1,0,0,16,0.4667,0.75,0.9508
2.62,8,10,3.0,-0.38,4,0.5,1,1,0,1,0,56,0.2,0.0,0.3938
3.2,8,9,2.5,0.7,8,1.0,1,0,1,1,0,34,0.2917,1.0,0.9038
2.01,6,6,2.5,-0.49,8,1.0,0,0,1,0,0,36,0.28,0.0,0.377
2.56,5,7,3.5,-0.94,0,0.0,1,0,0,0,0,86,0.14,0.0,0.1731
3.41,7,10,2.8,0.61,3,0.375,0,0,0,1,0,49,0.2222,0.375,0.3593
3.27,4,6,2.5,0.77,1,0.125,0,1,1,0,0,8,0.6364,0.125,0.6167
3.96,6,6,2.5,1.46,4,0.5,1,0,1,1,0,85,0.1414,0.5,0.7451
3.24,7,7,2.8,0.44,1,0.125,1,1,1,1,1,1,0.9333,0.125,0.71
2.96,10,10,3.0,-0.04,4,0.5,1,1,1,1,0,62,0.1842,0.0,0.6785
3.52,6,9,3.5,0.02,1,0.125,1,0,1,1,1,10,0.5833,0.125,0.6657
3.81,3,6,3.5,0.31,5,0.625,1,0,1,1,1,25,0.359,0.625,0.817
3.44,5,7,3.0,0.44,4,0.5,1,1,1,0,0,89,0.1359,0.5,0.8589
3.93,8,10,3.0,0.93,8,1.0,1,1,1,0,1,16,0.4667,1.0,1.0
3.56,6,7,2.5,1.06,7,0.875,1,0,1,1,0,88,0.1373,0.875,0.9315
3.73,8,8,3.2,0.53,5,0.625,0,1,0,0,0,27,0.3415,0.625,0.6214
2.23,6,8,2.5,-0.27,4,0.5,1,1,1,1,0,35,0.2857,0.0,0.6711
3.46,6,9,0.0,3.46,6,0.75,1,1,1,0,0,85,0.1414,0.75,0.872
2.88,9,9,3.5,-0.62,6,0.75,1,1,0,0,0,67,0.1728,0.0,0.4251
3.11,8,10,3.2,-0.09,1,0.125,0,1,1,0,0,27,0.3415,0.0,0.4469
3.31,5,6,2.5,0.81,3,0.375,0,1,0,1,0,67,0.1728,0.375,0.5196
3.94,4,8,3.0,0.94,8,1.0,0,1,1,0,1,43,0.2456,1.0,0.8044
3.97,7,9,2.8,1.17,2,0.25,0,1,1,0,0,9,0.6087,0.25,0.7165
2.58,6,8,2.5,0.08,0,0.0,1,1,1,0,0,23,0.3784,0.0,0.7625
3.47,5,9,2.5,0.97,7,0.875,0,1,1,0,0,22,0.3889,0.875,0.8044
3.5,6,9,0.0,3.5,8,1.0,1,0,1,1,1,43,0.2456,1.0,0.9274
2.69,6,7,2.8,-0.11,5,0.625,1,1,1,1,0,81,0.1474,0.0,0.6275
2.25,2,6,2.8,-0.55,5,0.625,1,1,0,1,1,52,0.2121,0.0,0.3858
2.08,6,10,2.8,-0.72,3,0.375,0,1,1,1,0,15,0.4828,0.0,0.3321
3.55,6,10,2.5,1.05,3,0.375,1,0,1,0,0,55,0.2029,0.375,0.6747
2.98,6,10,3.5,-0.52,8,1.0,1,1,0,1,0,47,0.2295,0.0,0.3863
3.97,5,7,3.0,0.97,7,0.875,1,0,0,1,0,35,0.2857,0.875,0.6602
2.93,5,7,3.2,-0.27,4,0.5,1,1,0,1,0,22,0.3889,0.0,0.4956
3.96,6,7,0.0,3.96,2,0.25,1,1,1,0,1,65,0.1772,0.25,0.8311
2.82,4,6,3.0,-0.18,1,0.125,0,1,0,0,0,51,0.2154,0.0,0.1939
3.59,4,6,3.2,0.39,0,0.0,1,1,1,0,0,39,0.2642,0.0,0.7144
2.17,7,7,2.5,-0.33,4,0.5,1,0,1,0,0,18,0.4375,0.0,0.4361
3.11,7,10,2.5,0.61,4,0.5,1,0,1,0,0,11,0.56,0.5,0.7606
3.6,6,7,2.5,1.1,6,0.75,1,1,0,1,0,20,0.4118,0.75,0.7392
3.85,4,8,2.5,1.35,7,0.875,0,0,1,0,1,56,0.2,0.875,0.7068
3.65,8,8,2.8,0.85,3,0.375,0,1,1,0,1,5,0.7368,0.375,0.7411
2.07,4,7,2.5,-0.43,1,0.125,1,1,1,1,0,7,0.6667,0.0,0.4338
2.75,7,10,2.5,0.25,7,0.875,1,0,1,1,0,90,0.1346,0.875,0.8499
2.1,2,6,3.0,-0.9,6,0.75,0,1,1,0,0,25,0.359,0.0,0.549
2.22,8,10,0.0,2.22,4,0.5,1,1,0,0,0,11,0.56,0.5,0.6479
3.35,6,9,2.5,0.85,0,0.0,1,1,1,1,0,87,0.1386,0.0,0.734
3.43,7,7,3.0,0.43,4,0.5,1,1,1,1,0,38,0.2692,0.5,0.9227
3.55,5,9,2.5,1.05,5,0.625,0,1,1,1,0,1,0.9333,0.625,0.8565
3.73,6,8,2.5,1.23,7,0.875,1,1,1,0,1,38,0.2692,0.875,0.9362
3.48,10,10,2.5,0.98,4,0.5,1,0,1,1,1,2,0.875,0.5,0.8061
3.6,6,6,0.0,3.6,4,0.5,1,0,1,1,0,28,0.3333,0.5,0.7366
2.1,5,6,2.8,-0.7,3,0.375,1,1,1,0,1,86,0.14,0.0,0.4065
2.47,6,8,0.0,2.47,3,0.375,1,0,1,0,1,72,0.1628,0.375,0.7162
3.24,10,10,2.5,0.74,0,0.0,0,1,1,1,0,38,0.2692,0.0,0.6299
3.72,3,6,3.5,0.22,0,0.0,1,1,1,1,1,31,0.3111,0.0,0.7547
2.01,9,9,3.2,-1.19,6,0.75,0,1,1,0,1,53,0.209,0.0,0.445
3.03,8,10,2.5,0.53,3,0.375,1,1,1,1,0,57,0.1972,0.375,0.7741
3.35,5,8,2.5,0.85,7,0.875,1,0,0,1,1,69,0.1687,0.875,0.749
2.06,7,10,2.8,-0.74,3,0.375,1,0,0,0,0,49,0.2222,0.0,0.1944
2.8,7,9,3.2,-0.4,8,1.0,1,1,1,0,0,7,0.6667,0.0,0.6713
3.79,3,7,3.2,0.59,1,0.125,0,1,1,0,0,78,0.1522,0.125,0.7386
3.34,9,10,0.0,3.34,1,0.125,1,1,1,1,0,31,0.3111,0.125,0.7194
2.48,6,9,0.0,2.48,5,0.625,1,0,1,0,0,74,0.1591,0.625,0.6849
3.71,3,6,2.8,0.91,7,0.875,0,1,1,1,0,73,0.1609,0.875,0.7997
2.7,4,8,3.2,-0.5,1,0.125,0,1,1,0,1,20,0.4118,0.0,0.3522
3.71,7,9,3.2,0.51,4,0.5,1,1,0,1,1,47,0.2295,0.5,0.7157
2.6,7,10,0.0,2.6,2,0.25,0,0,1,1,0,68,0.1707,0.25,0.5756
3.18,5,9,2.8,0.38,6,0.75,0,1,1,1,0,33,0.2979,0.75,0.8313
2.79,8,8,2.5,0.29,5,0.625,0,1,1,1,0,72,0.1628,0.625,0.7399
2.55,6,7,3.0,-0.45,5,0.625,1,1,1,0,0,48,0.2258,0.0,0.595
3.77,3,6,3.2,0.57,2,0.25,1,0,1,0,0,83,0.1443,0.25,0.7383
2.38,2,6,2.8,-0.42,2,0.25,1,1,1,0,1,81,0.1474,0.0,0.5793
2.17,9,9,0.0,2.17,5,0.625,1,1,1,1,0,87,0.1386,0.625,0.9394
2.68,9,10,2.8,-0.12,3,0.375,0,1,0,0,0,20,0.4118,0.0,0.2518
3.44,4,6,2.8,0.64,6,0.75,1,1,1,0,0,67,0.1728,0.75,0.9367
3.61,8,9,3.2,0.41,1,0.125,0,0,1,0,0,68,0.1707,0.125,0.4937
4.0,4,8,2.5,1.5,2,0.25,1,1,1,1,0,41,0.2545,0.25,0.8062
2.59,4,6,3.2,-0.61,0,0.0,0,1,1,0,0,16,0.4667,0.0,0.2967
2.82,3,7,2.5,0.32,0,0.0,0,1,1,0,0,27,0.3415,0.0,0.591
2.27,6,7,2.5,-0.23,2,0.25,1,1,1,0,1,47,0.2295,0.0,0.6482
3.15,9,9,2.5,0.65,4,0.5,0,1,1,0,0,78,0.1522,0.5,0.7689
4.0,5,7,0.0,4.0,1,0.125,1,0,0,1,1,83,0.1443,0.125,0.4612
3.4,9,10,2.5,0.9,0,0.0,1,1,1,1,0,83,0.1443,0.0,0.7165
3.19,6,7,3.0,0.19,7,0.875,1,1,1,1,0,86,0.14,0.875,0.9708
2.78,6,6,0.0,2.78,4,0.5,0,0,1,0,0,9,0.6087,0.5,0.7223
3.83,2,6,0.0,3.83,6,0.75,1,1,1,0,1,90,0.1346,0.75,0.9996
2.99,5,8,0.0,2.99,6,0.75,1,0,1,1,1,50,0.2188,0.75,0.8361
2.27,5,8,0.0,2.27,0,0.0,0,1,1,0,0,9,0.6087,0.0,0.613
2.73,8,9,3.2,-0.47,5,0.625,1,1,1,1,0,12,0.5385,0.0,0.5759
2.13,6,8,3.5,-1.37,7,0.875,1,1,1,1,0,23,0.3784,0.0,0.588
2.4,5,6,0.0,2.4,4,0.5,1,1,1,0,0,23,0.3784,0.5,0.8953
2.04,5,7,3.0,-0.96,7,0.875,1,0,1,1,1,10,0.5833,0.0,0.6019
2.91,8,8,3.0,-0.09,8,1.0,1,1,0,0,0,35,0.2857,0.0,0.4963
3.27,6,7,3.5,-0.23,4,0.5,1,1,1,0,0,50,0.2188,0.0,0.7275
2.69,5,9,2.5,0.19,0,0.0,1,0,1,0,0,29,0.3256,0.0,0.5427
2.84,10,10,2.5,0.34,5,0.625,0,0,1,1,0,61,0.1867,0.625,0.6949
3.92,7,7,2.8,1.12,7,0.875,1,1,1,1,1,65,0.1772,0.875,0.9581
3.5,4,8,3.2,0.3,5,0.625,1,1,0,0,0,36,0.28,0.625,0.6456
3.08,7,10,3.0,0.08,7,0.875,1,0,1,1,1,8,0.6364,0.875,0.9262
2.57,7,7,2.8,-0.23,4,0.5,1,0,1,0,0,29,0.3256,0.0,0.544
3.79,8,8,2.5,1.29,3,0.375,0,1,1,0,1,56,0.2,0.375,0.5742
2.47,5,7,3.0,-0.53,8,1.0,1,1,1,1,0,36,0.28,0.0,0.6245
2.65,7,9,3.2,-0.55,1,0.125,0,1,0,1,0,53,0.209,0.0,0.1312
3.82,5,9,2.8,1.02,4,0.5,1,1,1,1,0,76,0.1556,0.5,0.8586
3.06,4,6,3.0,0.06,1,0.125,1,1,1,1,0,71,0.1647,0.125,0.6967
3.48,5,6,2.8,0.68,5,0.625,0,0,1,0,1,57,0.1972,0.625,0.6563
3.18,3,6,2.8,0.38,8,1.0,1,1,0,0,1,9,0.6087,1.0,0.7115
3.31,3,6,2.8,0.51,8,1.0,1,1,0,0,0,68,0.1707,1.0,0.6773
2.6,6,6,3.0,-0.4,2,0.25,1,1,1,1,0,30,0.3182,0.0,0.5421
2.48,7,9,3.5,-1.02,6,0.75,1,1,1,0,0,38,0.2692,0.0,0.6426
2.64,7,10,2.8,-0.16,7,0.875,1,1,1,0,0,63,0.1818,0.0,0.7439
2.31,5,8,2.5,-0.19,7,0.875,1,1,0,1,0,75,0.1573,0.0,0.5352
3.75,8,10,2.8,0.95,4,0.5,0,0,1,0,0,65,0.1772,0.5,0.6963
2.57,6,9,0.0,2.57,1,0.125,0,0,1,1,0,28,0.3333,0.125,0.5349
3.12,8,10,2.5,0.62,4,0.5,0,1,1,1,1,41,0.2545,0.5,0.7836
3.58,9,9,0.0,3.58,6,0.75,0,1,1,0,0,33,0.2979,0.75,0.8464
3.57,5,6,2.8,0.77,5,0.625,0,0,1,0,0,42,0.25,0.625,0.6594
2.88,5,8,2.5,0.38,3,0.375,1,1,0,1,1,69,0.1687,0.375,0.6274
2.95,6,8,2.5,0.45,1,0.125,1,1,1,1,0,87,0.1386,0.125,0.7519
3.99,7,9,3.0,0.99,5,0.625,0,1,1,0,0,36,0.28,0.625,0.8342
3.35,8,9,2.5,0.85,3,0.375,1,1,1,1,0,30,0.3182,0.375,0.6949
3.63,5,6,3.0,0.63,4,0.5,1,0,0,0,0,80,0.1489,0.5,0.5548
3.81,7,9,3.2,0.61,8,1.0,0,1,1,1,0,14,0.5,1.0,0.8377
3.58,7,10,2.8,0.78,0,0.0,1,1,1,0,0,36,0.28,0.0,0.7465
2.37,5,6,2.5,-0.13,2,0.25,0,1,1,0,0,86,0.14,0.0,0.432
3.12,4,8,2.5,0.62,8,1.0,1,1,1,1,0,80,0.1489,1.0,0.8304
2.2,9,10,2.8,-0.6,8,1.0,1,0,1,0,0,73,0.1609,0.0,0.5328
3.31,6,6,2.8,0.51,2,0.25,0,0,1,1,0,80,0.1489,0.25,0.621
3.91,5,6,0.0,3.91,8,1.0,0,0,1,1,1,22,0.3889,1.0,0.7286
3.03,8,10,2.8,0.23,1,0.125,1,1,1,1,0,6,0.7,0.125,0.7013
2.87,6,6,2.8,0.07,0,0.0,0,1,1,0,0,78,0.1522,0.0,0.6612
2.07,7,9,2.5,-0.43,2,0.25,1,1,0,0,0,45,0.2373,0.0,0.2669
3.92,8,10,3.0,0.92,4,0.5,1,1,1,0,0,23,0.3784,0.5,0.869
2.21,8,8,0.0,2.21,0,0.0,0,0,1,0,0,43,0.2456,0.0,0.5203
2.08,4,8,2.5,-0.42,1,0.125,1,1,1,0,0,75,0.1573,0.0,0.3829
2.49,7,8,3.2,-0.71,7,0.875,1,1,0,0,0,45,0.2373,0.0,0.3774
2.13,6,7,2.5,-0.37,5,0.625,0,0,1,0,0,57,0.1972,0.0,0.3124
2.91,5,7,3.0,-0.09,5,0.625,1,1,0,1,0,47,0.2295,0.0,0.4534
3.03,4,8,2.8,0.23,8,1.0,1,1,1,0,0,44,0.2414,1.0,0.9184
2.63,9,10,2.5,0.13,2,0.25,1,1,0,0,0,86,0.14,0.25,0.5908
2.1,7,10,3.2,-1.1,8,1.0,0,0,1,1,0,84,0.1429,0.0,0.4254
2.22,10,10,2.5,-0.28,3,0.375,0,1,0,0,0,39,0.2642,0.0,0.3455
2.77,5,6,2.5,0.27,8,1.0,1,1,1,1,0,73,0.1609,1.0,1.0
2.12,4,7,3.2,-1.08,7,0.875,1,1,1,1,0,66,0.175,0.0,0.6083
3.4,7,9,3.0,0.4,1,0.125,0,0,1,1,0,12,0.5385,0.125,0.4936
2.41,4,8,3.0,-0.59,1,0.125,1,0,1,1,0,77,0.1538,0.0,0.285
2.6,5,7,0.0,2.6,4,0.5,1,1,0,1,0,64,0.1795,0.5,0.6264
2.79,3,7,0.0,2.79,4,0.5,0,1,0,1,0,78,0.1522,0.5,0.5829
2.83,6,6,3.0,-0.17,2,0.25,1,0,1,0,0,72,0.1628,0.0,0.4702
2.0,6,7,2.5,-0.5,2,0.25,1,1,1,0,0,85,0.1414,0.0,0.5307
2.22,5,8,2.5,-0.28,8,1.0,1,0,1,1,0,49,0.2222,0.0,0.5827
3.73,8,8,3.0,0.73,6,0.75,1,1,1,0,1,6,0.7,0.75,0.9489
2.0,4,8,2.5,-0.5,1,0.125,1,1,1,0,0,25,0.359,0.0,0.4573
3.02,5,7,0.0,3.02,6,0.75,1,1,1,1,0,14,0.5,0.75,0.9325
2.98,3,7,0.0,2.98,1,0.125,1,1,1,0,0,22,0.3889,0.125,0.6294
2.67,6,10,2.8,-0.13,4,0.5,1,1,1,0,0,52,0.2121,0.0,0.6594
2.86,5,8,3.0,-0.14,0,0.0,1,1,1,1,1,88,0.1373,0.0,0.5379
3.56,4,7,3.2,0.36,5,0.625,1,0,1,0,1,69,0.1687,0.625,0.8185
3.68,8,9,0.0,3.68,1,0.125,1,1,0,0,0,40,0.2593,0.125,0.5451
2.52,8,8,2.5,0.02,2,0.25,0,1,1,1,0,45,0.2373,0.25,0.5912
2.64,7,8,2.8,-0.16,1,0.125,0,1,1,1,0,47,0.2295,0.0,0.4521
2.48,6,7,2.8,-0.32,1,0.125,1,1,1,0,0,37,0.2745,0.0,0.4556
2.96,7,9,2.8,0.16,0,0.0,1,0,1,0,0,54,0.2059,0.0,0.5406
3.37,3,6,3.5,-0.13,4,0.5,1,0,0,0,0,85,0.1414,0.0,0.3951
2.46,7,10,2.8,-0.34,7,0.875,1,1,1,1,0,10,0.5833,0.0,0.5888
2.66,8,8,2.8,-0.14,2,0.25,0,1,1,0,0,33,0.2979,0.0,0.5358
3.86,6,8,3.5,0.36,7,0.875,1,0,1,1,0,8,0.6364,0.875,0.8479
2.1,5,7,0.0,2.1,4,0.5,0,0,1,1,0,77,0.1538,0.5,0.6043
2.92,4,8,3.5,-0.58,2,0.25,1,0,1,0,1,18,0.4375,0.0,0.4548
3.42,7,9,2.8,0.62,0,0.0,1,1,1,1,0,59,0.1918,0.0,0.6381
2.3,7,8,2.8,-0.5,7,0.875,1,0,1,1,1,6,0.7,0.0,0.5578
2.09,4,6,3.5,-1.41,0,0.0,1,1,1,1,0,43,0.2456,0.0,0.3756
2.28,7,8,2.8,-0.52,3,0.375,0,1,1,1,0,81,0.1474,0.0,0.3518
3.84,7,7,2.8,1.04,0,0.0,0,1,1,0,0,86,0.14,0.0,0.628
2.02,2,6,2.5,-0.48,6,0.75,1,1,1,1,0,14,0.5,0.0,0.6423
2.38,10,10,3.0,-0.62,8,1.0,0,0,1,1,1,60,0.1892,0.0,0.4902
2.06,7,7,2.8,-0.74,2,0.25,1,1,1,0,1,21,0.4,0.0,0.4849
2.22,6,8,2.5,-0.28,2,0.25,0,1,1,0,0,66,0.175,0.0,0.4231
3.24,5,6,3.0,0.24,5,0.625,0,1,1,1,0,49,0.2222,0.625,0.7932
2.48,3,7,3.0,-0.52,4,0.5,0,1,1,0,0,72,0.1628,0.0,0.4494
3.14,4,7,2.8,0.34,3,0.375,1,1,0,0,1,81,0.1474,0.375,0.5638
3.18,2,6,0.0,3.18,3,0.375,1,0,1,0,0,32,0.3043,0.375,0.7717
3.7,9,10,2.8,0.9,1,0.125,0,1,0,0,1,5,0.7368,0.125,0.4306
2.01,7,7,0.0,2.01,2,0.25,1,1,1,0,0,29,0.3256,0.25,0.8202
3.71,7,8,0.0,3.71,5,0.625,0,1,1,0,0,20,0.4118,0.625,0.8103
3.24,7,8,2.8,0.44,6,0.75,1,0,1,0,0,12,0.5385,0.75,0.8207
2.33,4,8,0.0,2.33,6,0.75,0,0,1,0,1,65,0.1772,0.75,0.7628
3.55,8,8,2.5,1.05,4,0.5,1,0,0,0,0,82,0.1458,0.5,0.5776
3.71,4,8,3.0,0.71,6,0.75,0,1,1,0,0,47,0.2295,0.75,0.8152
2.51,4,6,2.5,0.01,5,0.625,1,1,0,0,0,48,0.2258,0.625,0.6224
3.84,8,9,3.5,0.34,3,0.375,1,1,0,0,0,54,0.2059,0.375,0.5897
2.91,6,6,3.2,-0.29,3,0.375,1,0,1,0,0,81,0.1474,0.0,0.5135
3.21,8,8,2.8,0.41,4,0.5,1,0,0,1,1,2,0.875,0.5,0.6456
3.97,5,7,3.5,0.47,2,0.25,0,0,1,0,0,48,0.2258,0.25,0.5752
2.72,6,8,3.2,-0.48,6,0.75,1,0,1,1,1,79,0.1505,0.0,0.5911
3.63,4,6,2.5,1.13,1,0.125,1,1,1,0,0,15,0.4828,0.125,0.6948
2.64,7,9,3.0,-0.36,0,0.0,1,0,1,0,1,53,0.209,0.0,0.402
3.6,7,8,0.0,3.6,4,0.5,1,1,1,0,1,1,0.9333,0.5,0.9058
3.2,5,6,3.0,0.2,0,0.0,1,1,1,0,0,76,0.1556,0.0,0.6805
2.43,4,6,2.8,-0.37,1,0.125,1,1,1,1,1,59,0.1918,0.0,0.4177
2.83,6,8,0.0,2.83,3,0.375,1,1,1,1,0,87,0.1386,0.375,0.7809
2.64,5,9,2.5,0.14,0,0.0,1,1,0,0,0,27,0.3415,0.0,0.4769
2.16,4,8,3.5,-1.34,2,0.25,1,1,1,0,0,66,0.175,0.0,0.4454
2.06,7,9,2.5,-0.44,4,0.5,1,0,0,0,0,70,0.1667,0.0,0.3177
2.69,6,9,2.5,0.19,3,0.375,1,1,0,1,0,3,0.8235,0.375,0.6219
2.04,9,10,2.5,-0.46,8,1.0,1,0,1,0,1,69,0.1687,0.0,0.4727
2.33,10,10,2.8,-0.47,0,0.0,0,1,1,0,1,65,0.1772,0.0,0.3648
3.45,9,10,3.2,0.25,6,0.75,1,1,0,0,0,56,0.2,0.75,0.6742
3.42,9,9,3.0,0.42,5,0.625,1,1,1,1,1,51,0.2154,0.625,0.949
3.48,6,8,2.8,0.68,5,0.625,0,0,0,1,1,73,0.1609,0.625,0.5022
2.63,8,8,2.5,0.13,6,0.75,1,0,1,0,1,10,0.5833,0.75,0.841
3.78,9,9,0.0,3.78,0,0.0,0,0,1,0,0,36,0.28,0.0,0.499
3.19,2,6,2.8,0.39,7,0.875,0,1,1,1,0,25,0.359,0.875,0.8378
2.25,8,9,3.2,-0.95,2,0.25,1,1,0,0,0,77,0.1538,0.0,0.2784
2.29,6,8,3.0,-0.71,5,0.625,1,1,1,0,1,16,0.4667,0.0,0.5433
3.39,8,8,2.8,0.59,2,0.25,1,1,1,0,0,6,0.7,0.25,0.8573
2.35,8,10,2.8,-0.45,3,0.375,0,0,1,0,1,84,0.1429,0.0,0.319
3.01,5,9,2.8,0.21,6,0.75,1,1,1,0,1,36,0.28,0.75,0.9474
3.98,7,10,2.8,1.18,8,1.0,0,1,1,1,0,72,0.1628,1.0,0.8216
2.01,6,10,2.8,-0.79,7,0.875,1,1,1,1,1,21,0.4,0.0,0.6652
2.03,7,10,3.0,-0.97,6,0.75,0,1,1,0,0,64,0.1795,0.0,0.4591
3.99,3,7,2.8,1.19,4,0.5,1,1,1,0,0,84,0.1429,0.5,0.911
3.17,5,6,3.5,-0.33,4,0.5,0,0,1,0,0,69,0.1687,0.0,0.3206
2.25,5,7,2.8,-0.55,8,1.0,0,1,1,1,1,27,0.3415,0.0,0.5163
3.79,8,9,0.0,3.79,1,0.125,1,1,1,0,1,55,0.2029,0.125,0.6411
3.76,10,10,2.5,1.26,8,1.0,1,1,0,0,1,75,0.1573,1.0,0.7668
3.07,9,10,2.8,0.27,5,0.625,1,0,1,0,0,77,0.1538,0.625,0.7543
3.24,7,9,2.8,0.44,5,0.625,1,1,1,0,0,27,0.3415,0.625,0.8987
2.55,6,9,2.8,-0.25,5,0.625,1,1,1,0,1,21,0.4,0.0,0.621
2.1,9,10,3.0,-0.9,7,0.875,0,0,1,0,1,40,0.2593,0.0,0.4213
3.19,7,9,2.5,0.69,6,0.75,1,1,1,1,1,23,0.3784,0.75,1.0
2.59,5,6,3.0,-0.41,0,0.0,1,1,1,0,0,65,0.1772,0.0,0.4485
3.33,4,8,3.0,0.33,7,0.875,1,1,1,1,0,54,0.2059,0.875,0.945
3.67,3,7,2.8,0.87,6,0.75,1,0,1,1,0,44,0.2414,0.75,0.843
2.04,5,9,2.8,-0.76,8,1.0,1,1,1,0,1,73,0.1609,0.0,0.5636
3.19,8,9,2.5,0.69,8,1.0,1,1,1,1,0,20,0.4118,1.0,0.907
2.46,5,7,2.8,-0.34,8,1.0,0,1,0,1,1,76,0.1556,0.0,0.4118
3.75,4,7,3.0,0.75,0,0.0,1,1,1,0,0,51,0.2154,0.0,0.6853
2.51,3,6,3.2,-0.69,5,0.625,1,1,0,1,1,88,0.1373,0.0,0.4081
3.22,6,7,2.8,0.42,8,1.0,1,1,1,1,0,54,0.2059,1.0,1.0
3.11,10,10,2.5,0.61,8,1.0,1,1,1,1,0,69,0.1687,1.0,0.9317
2.79,9,9,3.0,-0.21,4,0.5,1,1,0,0,0,18,0.4375,0.0,0.436
3.36,8,10,3.0,0.36,8,1.0,0,1,1,0,0,21,0.4,1.0,0.837
3.45,9,10,2.5,0.95,7,0.875,1,0,1,0,1,51,0.2154,0.875,0.8453
3.13,6,10,3.2,-0.07,0,0.0,1,1,1,0,0,21,0.4,0.0,0.5446
3.52,6,6,0.0,3.52,7,0.875,1,0,1,0,0,4,0.7778,0.875,0.8726
3.97,3,7,0.0,3.97,5,0.625,0,1,0,1,0,41,0.2545,0.625,0.6544
2.84,3,6,0.0,2.84,5,0.625,1,0,0,0,1,24,0.3684,0.625,0.5881
3.03,5,6,2.5,0.53,1,0.125,0,1,1,0,1,59,0.1918,0.125,0.6375
2.02,7,7,3.2,-1.18,8,1.0,0,1,0,0,1,52,0.2121,0.0,0.2985
3.59,3,7,2.8,0.79,2,0.25,1,1,1,0,0,47,0.2295,0.25,0.823
3.04,5,6,2.5,0.54,3,0.375,0,1,1,1,1,75,0.1573,0.375,0.7305
2.82,6,10,2.8,0.02,2,0.25,1,0,1,1,0,7,0.6667,0.25,0.6567
2.19,4,8,2.8,-0.61,8,1.0,0,1,1,0,1,71,0.1647,0.0,0.5362
3.78,7,9,2.5,1.28,4,0.5,0,1,1,0,0,44,0.2414,0.5,0.7627
2.79,7,9,0.0,2.79,1,0.125,0,1,1,0,0,63,0.1818,0.125,0.6161
3.37,7,10,3.0,0.37,0,0.0,1,1,1,1,0,74,0.1591,0.0,0.7393
2.3,6,6,0.0,2.3,8,1.0,0,1,1,0,1,28,0.3333,1.0,0.8556
3.92,6,7,3.0,0.92,2,0.25,0,0,1,0,0,22,0.3889,0.25,0.5765
2.36,5,7,2.5,-0.14,6,0.75,1,0,1,0,0,68,0.1707,0.0,0.5986
2.4,6,8,3.0,-0.6,0,0.0,1,1,1,0,0,58,0.1944,0.0,0.4425
3.72,6,8,3.2,0.52,8,1.0,1,1,1,0,1,17,0.4516,1.0,0.9363
3.83,5,9,0.0,3.83,5,0.625,0,1,1,1,0,25,0.359,0.625,0.7692
2.42,7,8,0.0,2.42,2,0.25,1,1,1,0,0,77,0.1538,0.25,0.794
2.94,6,7,3.5,-0.56,8,1.0,1,1,1,0,1,51,0.2154,0.0,0.6113
3.47,6,8,2.8,0.67,2,0.25,1,1,0,0,0,83,0.1443,0.25,0.623
3.76,8,10,3.0,0.76,8,1.0,0,1,1,0,0,64,0.1795,1.0,0.8472
2.76,8,8,0.0,2.76,5,0.625,0,0,1,1,0,19,0.4242,0.625,0.7263
3.03,7,8,2.5,0.53,4,0.5,1,1,1,1,0,19,0.4242,0.5,0.855
3.48,3,6,2.8,0.68,0,0.0,0,1,1,1,0,87,0.1386,0.0,0.6148
3.46,2,6,3.2,0.26,2,0.25,1,0,1,1,0,67,0.1728,0.25,0.6751
3.57,7,7,2.5,1.07,0,0.0,0,1,1,1,0,54,0.2059,0.0,0.6837
3.14,5,6,3.0,0.14,7,0.875,0,1,0,0,0,61,0.1867,0.875,0.6297
2.21,7,8,3.0,-0.79,0,0.0,0,1,1,0,0,38,0.2692,0.0,0.2896
3.81,7,10,0.0,3.81,1,0.125,0,0,1,1,0,29,0.3256,0.125,0.5108
3.73,4,8,2.5,1.23,1,0.125,1,0,1,1,0,75,0.1573,0.125,0.5956
3.6,7,9,2.5,1.1,8,1.0,0,1,1,0,0,81,0.1474,1.0,0.8626
2.2,9,10,2.8,-0.6,8,1.0,1,0,1,0,0,82,0.1458,0.0,0.5492
2.41,6,9,3.0,-0.59,6,0.75,0,0,1,1,0,71,0.1647,0.0,0.4059
3.49,7,9,2.8,0.69,0,0.0,1,1,1,0,0,79,0.1505,0.0,0.7074
2.05,9,9,2.5,-0.45,4,0.5,1,0,1,0,0,47,0.2295,0.0,0.4708
3.96,4,7,3.0,0.96,8,1.0,1,1,1,0,0,29,0.3256,1.0,0.9298
2.75,5,8,2.8,-0.05,0,0.0,1,1,1,0,0,8,0.6364,0.0,0.5239
3.44,4,7,2.8,0.64,7,0.875,1,0,1,0,0,28,0.3333,0.875,0.8441
3.78,9,9,2.8,0.98,0,0.0,1,1,1,1,0,40,0.2593,0.0,0.7469
2.79,6,8,2.5,0.29,7,0.875,1,0,0,1,1,8,0.6364,0.875,0.6854
2.64,10,10,3.0,-0.36,4,0.5,1,0,0,0,0,30,0.3182,0.0,0.3382
3.22,6,6,2.8,0.42,7,0.875,0,1,1,0,0,84,0.1429,0.875,0.8379
3.16,4,6,2.8,0.36,3,0.375,1,1,1,0,0,24,0.3684,0.375,0.7947
2.82,5,9,0.0,2.82,7,0.875,0,1,1,0,0,36,0.28,0.875,0.8012
3.2,6,9,2.8,0.4,7,0.875,1,1,1,0,1,58,0.1944,0.875,0.9662
3.87,7,9,3.0,0.87,2,0.25,0,1,1,1,0,80,0.1489,0.25,0.6441
2.94,4,7,2.5,0.44,5,0.625,0,1,0,1,0,83,0.1443,0.625,0.5862
2.39,2,6,3.2,-0.81,4,0.5,1,1,0,0,0,74,0.1591,0.0,0.351
2.75,7,7,3.2,-0.45,3,0.375,1,1,1,1,0,14,0.5,0.0,0.497
2.79,5,8,0.0,2.79,7,0.875,1,1,0,0,1,11,0.56,0.875,0.6611
2.26,7,8,3.0,-0.74,2,0.25,1,0,0,1,0,67,0.1728,0.0,0.2564
2.33,10,10,2.8,-0.47,1,0.125,1,1,1,0,1,80,0.1489,0.0,0.3978
3.37,8,10,3.5,-0.13,4,0.5,1,1,1,1,0,56,0.2,0.0,0.6709
2.68,8,9,2.5,0.18,7,0.875,1,0,1,0,1,83,0.1443,0.875,0.8146
3.91,2,6,2.5,1.41,1,0.125,1,1,0,0,0,61,0.1867,0.125,0.5482
2.49,5,6,2.8,-0.31,3,0.375,0,1,1,0,0,32,0.3043,0.0,0.3948
2.2,8,8,2.5,-0.3,6,0.75,1,0,1,1,0,77,0.1538,0.0,0.5899
3.51,9,9,3.0,0.51,4,0.5,1,1,1,1,1,69,0.1687,0.5,0.9388
3.76,5,9,2.8,0.96,5,0.625,1,1,1,1,0,34,0.2917,0.625,0.8204
2.56,4,7,2.5,0.06,4,0.5,0,1,1,1,0,54,0.2059,0.5,0.7485
2.4,2,6,2.8,-0.4,7,0.875,0,1,0,0,0,53,0.209,0.0,0.3676
2.37,7,7,3.2,-0.83,7,0.875,0,1,0,1,1,9,0.6087,0.0,0.4103
3.04,6,9,3.0,0.04,4,0.5,1,1,1,1,0,25,0.359,0.5,0.8265
2.94,8,10,2.8,0.14,3,0.375,1,1,0,0,0,21,0.4,0.375,0.5643
2.52,8,10,2.5,0.02,2,0.25,1,0,0,0,0,26,0.35,0.25,0.4966
2.09,7,8,2.5,-0.41,3,0.375,0,0,0,0,1,48,0.2258,0.0,0.0301
2.96,6,6,3.2,-0.24,7,0.875,1,1,1,0,1,47,0.2295,0.0,0.7743
3.92,7,10,3.0,0.92,4,0.5,0,1,1,0,0,78,0.1522,0.5,0.725
3.31,5,6,2.8,0.51,6,0.75,1,1,1,1,0,1,0.9333,0.75,0.95
2.99,4,7,3.2,-0.21,3,0.375,1,0,1,1,0,75,0.1573,0.0,0.5004
2.22,6,10,0.0,2.22,6,0.75,0,0,1,0,0,23,0.3784,0.75,0.7395
2.5,4,8,3.0,-0.5,6,0.75,1,0,1,1,0,32,0.3043,0.0,0.5015
2.59,3,6,2.5,0.09,4,0.5,1,1,1,1,0,14,0.5,0.5,0.9339
3.53,6,8,0.0,3.53,8,1.0,0,0,1,0,0,2,0.875,1.0,0.677
3.75,5,6,2.8,0.95,7,0.875,1,1,1,1,0,11,0.56,0.875,0.8989
3.8,7,7,2.8,1.0,1,0.125,1,1,0,1,0,21,0.4,0.125,0.4808
3.97,8,10,3.5,0.47,2,0.25,1,1,1,0,0,35,0.2857,0.25,0.7445
3.96,5,7,2.5,1.46,8,1.0,0,1,1,1,1,29,0.3256,1.0,0.9488
3.91,6,10,3.2,0.71,3,0.375,0,0,0,0,1,10,0.5833,0.375,0.3224
2.14,8,8,3.0,-0.86,2,0.25,1,1,1,0,0,31,0.3111,0.0,0.5323
2.28,6,9,3.0,-0.72,7,0.875,0,1,0,0,0,14,0.5,0.0,0.2889
2.61,8,9,3.5,-0.89,5,0.625,1,0,0,1,1,62,0.1842,0.0,0.2356
3.11,7,8,2.8,0.31,1,0.125,1,1,0,1,1,61,0.1867,0.125,0.4722
2.19,6,6,2.8,-0.61,0,0.0,1,1,1,0,0,6,0.7,0.0,0.3914
3.69,10,10,2.5,1.19,7,0.875,1,0,0,0,0,59,0.1918,0.875,0.6157
3.23,7,8,2.5,0.73,6,0.75,1,1,1,0,1,82,0.1458,0.75,0.947
3.08,8,9,3.2,-0.12,3,0.375,0,0,1,1,0,86,0.14,0.0,0.372
2.33,4,8,2.8,-0.47,7,0.875,0,0,1,0,0,6,0.7,0.0,0.4782
2.51,5,9,2.5,0.01,1,0.125,1,0,1,0,0,83,0.1443,0.125,0.6006
2.32,5,7,2.5,-0.18,7,0.875,1,1,0,0,1,37,0.2745,0.0,0.503
3.7,9,10,2.8,0.9,0,0.0,1,1,1,0,0,79,0.1505,0.0,0.7389
3.17,6,7,3.0,0.17,5,0.625,1,1,1,1,0,19,0.4242,0.625,0.8804
3.47,6,9,2.5,0.97,7,0.875,1,1,1,1,0,63,0.1818,0.875,0.9747
2.59,6,8,3.0,-0.41,5,0.625,0,1,0,0,0,73,0.1609,0.0,0.3259
2.74,8,8,3.0,-0.26,7,0.875,0,1,1,1,0,24,0.3684,0.0,0.6082
2.81,2,6,3.0,-0.19,3,0.375,1,1,1,1,0,67,0.1728,0.0,0.5915
3.52,4,7,2.5,1.02,2,0.25,0,1,1,0,0,17,0.4516,0.25,0.7163
3.54,6,6,3.0,0.54,2,0.25,1,1,1,0,1,64,0.1795,0.25,0.6845
2.41,4,8,2.5,-0.09,1,0.125,0,1,1,1,0,86,0.14,0.0,0.4159
3.88,6,9,2.8,1.08,2,0.25,1,0,1,0,0,27,0.3415,0.25,0.6735
2.24,6,8,3.0,-0.76,2,0.25,0,1,0,1,0,87,0.1386,0.0,0.185
3.79,8,9,3.0,0.79,6,0.75,1,0,1,0,0,61,0.1867,0.75,0.8055
2.2,4,7,2.5,-0.3,1,0.125,0,1,0,1,0,46,0.2333,0.0,0.2638
2.53,6,7,3.2,-0.67,1,0.125,1,1,0,0,0,30,0.3182,0.0,0.1705
3.69,5,8,0.0,3.69,6,0.75,1,0,0,0,0,50,0.2188,0.75,0.6191
2.36,4,7,2.8,-0.44,4,0.5,1,1,0,0,0,89,0.1359,0.0,0.3534
2.83,8,10,3.5,-0.67,1,0.125,0,1,1,0,0,1,0.9333,0.0,0.3492
2.9,6,10,2.8,0.1,6,0.75,1,1,1,1,0,78,0.1522,0.75,0.8541
2.49,7,8,3.2,-0.71,1,0.125,1,1,1,1,0,14,0.5,0.0,0.4715
3.42,8,9,2.8,0.62,7,0.875,0,1,1,0,0,79,0.1505,0.875,0.9027
3.7,6,6,3.0,0.7,0,0.0,1,0,1,1,0,50,0.2188,0.0,0.5774
3.75,3,6,3.0,0.75,5,0.625,1,1,1,0,1,81,0.1474,0.625,0.9123
2.68,4,7,3.0,-0.32,5,0.625,1,1,1,0,0,17,0.4516,0.0,0.5852
3.06,7,7,2.5,0.56,3,0.375,1,1,1,1,1,5,0.7368,0.375,0.9349
2.5,3,7,3.0,-0.5,6,0.75,1,1,1,0,1,44,0.2414,0.0,0.678
2.49,6,8,2.5,-0.01,3,0.375,1,1,1,1,1,71,0.1647,0.0,0.7277
2.32,7,9,3.5,-1.18,5,0.625,0,0,1,0,1,72,0.1628,0.0,0.2775
3.88,6,8,2.5,1.38,2,0.25,1,1,1,0,0,69,0.1687,0.25,0.7902
3.78,6,8,2.5,1.28,5,0.625,1,1,1,1,0,73,0.1609,0.625,0.8023
3.55,5,6,3.2,0.35,6,0.75,0,1,1,1,0,70,0.1667,0.75,0.8168
3.04,3,7,2.5,0.54,8,1.0,0,0,0,0,0,78,0.1522,1.0,0.64
2.98,10,10,2.8,0.18,3,0.375,1,1,1,1,0,16,0.4667,0.375,0.8075
3.06,10,10,3.0,0.06,4,0.5,0,1,1,1,0,22,0.3889,0.5,0.8044
3.07,2,6,2.5,0.57,4,0.5,0,0,1,1,0,1,0.9333,0.5,0.7156
2.87,6,6,2.5,0.37,7,0.875,0,0,0,0,0,39,0.2642,0.875,0.5618
2.26,7,10,2.8,-0.54,8,1.0,0,1,1,0,0,24,0.3684,0.0,0.4791
2.25,2,6,2.5,-0.25,5,0.625,1,0,0,1,0,57,0.1972,0.0,0.3317
3.9,5,8,2.5,1.4,7,0.875,1,1,1,1,1,50,0.2188,0.875,0.9718
2.96,9,10,0.0,2.96,0,0.0,1,1,1,0,0,53,0.209,0.0,0.5908
3.91,9,9,2.8,1.11,6,0.75,1,1,1,0,0,60,0.1892,0.75,0.9342
2.33,7,8,2.5,-0.17,7,0.875,1,1,1,0,0,90,0.1346,0.0,0.7296
3.11,7,7,0.0,3.11,6,0.75,1,1,0,0,0,10,0.5833,0.75,0.7127
2.42,6,9,3.0,-0.58,5,0.625,1,0,1,0,0,25,0.359,0.0,0.4348
2.51,9,9,3.0,-0.49,8,1.0,1,1,0,1,1,38,0.2692,0.0,0.511
2.06,9,10,0.0,2.06,5,0.625,1,0,1,1,0,7,0.6667,0.625,0.8366
2.24,4,8,2.5,-0.26,7,0.875,1,0,1,1,1,74,0.1591,0.0,0.6221
3.83,6,10,3.2,0.63,1,0.125,1,0,0,1,0,35,0.2857,0.125,0.3745
2.64,6,9,2.8,-0.16,5,0.625,0,1,1,0,0,16,0.4667,0.0,0.5901
3.22,2,6,2.8,0.42,3,0.375,1,0,1,1,0,47,0.2295,0.375,0.7123
2.93,4,7,2.8,0.13,7,0.875,1,0,0,1,0,18,0.4375,0.875,0.6975
2.8,9,9,2.5,0.3,7,0.875,1,1,1,1,0,35,0.2857,0.875,0.9959
3.06,3,6,3.2,-0.14,7,0.875,1,0,0,0,0,59,0.1918,0.0,0.5166
2.37,8,9,3.2,-0.83,1,0.125,1,1,0,1,0,29,0.3256,0.0,0.1883
3.98,7,7,3.2,0.78,4,0.5,0,1,1,0,0,75,0.1573,0.5,0.8281
3.64,4,7,2.5,1.14,0,0.0,1,1,1,0,0,24,0.3684,0.0,0.6632
3.48,7,8,2.5,0.98,8,1.0,1,0,1,0,0,11,0.56,1.0,0.9458
2.94,8,10,2.5,0.44,2,0.25,1,0,1,0,0,39,0.2642,0.25,0.7007
2.31,7,10,2.5,-0.19,5,0.625,1,1,1,1,0,18,0.4375,0.0,0.6817
3.84,8,8,2.5,1.34,4,0.5,1,1,1,0,0,63,0.1818,0.5,0.9046
2.68,5,6,3.0,-0.32,8,1.0,1,0,0,0,0,48,0.2258,0.0,0.2858
2.1,8,10,2.5,-0.4,7,0.875,0,1,0,1,0,14,0.5,0.0,0.297
2.68,10,10,3.2,-0.52,6,0.75,1,1,1,1,0,31,0.3111,0.0,0.6046
3.59,9,9,0.0,3.59,5,0.625,1,0,1,0,0,78,0.1522,0.625,0.7851
3.25,8,9,0.0,3.25,1,0.125,1,1,1,0,0,74,0.1591,0.125,0.7896
3.5,8,8,3.2,0.3,8,1.0,0,1,1,0,0,58,0.1944,1.0,0.812
3.59,3,6,3.0,0.59,0,0.0,0,1,1,1,0,82,0.1458,0.0,0.6616
2.42,3,6,2.8,-0.38,4,0.5,0,1,0,1,0,10,0.5833,0.0,0.2694
3.85,3,6,2.8,1.05,3,0.375,1,1,1,0,0,66,0.175,0.375,0.7776
2.88,9,10,2.5,0.38,3,0.375,1,1,1,1,0,3,0.8235,0.375,0.8122
3.28,6,6,2.5,0.78,8,1.0,1,1,0,1,0,54,0.2059,1.0,0.7378
2.0,7,8,2.8,-0.8,2,0.25,0,1,1,1,0,5,0.7368,0.0,0.3895
3.99,5,7,2.8,1.19,5,0.625,0,1,1,0,0,31,0.3111,0.625,0.7555
2.56,5,6,3.0,-0.44,1,0.125,1,1,1,1,1,9,0.6087,0.0,0.4336
2.12,6,10,2.5,-0.38,8,1.0,0,0,1,0,1,23,0.3784,0.0,0.4293
2.92,3,6,3.0,-0.08,6,0.75,0,1,0,0,0,58,0.1944,0.0,0.4383
2.26,9,10,3.0,-0.74,3,0.375,0,1,1,0,1,71,0.1647,0.0,0.3139
2.3,5,9,2.5,-0.2,0,0.0,1,0,0,0,0,85,0.1414,0.0,0.2433
3.26,9,9,0.0,3.26,1,0.125,1,1,0,0,0,89,0.1359,0.125,0.5535
2.79,2,6,2.8,-0.01,2,0.25,0,1,1,0,1,12,0.5385,0.0,0.5492
3.84,9,10,3.0,0.84,3,0.375,0,1,1,0,1,83,0.1443,0.375,0.7023
2.64,7,8,3.0,-0.36,7,0.875,1,1,1,0,1,26,0.35,0.0,0.5678
3.45,8,8,3.0,0.45,1,0.125,1,0,1,1,1,80,0.1489,0.125,0.6822
2.92,8,9,2.8,0.12,5,0.625,1,1,1,1,0,78,0.1522,0.625,0.9099
3.32,5,7,2.5,0.82,3,0.375,0,0,0,0,1,83,0.1443,0.375,0.3609
3.2,6,7,2.8,0.4,0,0.0,0,1,0,0,0,46,0.2333,0.0,0.3971
2.95,4,7,2.5,0.45,5,0.625,1,1,1,0,0,68,0.1707,0.625,0.8906
3.9,6,8,3.0,0.9,6,0.75,1,1,1,1,0,39,0.2642,0.75,1.0
2.69,9,9,2.5,0.19,8,1.0,1,0,0,1,0,8,0.6364,1.0,0.6698
2.35,3,7,2.5,-0.15,4,0.5,1,1,1,0,0,43,0.2456,0.0,0.6957
3.36,4,7,2.8,0.56,2,0.25,1,1,0,1,0,19,0.4242,0.25,0.5952
3.69,6,10,2.8,0.89,7,0.875,1,1,1,1,0,10,0.5833,0.875,0.9517
2.08,6,8,3.0,-0.92,2,0.25,0,0,1,1,0,13,0.5185,0.0,0.3232
2.9,9,10,2.8,0.1,6,0.75,0,0,1,1,0,20,0.4118,0.75,0.7042
3.78,3,7,3.2,0.58,8,1.0,1,1,1,0,0,72,0.1628,1.0,0.9592
3.5,5,7,3.2,0.3,0,0.0,1,1,1,1,0,87,0.1386,0.0,0.7011
3.98,5,7,3.2,0.78,8,1.0,1,1,1,1,1,77,0.1538,1.0,0.9397
3.06,7,8,3.0,0.06,1,0.125,1,1,1,1,0,58,0.1944,0.125,0.7556
3.32,6,9,3.0,0.32,4,0.5,1,1,1,1,0,80,0.1489,0.5,0.8982
2.6,4,8,3.0,-0.4,2,0.25,1,1,1,1,1,26,0.35,0.0,0.5614
3.9,3,7,2.8,1.1,1,0.125,0,0,0,1,1,82,0.1458,0.125,0.3458
2.73,8,10,2.5,0.23,6,0.75,1,0,1,0,0,86,0.14,0.75,0.8375
3.48,6,8,2.8,0.68,4,0.5,1,0,1,0,0,14,0.5,0.5,0.7933
2.81,7,7,0.0,2.81,4,0.5,1,1,1,1,0,36,0.28,0.5,0.8671
3.12,4,6,0.0,3.12,4,0.5,1,1,1,1,1,26,0.35,0.5,0.8883
3.44,4,8,3.2,0.24,6,0.75,1,1,1,0,1,13,0.5185,0.75,0.9168
3.02,8,9,0.0,3.02,8,1.0,0,1,0,0,1,16,0.4667,1.0,0.6495
3.81,6,10,2.8,1.01,4,0.5,0,1,0,1,1,87,0.1386,0.5,0.5777
2.84,4,7,3.0,-0.16,1,0.125,1,1,1,0,0,17,0.4516,0.0,0.5333
3.29,5,6,2.5,0.79,2,0.25,0,1,0,0,0,60,0.1892,0.25,0.4508
2.68,7,10,3.2,-0.52,4,0.5,1,0,1,1,0,79,0.1505,0.0,0.4018
2.82,6,8,2.5,0.32,0,0.0,0,0,1,0,0,68,0.1707,0.0,0.6277
2.88,4,6,3.2,-0.32,2,0.25,1,1,0,0,0,41,0.2545,0.0,0.3876
2.25,6,6,3.0,-0.75,1,0.125,1,1,1,1,0,3,0.8235,0.0,0.4058
2.18,5,8,2.5,-0.32,8,1.0,1,1,0,1,0,38,0.2692,0.0,0.474
3.33,9,9,2.5,0.83,3,0.375,1,1,1,0,1,26,0.35,0.375,0.8296
3.31,6,7,2.5,0.81,7,0.875,0,1,0,0,0,78,0.1522,0.875,0.6407
3.33,6,7,2.8,0.53,4,0.5,1,1,1,0,1,86,0.14,0.5,0.8763
2.04,5,9,2.5,-0.46,4,0.5,1,0,1,1,1,21,0.4,0.0,0.5195
2.65,6,10,3.5,-0.85,8,1.0,1,1,1,0,0,14,0.5,0.0,0.6502
2.4,7,8,2.5,-0.1,6,0.75,0,1,0,0,0,74,0.1591,0.0,0.4708
3.56,6,8,3.2,0.36,2,0.25,0,0,1,1,0,79,0.1505,0.25,0.645
3.72,4,7,2.5,1.22,2,0.25,1,1,1,1,1,89,0.1359,0.25,0.8431
2.49,6,6,3.5,-1.01,5,0.625,1,1,1,0,0,70,0.1667,0.0,0.6267
3.34,3,6,2.5,0.84,0,0.0,1,1,1,0,0,42,0.25,0.0,0.6969
2.26,8,10,2.8,-0.54,1,0.125,1,0,1,1,0,35,0.2857,0.0,0.3819
2.55,5,6,2.8,-0.25,0,0.0,1,1,1,0,1,6,0.7,0.0,0.5015
2.28,10,10,0.0,2.28,6,0.75,1,1,1,1,0,80,0.1489,0.75,0.8856
2.57,7,7,3.2,-0.63,3,0.375,1,0,1,0,0,90,0.1346,0.0,0.4511
3.35,8,9,2.5,0.85,0,0.0,1,1,1,0,0,84,0.1429,0.0,0.7264
3.82,6,10,2.8,1.02,6,0.75,1,1,1,0,0,52,0.2121,0.75,0.9583
2.41,5,9,2.8,-0.39,5,0.625,1,1,1,0,1,79,0.1505,0.0,0.5656
3.08,8,9,3.0,0.08,6,0.75,1,1,0,1,0,1,0.9333,0.75,0.7337
3.4,5,7,0.0,3.4,1,0.125,0,1,1,1,1,37,0.2745,0.125,0.6262
3.91,4,8,2.5,1.41,7,0.875,0,1,1,1,0,10,0.5833,0.875,0.8493
3.22,8,9,2.5,0.72,1,0.125,1,1,1,1,0,53,0.209,0.125,0.7002
2.51,8,8,2.5,0.01,5,0.625,1,1,1,0,0,1,0.9333,0.625,0.8236
3.25,2,6,0.0,3.25,5,0.625,0,1,1,1,0,28,0.3333,0.625,0.839
2.64,10,10,3.5,-0.86,1,0.125,1,1,0,1,0,38,0.2692,0.0,0.1832
3.95,3,6,2.8,1.15,3,0.375,1,1,1,0,0,12,0.5385,0.375,0.8383
2.8,7,10,3.0,-0.2,0,0.0,1,1,1,1,1,8,0.6364,0.0,0.5418
3.37,9,10,2.8,0.57,4,0.5,1,1,1,1,1,82,0.1458,0.5,0.9212
2.05,3,6,2.5,-0.45,6,0.75,0,1,0,0,0,25,0.359,0.0,0.3789
2.8,5,9,2.8,0.0,2,0.25,1,1,1,0,0,89,0.1359,0.25,0.8159
3.75,9,9,2.5,1.25,4,0.5,0,1,1,0,1,34,0.2917,0.5,0.7543
3.22,4,7,2.5,0.72,8,1.0,1,1,1,1,0,6,0.7,1.0,1.0
2.89,6,10,2.8,0.09,2,0.25,0,1,1,1,0,10,0.5833,0.25,0.7095
3.87,5,6,2.8,1.07,2,0.25,1,1,1,1,0,62,0.1842,0.25,0.7766
3.71,4,7,3.5,0.21,1,0.125,1,0,0,1,0,2,0.875,0.125,0.3617
2.64,9,10,2.5,0.14,4,0.5,1,0,1,0,0,86,0.14,0.5,0.74
3.09,5,9,2.8,0.29,1,0.125,1,1,1,1,0,23,0.3784,0.125,0.6911
2.98,4,6,0.0,2.98,7,0.875,1,1,1,0,0,55,0.2029,0.875,0.9448
3.26,4,6,2.5,0.76,2,0.25,1,0,1,1,0,40,0.2593,0.25,0.7462
2.67,7,7,3.0,-0.33,5,0.625,0,1,0,0,0,5,0.7368,0.0,0.3163
2.49,4,6,2.5,-0.01,1,0.125,1,1,1,0,0,64,0.1795,0.0,0.4874
3.83,6,6,2.8,1.03,2,0.25,1,0,1,0,0,2,0.875,0.25,0.756
3.85,5,8,2.8,1.05,1,0.125,0,1,1,0,1,72,0.1628,0.125,0.6031
3.69,4,6,0.0,3.69,4,0.5,1,0,0,0,0,46,0.2333,0.5,0.5919
3.96,7,7,3.5,0.46,0,0.0,0,1,0,0,0,28,0.3333,0.0,0.3624
3.49,3,7,2.8,0.69,0,0.0,1,1,1,1,0,85,0.1414,0.0,0.6819
3.53,10,10,3.0,0.53,4,0.5,0,1,1,1,0,19,0.4242,0.5,0.8065
3.53,9,10,2.8,0.73,4,0.5,1,1,1,0,0,26,0.35,0.5,0.8298
2.96,9,10,3.5,-0.54,2,0.25,0,0,1,0,0,59,0.1918,0.0,0.2722
2.91,4,7,2.5,0.41,3,0.375,1,1,0,0,0,32,0.3043,0.375,0.6076
2.48,8,8,2.8,-0.32,3,0.375,0,1,1,1,0,44,0.2414,0.0,0.3691
3.29,8,8,3.0,0.29,6,0.75,1,1,1,1,0,72,0.1628,0.75,0.8664
2.58,7,10,2.5,0.08,4,0.5,0,0,0,1,0,83,0.1443,0.5,0.5013
2.52,7,9,2.8,-0.28,7,0.875,1,1,1,0,1,73,0.1609,0.0,0.8345
3.17,6,10,3.5,-0.33,1,0.125,1,0,0,0,1,8,0.6364,0.0,0.1584
2.82,5,8,2.8,0.02,1,0.125,1,1,1,1,0,85,0.1414,0.125,0.7323
2.44,6,10,3.0,-0.56,3,0.375,1,1,1,1,0,38,0.2692,0.0,0.4346
3.63,7,9,3.0,0.63,0,0.0,1,1,1,0,1,76,0.1556,0.0,0.7588
3.72,7,9,3.2,0.52,6,0.75,1,0,1,1,0,26,0.35,0.75,0.8224
2.34,7,9,3.2,-0.86,3,0.375,0,0,1,0,0,54,0.2059,0.0,0.3165
2.02,6,7,2.8,-0.78,3,0.375,1,0,0,0,1,87,0.1386,0.0,0.1943
2.67,9,9,2.5,0.17,4,0.5,1,1,1,0,0,85,0.1414,0.5,0.8903
3.6,3,7,0.0,3.6,0,0.0,1,1,1,1,0,59,0.1918,0.0,0.7237
3.68,6,9,3.0,0.68,3,0.375,0,1,1,1,0,56,0.2,0.375,0.7112
2.28,4,7,3.2,-0.92,8,1.0,1,0,0,0,1,3,0.8235,0.0,0.3113
3.55,9,9,2.8,0.75,5,0.625,1,0,1,0,0,55,0.2029,0.625,0.81
2.23,4,8,2.5,-0.27,5,0.625,1,1,0,0,1,38,0.2692,0.0,0.431
2.78,5,9,2.5,0.28,4,0.5,0,1,0,0,0,2,0.875,0.5,0.5854
4.0,3,7,2.8,1.2,4,0.5,1,1,0,1,0,86,0.14,0.5,0.7237
2.39,8,9,3.2,-0.81,8,1.0,1,0,0,0,0,41,0.2545,0.0,0.3069
2.31,8,10,2.5,-0.19,8,1.0,0,0,1,1,1,70,0.1667,0.0,0.557
2.85,6,6,3.0,-0.15,3,0.375,1,1,1,1,0,4,0.7778,0.0,0.6314
3.24,4,7,3.0,0.24,8,1.0,1,1,1,0,1,23,0.3784,1.0,0.9835
3.87,6,9,3.5,0.37,0,0.0,1,1,1,1,0,81,0.1474,0.0,0.648
3.96,8,10,0.0,3.96,2,0.25,0,0,0,1,1,85,0.1414,0.25,0.4617
2.14,5,9,3.5,-1.36,2,0.25,1,0,1,0,0,1,0.9333,0.0,0.3755
2.28,8,8,3.0,-0.72,6,0.75,0,1,1,0,0,81,0.1474,0.0,0.5285
3.58,7,7,3.0,0.58,5,0.625,1,0,0,1,0,28,0.3333,0.625,0.5717
2.54,6,10,0.0,2.54,4,0.5,1,1,1,1,0,20,0.4118,0.5,0.8836
3.77,10,10,2.8,0.97,2,0.25,1,0,0,1,0,90,0.1346,0.25,0.4093
3.33,8,10,3.0,0.33,4,0.5,0,1,1,0,0,49,0.2222,0.5,0.7292
2.22,4,7,2.5,-0.28,2,0.25,1,0,1,1,1,72,0.1628,0.0,0.5696
3.67,8,8,2.8,0.87,4,0.5,0,1,0,1,0,13,0.5185,0.5,0.6699
2.35,5,7,2.8,-0.45,3,0.375,1,0,1,0,0,69,0.1687,0.0,0.4247
2.85,7,10,2.8,0.05,7,0.875,1,0,1,0,0,33,0.2979,0.875,0.816
3.1,10,10,0.0,3.1,6,0.75,1,1,0,0,0,65,0.1772,0.75,0.7429
3.0,5,6,2.8,0.2,1,0.125,1,0,1,1,0,60,0.1892,0.125,0.5705
3.37,3,7,2.5,0.87,8,1.0,0,0,1,0,1,5,0.7368,1.0,0.83
3.31,7,8,3.2,0.11,5,0.625,0,0,1,1,0,79,0.1505,0.625,0.6732
3.98,7,8,3.5,0.48,3,0.375,1,1,1,0,0,26,0.35,0.375,0.8309
4.0,5,8,2.5,1.5,4,0.5,1,1,1,1,0,33,0.2979,0.5,0.8589
3.03,5,7,2.5,0.53,1,0.125,0,1,1,0,0,72,0.1628,0.125,0.6519
2.19,9,9,2.5,-0.31,0,0.0,1,1,1,1,0,79,0.1505,0.0,0.3751
3.46,6,10,2.8,0.66,3,0.375,1,1,1,0,1,81,0.1474,0.375,0.7897
3.95,9,10,3.2,0.75,7,0.875,1,0,1,1,0,41,0.2545,0.875,0.8653
2.64,8,8,2.8,-0.16,3,0.375,1,1,1,1,0,32,0.3043,0.0,0.5793
2.92,10,10,0.0,2.92,3,0.375,0,1,1,0,0,74,0.1591,0.375,0.7031
2.85,6,9,0.0,2.85,8,1.0,0,1,0,0,1,24,0.3684,1.0,0.6637
2.1,3,6,2.5,-0.4,8,1.0,1,0,0,0,0,58,0.1944,0.0,0.382
3.34,9,9,3.2,0.14,4,0.5,1,1,0,0,0,22,0.3889,0.5,0.6899
2.71,5,7,3.0,-0.29,0,0.0,1,1,1,1,0,19,0.4242,0.0,0.5357
3.57,7,9,2.8,0.77,6,0.75,1,1,1,0,0,50,0.2188,0.75,0.9727
3.66,7,9,2.5,1.16,6,0.75,0,0,1,1,0,78,0.1522,0.75,0.6834
3.64,8,10,3.5,0.14,8,1.0,1,1,1,0,0,27,0.3415,1.0,0.9199
2.83,9,10,2.5,0.33,8,1.0,1,1,1,1,0,66,0.175,1.0,0.8946
2.64,8,10,3.2,-0.56,5,0.625,0,1,0,0,0,2,0.875,0.0,0.2619
3.5,5,8,3.2,0.3,0,0.0,1,1,1,1,1,63,0.1818,0.0,0.7666
3.6,6,8,2.8,0.8,2,0.25,1,1,1,0,0,36,0.28,0.25,0.8379
2.98,7,8,3.2,-0.22,6,0.75,0,1,1,1,0,7,0.6667,0.0,0.6341
3.79,10,10,2.5,1.29,5,0.625,1,0,1,1,0,50,0.2188,0.625,0.746
2.29,5,7,3.0,-0.71,3,0.375,0,1,0,0,0,22,0.3889,0.0,0.1754
3.76,7,8,0.0,3.76,3,0.375,1,1,1,1,0,58,0.1944,0.375,0.7137
2.19,7,9,2.8,-0.61,6,0.75,1,0,1,0,0,4,0.7778,0.0,0.4837
2.31,5,6,2.5,-0.19,3,0.375,0,1,1,0,0,31,0.3111,0.0,0.3961
3.07,6,9,0.0,3.07,1,0.125,1,1,1,0,0,22,0.3889,0.125,0.7194
2.14,5,7,0.0,2.14,8,1.0,1,1,1,1,0,29,0.3256,1.0,0.9388
2.11,3,7,2.5,-0.39,3,0.375,0,1,0,1,0,1,0.9333,0.0,0.2047
2.0,6,9,2.8,-0.8,2,0.25,1,1,1,0,0,26,0.35,0.0,0.4327
2.87,5,6,2.8,0.07,0,0.0,1,0,1,1,0,8,0.6364,0.0,0.5732
3.55,2,6,2.5,1.05,4,0.5,0,1,1,0,0,57,0.1972,0.5,0.7927
2.07,5,8,3.5,-1.43,8,1.0,0,1,1,0,0,42,0.25,0.0,0.4426
3.3,7,8,3.5,-0.2,1,0.125,0,1,1,0,0,26,0.35,0.0,0.4402
3.65,6,6,0.0,3.65,2,0.25,1,0,1,0,1,56,0.2,0.25,0.6501
2.34,5,7,2.8,-0.46,1,0.125,1,0,1,1,0,83,0.1443,0.0,0.2728
2.29,5,7,3.0,-0.71,0,0.0,1,1,1,0,0,49,0.2222,0.0,0.4491
3.72,6,8,3.0,0.72,5,0.625,0,1,1,0,1,26,0.35,0.625,0.8244
3.65,6,7,2.8,0.85,2,0.25,0,1,1,0,0,37,0.2745,0.25,0.6609
3.08,4,6,3.0,0.08,6,0.75,1,1,1,1,0,72,0.1628,0.75,0.9155
3.64,4,8,0.0,3.64,3,0.375,0,1,0,1,1,9,0.6087,0.375,0.5587
2.19,8,10,2.5,-0.31,5,0.625,1,1,1,0,0,29,0.3256,0.0,0.5476
2.79,5,8,3.0,-0.21,0,0.0,1,1,1,1,0,43,0.2456,0.0,0.4946
3.48,6,7,3.0,0.48,2,0.25,1,1,1,0,0,58,0.1944,0.25,0.8005
2.51,4,8,3.2,-0.69,3,0.375,1,0,1,1,0,52,0.2121,0.0,0.453
3.5,5,6,0.0,3.5,0,0.0,1,1,1,0,0,63,0.1818,0.0,0.6858
3.01,3,7,2.5,0.51,3,0.375,0,1,1,0,1,85,0.1414,0.375,0.7297
3.5,8,8,0.0,3.5,4,0.5,1,0,1,0,0,16,0.4667,0.5,0.7791
2.93,7,8,2.5,0.43,3,0.375,0,1,0,0,0,44,0.2414,0.375,0.4219
2.74,4,8,0.0,2.74,4,0.5,0,0,1,0,1,35,0.2857,0.5,0.664
2.44,10,10,2.8,-0.36,7,0.875,1,1,1,1,1,8,0.6364,0.0,0.684
2.42,7,9,2.8,-0.38,6,0.75,0,0,1,0,0,12,0.5385,0.0,0.4986
3.5,5,6,3.0,0.5,0,0.0,1,1,1,0,0,57,0.1972,0.0,0.7602
2.24,4,8,2.8,-0.56,5,0.625,1,1,0,1,0,46,0.2333,0.0,0.3551
2.17,4,8,0.0,2.17,8,1.0,1,0,1,1,1,27,0.3415,1.0,0.9486
2.35,6,6,3.0,-0.65,7,0.875,1,1,1,1,1,82,0.1458,0.0,0.6441
2.35,5,7,0.0,2.35,2,0.25,1,1,1,0,0,28,0.3333,0.25,0.8273
3.65,9,10,3.2,0.45,7,0.875,1,1,1,1,0,54,0.2059,0.875,0.9478
2.8,7,7,0.0,2.8,7,0.875,0,1,0,1,0,89,0.1359,0.875,0.6877
3.98,6,8,2.8,1.18,3,0.375,1,1,1,0,0,64,0.1795,0.375,0.8367
2.27,4,7,3.2,-0.93,7,0.875,0,1,1,0,0,66,0.175,0.0,0.5287
3.31,6,6,2.8,0.51,5,0.625,0,1,1,0,0,26,0.35,0.625,0.7416
2.9,3,7,3.0,-0.1,6,0.75,0,1,1,0,0,83,0.1443,0.0,0.6032
2.79,7,9,3.0,-0.21,6,0.75,0,1,1,1,0,43,0.2456,0.0,0.6501
3.75,10,10,0.0,3.75,7,0.875,0,1,1,1,0,28,0.3333,0.875,0.8795
3.95,6,9,3.0,0.95,8,1.0,0,1,1,0,1,67,0.1728,1.0,0.8563
3.75,7,10,3.2,0.55,7,0.875,1,1,1,0,0,48,0.2258,0.875,0.9313
2.38,7,9,3.5,-1.12,3,0.375,1,1,0,1,1,12,0.5385,0.0,0.3277
2.44,5,9,2.8,-0.36,5,0.625,1,0,1,0,0,2,0.875,0.0,0.4689
3.31,4,8,2.5,0.81,5,0.625,0,1,0,0,0,11,0.56,0.625,0.5603
2.58,3,6,3.0,-0.42,7,0.875,0,1,1,1,0,15,0.4828,0.0,0.6184
3.47,8,8,2.8,0.67,3,0.375,1,1,0,0,0,21,0.4,0.375,0.5697
3.13,7,10,2.5,0.63,2,0.25,0,1,1,1,1,32,0.3043,0.25,0.7528
3.1,7,8,2.5,0.6,6,0.75,1,1,1,1,0,22,0.3889,0.75,0.9436
3.66,7,9,2.5,1.16,8,1.0,1,1,0,0,1,82,0.1458,1.0,0.7009
3.42,5,6,2.8,0.62,8,1.0,1,1,1,0,1,87,0.1386,1.0,0.8996
2.05,4,7,2.5,-0.45,1,0.125,0,1,1,1,0,88,0.1373,0.0,0.3368
2.1,7,7,0.0,2.1,8,1.0,1,1,1,0,0,15,0.4828,1.0,0.8719
3.2,4,7,0.0,3.2,7,0.875,1,0,1,0,0,49,0.2222,0.875,0.917
2.97,9,10,3.5,-0.53,1,0.125,1,1,1,0,0,10,0.5833,0.0,0.3855
2.52,8,8,0.0,2.52,0,0.0,0,1,1,1,0,64,0.1795,0.0,0.5823
2.84,7,9,0.0,2.84,1,0.125,1,1,1,0,0,13,0.5185,0.125,0.7552
3.52,8,9,2.8,0.72,8,1.0,1,1,1,0,1,27,0.3415,1.0,0.9444
3.65,4,8,2.5,1.15,6,0.75,0,0,1,0,0,19,0.4242,0.75,0.7635
3.12,8,10,3.5,-0.38,5,0.625,1,1,1,0,1,44,0.2414,0.0,0.5571
2.77,4,7,3.2,-0.43,5,0.625,1,1,1,1,0,34,0.2917,0.0,0.5818
2.54,6,6,2.8,-0.26,3,0.375,0,1,1,1,0,49,0.2222,0.0,0.5287
3.04,9,9,2.8,0.24,8,1.0,1,1,1,0,1,18,0.4375,1.0,0.9155
2.63,8,9,2.8,-0.17,1,0.125,1,1,1,1,0,46,0.2333,0.0,0.5411
3.13,7,7,0.0,3.13,2,0.25,1,1,1,1,0,8,0.6364,0.25,0.6858
3.35,10,10,2.5,0.85,1,0.125,0,1,1,1,1,4,0.7778,0.125,0.7069
2.13,5,6,0.0,2.13,7,0.875,1,1,1,0,1,13,0.5185,0.875,0.9215
2.0,5,7,0.0,2.0,4,0.5,0,0,0,0,0,24,0.3684,0.5,0.4616
2.42,3,6,2.8,-0.38,6,0.75,1,0,1,1,1,72,0.1628,0.0,0.5861
3.79,6,6,0.0,3.79,8,1.0,1,1,0,1,0,30,0.3182,1.0,0.711
3.29,5,9,0.0,3.29,1,0.125,1,1,1,1,0,47,0.2295,0.125,0.6642
2.34,5,9,2.8,-0.46,8,1.0,1,1,0,0,0,62,0.1842,0.0,0.4609
3.78,9,9,2.8,0.98,1,0.125,0,1,0,0,0,68,0.1707,0.125,0.429
2.94,6,10,0.0,2.94,6,0.75,0,0,1,0,0,53,0.209,0.75,0.7021
2.95,2,6,0.0,2.95,6,0.75,1,1,1,0,0,16,0.4667,0.75,0.9591
3.87,7,9,2.5,1.37,7,0.875,0,1,1,0,0,60,0.1892,0.875,0.8661
2.12,4,6,2.5,-0.38,1,0.125,1,0,0,0,1,28,0.3333,0.0,0.1249
2.43,6,10,3.2,-0.77,8,1.0,1,1,0,0,1,54,0.2059,0.0,0.3483
3.17,6,9,3.2,-0.03,7,0.875,1,1,1,0,1,89,0.1359,0.0,0.7185
2.39,6,9,2.8,-0.41,0,0.0,0,1,1,1,0,7,0.6667,0.0,0.3546
3.36,5,8,2.8,0.56,5,0.625,1,1,1,0,1,8,0.6364,0.625,0.8989
2.43,3,7,3.0,-0.57,7,0.875,0,1,1,0,0,23,0.3784,0.0,0.4763
2.2,8,9,3.0,-0.8,4,0.5,1,0,0,1,0,40,0.2593,0.0,0.2587
2.41,8,10,2.5,-0.09,3,0.375,1,1,1,0,0,44,0.2414,0.0,0.6406
2.85,6,6,0.0,2.85,2,0.25,1,0,1,0,0,27,0.3415,0.25,0.6517
2.35,6,10,2.8,-0.45,4,0.5,1,1,1,0,0,82,0.1458,0.0,0.5681
2.27,8,9,2.8,-0.53,8,1.0,0,1,1,0,0,1,0.9333,0.0,0.6097
3.72,6,6,0.0,3.72,5,0.625,1,1,1,0,1,50,0.2188,0.625,0.8829
2.64,8,10,2.5,0.14,6,0.75,1,1,1,0,0,50,0.2188,0.75,0.8868
2.72,5,6,2.5,0.22,7,0.875,0,1,1,0,0,70,0.1667,0.875,0.8246
2.11,7,9,2.5,-0.39,7,0.875,1,1,1,0,0,50,0.2188,0.0,0.6097
2.71,4,6,2.8,-0.09,3,0.375,1,1,1,0,0,13,0.5185,0.0,0.6052
2.53,6,6,3.0,-0.47,6,0.75,1,0,1,1,1,29,0.3256,0.0,0.6023
3.22,7,9,2.8,0.42,2,0.25,1,0,1,0,0,16,0.4667,0.25,0.657
2.41,7,9,2.5,-0.09,5,0.625,0,1,1,0,0,43,0.2456,0.0,0.6343
3.78,9,9,0.0,3.78,2,0.25,1,1,1,0,0,83,0.1443,0.25,0.7859
3.86,5,7,3.2,0.66,8,1.0,0,0,1,1,0,36,0.28,1.0,0.7318
2.2,6,10,2.8,-0.6,6,0.75,1,1,1,0,0,33,0.2979,0.0,0.5512
2.21,5,6,0.0,2.21,5,0.625,0,0,1,1,0,42,0.25,0.625,0.6355
2.23,9,10,2.5,-0.27,4,0.5,1,1,0,0,0,15,0.4828,0.0,0.4102
3.24,4,7,3.2,0.04,4,0.5,0,1,1,1,0,77,0.1538,0.5,0.7574
2.24,8,9,3.0,-0.76,7,0.875,0,0,0,0,1,60,0.1892,0.0,0.1646
3.7,6,10,3.2,0.5,2,0.25,0,0,1,1,0,65,0.1772,0.25,0.6139
3.51,4,7,3.0,0.51,7,0.875,1,1,1,0,0,32,0.3043,0.875,0.9204
3.64,8,8,2.8,0.84,2,0.25,0,1,1,0,0,26,0.35,0.25,0.7161
3.05,9,10,2.8,0.25,1,0.125,0,1,1,1,0,43,0.2456,0.125,0.6259
3.99,9,10,2.5,1.49,6,0.75,0,0,1,1,0,22,0.3889,0.75,0.7633
2.09,6,7,3.0,-0.91,6,0.75,0,1,1,1,0,2,0.875,0.0,0.5359
2.8,4,8,2.8,0.0,3,0.375,1,1,1,0,0,66,0.175,0.375,0.8685
2.65,7,7,2.5,0.15,5,0.625,1,1,1,0,0,78,0.1522,0.625,0.8373
3.9,5,8,3.2,0.7,6,0.75,0,1,1,0,0,21,0.4,0.75,0.8713
3.15,6,7,2.8,0.35,7,0.875,0,0,0,1,0,57,0.1972,0.875,0.5597
3.61,6,6,0.0,3.61,8,1.0,0,1,0,0,1,82,0.1458,1.0,0.6925
2.34,7,10,2.5,-0.16,7,0.875,1,1,1,0,0,67,0.1728,0.0,0.7244
3.96,8,9,3.2,0.76,3,0.375,0,1,1,0,1,75,0.1573,0.375,0.7358
3.0,4,8,3.2,-0.2,2,0.25,0,1,1,1,0,81,0.1474,0.0,0.4383
2.99,5,6,2.8,0.19,0,0.0,0,0,1,0,0,23,0.3784,0.0,0.4598
3.94,4,6,3.5,0.44,5,0.625,0,0,0,0,0,7,0.6667,0.625,0.4785
2.76,4,8,3.2,-0.44,5,0.625,1,0,1,0,0,73,0.1609,0.0,0.477
2.8,8,9,3.2,-0.4,6,0.75,0,1,1,0,1,72,0.1628,0.0,0.5419
3.17,7,7,3.2,-0.03,0,0.0,1,0,1,0,0,18,0.4375,0.0,0.3904
2.26,5,9,2.8,-0.54,6,0.75,1,0,1,1,0,82,0.1458,0.0,0.4604
2.64,7,7,3.0,-0.36,7,0.875,1,0,0,0,0,3,0.8235,0.0,0.3138
2.39,6,6,2.8,-0.41,6,0.75,0,0,1,0,0,34,0.2917,0.0,0.3716
2.21,6,8,3.0,-0.79,4,0.5,1,1,1,0,1,87,0.1386,0.0,0.5285
3.73,6,6,2.5,1.23,0,0.0,1,1,1,0,1,32,0.3043,0.0,0.6977
3.18,3,6,3.0,0.18,4,0.5,1,1,0,1,0,69,0.1687,0.5,0.6826
2.72,5,6,3.5,-0.78,5,0.625,1,1,1,0,1,4,0.7778,0.0,0.5467
2.82,6,7,2.5,0.32,5,0.625,0,1,1,1,0,45,0.2373,0.625,0.843
2.86,6,8,3.5,-0.64,5,0.625,1,1,1,0,0,71,0.1647,0.0,0.5725
3.27,10,10,2.8,0.47,4,0.5,1,0,1,0,0,76,0.1556,0.5,0.7945
3.85,7,7,2.5,1.35,4,0.5,0,0,0,0,1,40,0.2593,0.5,0.4796
3.87,5,6,0.0,3.87,2,0.25,0,1,0,0,0,7,0.6667,0.25,0.5039
2.78,4,6,3.0,-0.22,5,0.625,1,1,0,0,0,48,0.2258,0.0,0.4512
2.66,7,7,2.8,-0.14,2,0.25,0,1,0,0,0,67,0.1728,0.0,0.294
2.9,5,7,2.5,0.4,4,0.5,1,0,0,1,0,41,0.2545,0.5,0.6419
3.14,6,7,3.0,0.14,3,0.375,1,0,0,0,1,87,0.1386,0.375,0.4859
2.92,6,10,2.5,0.42,6,0.75,1,0,1,0,0,29,0.3256,0.75,0.7842
3.32,4,7,2.8,0.52,8,1.0,0,1,1,0,1,74,0.1591,1.0,0.8779
3.11,9,9,3.2,-0.09,5,0.625,1,1,1,0,0,68,0.1707,0.0,0.695
2.64,7,9,3.0,-0.36,1,0.125,1,0,1,0,0,39,0.2642,0.0,0.3462
2.69,4,6,3.0,-0.31,6,0.75,1,0,0,0,0,9,0.6087,0.0,0.2649
2.76,7,7,2.8,-0.04,2,0.25,0,0,1,0,0,32,0.3043,0.0,0.4415
2.19,5,8,3.5,-1.31,0,0.0,0,0,1,1,0,70,0.1667,0.0,0.2092
2.33,5,8,2.5,-0.17,1,0.125,0,1,1,0,0,81,0.1474,0.0,0.4076
3.45,2,6,2.5,0.95,8,1.0,0,1,1,0,0,42,0.25,1.0,0.8975
2.78,6,9,0.0,2.78,3,0.375,1,1,1,1,0,27,0.3415,0.375,0.7078
2.43,5,7,2.8,-0.37,1,0.125,0,1,1,0,0,69,0.1687,0.0,0.3445
3.13,6,7,3.0,0.13,1,0.125,0,1,1,1,0,85,0.1414,0.125,0.5846
3.51,6,9,3.0,0.51,5,0.625,1,1,1,0,0,13,0.5185,0.625,0.9309
2.51,8,10,2.5,0.01,6,0.75,0,1,0,0,0,29,0.3256,0.75,0.6472
3.65,7,10,0.0,3.65,3,0.375,0,1,0,0,1,72,0.1628,0.375,0.4542
3.86,10,10,3.0,0.86,0,0.0,1,1,1,1,0,12,0.5385,0.0,0.7455
3.19,6,8,3.5,-0.31,3,0.375,1,0,1,0,0,88,0.1373,0.0,0.3116
3.34,2,6,2.5,0.84,5,0.625,1,0,1,0,0,22,0.3889,0.625,0.7916
2.11,6,7,2.5,-0.39,1,0.125,1,1,1,0,0,44,0.2414,0.0,0.3895
3.89,4,7,2.5,1.39,2,0.25,0,1,1,0,1,47,0.2295,0.25,0.664
2.78,7,7,2.8,-0.02,0,0.0,1,0,0,0,0,34,0.2917,0.0,0.2104
3.85,4,7,2.5,1.35,4,0.5,1,1,1,0,1,12,0.5385,0.5,0.9014
3.16,6,6,2.5,0.66,1,0.125,1,1,0,1,0,3,0.8235,0.125,0.5944
2.01,5,6,3.0,-0.99,1,0.125,1,1,1,1,0,35,0.2857,0.0,0.3288
2.08,5,9,2.5,-0.42,1,0.125,1,1,1,1,0,25,0.359,0.0,0.4579
3.36,7,8,2.8,0.56,6,0.75,1,0,1,0,0,82,0.1458,0.75,0.9256
3.13,5,6,0.0,3.13,4,0.5,1,1,1,0,1,60,0.1892,0.5,0.8421
2.05,6,8,3.2,-1.15,8,1.0,0,0,1,1,0,9,0.6087,0.0,0.3746
3.49,6,10,2.8,0.69,3,0.375,1,1,0,1,0,68,0.1707,0.375,0.5982
3.7,6,8,2.5,1.2,1,0.125,0,1,1,0,0,56,0.2,0.125,0.6394
2.99,6,7,0.0,2.99,1,0.125,1,0,1,1,0,12,0.5385,0.125,0.6326
2.93,3,7,3.0,-0.07,8,1.0,1,1,1,0,1,37,0.2745,0.0,0.7057
2.01,4,7,3.2,-1.19,5,0.625,0,1,0,1,0,67,0.1728,0.0,0.2079
3.57,6,7,0.0,3.57,2,0.25,0,1,1,1,1,59,0.1918,0.25,0.7851
2.66,8,10,0.0,2.66,5,0.625,1,1,1,1,0,52,0.2121,0.625,0.8403
3.76,10,10,0.0,3.76,5,0.625,0,0,1,0,1,45,0.2373,0.625,0.5946
2.75,4,7,3.0,-0.25,1,0.125,0,1,1,0,0,63,0.1818,0.0,0.3619
3.13,9,10,3.5,-0.37,6,0.75,0,0,0,1,1,79,0.1505,0.0,0.267
2.54,8,10,2.8,-0.26,1,0.125,1,0,0,1,0,16,0.4667,0.0,0.2797
2.32,3,6,2.5,-0.18,1,0.125,0,1,1,0,0,37,0.2745,0.0,0.3725
3.55,8,8,3.0,0.55,6,0.75,1,1,0,0,0,77,0.1538,0.75,0.7984
2.99,8,9,3.0,-0.01,4,0.5,1,1,1,0,1,46,0.2333,0.0,0.7123
3.07,6,8,2.5,0.57,1,0.125,0,1,1,0,1,16,0.4667,0.125,0.6153
3.93,5,8,2.5,1.43,0,0.0,1,1,1,1,0,12,0.5385,0.0,0.598
3.93,8,8,2.8,1.13,5,0.625,0,1,1,1,0,66,0.175,0.625,0.7239
3.71,5,9,3.0,0.71,6,0.75,0,0,1,0,0,45,0.2373,0.75,0.7122
2.38,3,7,3.0,-0.62,1,0.125,1,1,1,0,0,72,0.1628,0.0,0.4692
3.19,4,8,3.0,0.19,3,0.375,0,1,0,0,0,11,0.56,0.375,0.466
3.76,6,7,3.2,0.56,3,0.375,1,1,1,0,0,55,0.2029,0.375,0.7578
2.75,6,10,2.5,0.25,8,1.0,1,1,1,0,0,53,0.209,1.0,0.9575
2.2,5,6,2.5,-0.3,7,0.875,0,1,1,1,0,42,0.25,0.0,0.5636
3.62,2,6,0.0,3.62,2,0.25,1,1,0,1,0,39,0.2642,0.25,0.5815
2.96,5,6,3.2,-0.24,4,0.5,1,1,1,0,0,25,0.359,0.0,0.6281
3.13,6,7,2.8,0.33,8,1.0,0,1,1,1,0,71,0.1647,1.0,0.9575
3.96,9,9,2.5,1.46,3,0.375,1,1,0,1,0,30,0.3182,0.375,0.552
3.21,7,10,0.0,3.21,1,0.125,1,1,1,1,0,38,0.2692,0.125,0.7834
2.85,4,8,3.0,-0.15,2,0.25,1,1,0,1,0,78,0.1522,0.0,0.3444
2.74,5,6,3.0,-0.26,5,0.625,1,0,1,0,1,57,0.1972,0.0,0.5705
2.84,5,7,3.0,-0.16,8,1.0,1,1,0,1,1,4,0.7778,0.0,0.59
2.24,6,6,2.5,-0.26,2,0.25,0,1,0,1,0,6,0.7,0.0,0.2957
3.59,4,8,3.2,0.39,0,0.0,0,0,1,1,1,49,0.2222,0.0,0.5532
3.68,7,9,3.0,0.68,1,0.125,1,0,0,0,0,64,0.1795,0.125,0.4407
2.57,2,6,3.0,-0.43,3,0.375,1,1,0,0,0,43,0.2456,0.0,0.3267
2.61,7,9,3.0,-0.39,0,0.0,1,0,0,0,0,87,0.1386,0.0,0.1331
3.75,3,7,3.2,0.55,0,0.0,0,1,1,1,1,77,0.1538,0.0,0.623
2.05,8,9,3.5,-1.45,5,0.625,1,0,0,0,0,41,0.2545,0.0,0.2334
3.04,9,10,2.8,0.24,7,0.875,0,0,1,1,0,22,0.3889,0.875,0.7366
2.93,5,9,2.8,0.13,2,0.25,0,0,1,1,0,1,0.9333,0.25,0.5746
3.38,7,9,2.8,0.58,4,0.5,1,1,1,0,0,4,0.7778,0.5,0.898
2.33,7,9,3.2,-0.87,5,0.625,0,1,1,0,0,55,0.2029,0.0,0.3836
3.34,5,6,3.0,0.34,6,0.75,1,1,1,1,0,31,0.3111,0.75,0.8964
2.75,4,6,0.0,2.75,8,1.0,1,1,1,0,0,14,0.5,1.0,0.9833
3.24,5,7,0.0,3.24,7,0.875,1,1,1,1,0,7,0.6667,0.875,0.8837
2.08,9,9,3.2,-1.12,2,0.25,1,0,1,1,0,43,0.2456,0.0,0.4179
2.92,7,9,3.2,-0.28,8,1.0,1,0,1,0,1,53,0.209,0.0,0.5976
3.04,9,9,3.5,-0.46,0,0.0,1,1,1,0,1,3,0.8235,0.0,0.5068
2.43,7,7,2.8,-0.37,8,1.0,1,0,1,1,0,38,0.2692,0.0,0.589
2.28,10,10,3.0,-0.72,1,0.125,1,1,1,1,0,40,0.2593,0.0,0.3869
2.38,8,8,3.2,-0.82,1,0.125,0,1,1,0,0,6,0.7,0.0,0.2911
2.69,6,7,2.5,0.19,1,0.125,0,1,0,1,0,79,0.1505,0.125,0.47
2.19,7,9,0.0,2.19,1,0.125,1,1,0,0,0,21,0.4,0.125,0.5572
3.89,4,6,3.5,0.39,4,0.5,0,1,1,0,0,13,0.5185,0.5,0.8039
2.81,5,8,0.0,2.81,5,0.625,1,1,1,0,0,13,0.5185,0.625,0.917
3.62,9,9,2.8,0.82,6,0.75,0,1,1,1,0,45,0.2373,0.75,0.794
3.95,8,9,3.0,0.95,0,0.0,1,1,1,1,0,64,0.1795,0.0,0.7082
2.16,7,7,3.0,-0.84,2,0.25,0,1,1,0,1,23,0.3784,0.0,0.3392
3.3,5,6,2.5,0.8,1,0.125,1,1,1,0,1,69,0.1687,0.125,0.6617
3.74,4,6,3.0,0.74,1,0.125,0,1,1,0,0,24,0.3684,0.125,0.6128
3.27,3,6,2.5,0.77,6,0.75,1,1,1,1,0,17,0.4516,0.75,0.9209
2.86,10,10,3.2,-0.34,5,0.625,1,1,1,1,0,58,0.1944,0.0,0.5734
2.86,8,9,2.5,0.36,1,0.125,0,0,1,0,0,70,0.1667,0.125,0.4862
2.07,8,8,3.0,-0.93,2,0.25,0,1,1,1,1,68,0.1707,0.0,0.3698
3.07,6,8,3.0,0.07,8,1.0,1,1,1,1,0,51,0.2154,1.0,1.0
3.99,5,7,2.5,1.49,5,0.625,1,1,0,1,0,79,0.1505,0.625,0.6775
3.92,2,6,2.5,1.42,2,0.25,0,0,1,1,0,77,0.1538,0.25,0.5248
2.08,2,6,3.0,-0.92,8,1.0,1,1,0,0,0,26,0.35,0.0,0.4073
3.41,8,9,0.0,3.41,1,0.125,0,1,1,1,1,57,0.1972,0.125,0.7171
2.6,3,6,2.5,0.1,2,0.25,0,1,1,0,0,7,0.6667,0.25,0.7208
3.81,2,6,2.8,1.01,6,0.75,1,1,1,1,0,8,0.6364,0.75,0.9468
2.09,8,9,3.5,-1.41,4,0.5,0,1,1,0,0,40,0.2593,0.0,0.4202
3.87,7,8,2.8,1.07,0,0.0,1,1,1,1,0,64,0.1795,0.0,0.6617
3.67,4,8,2.8,0.87,7,0.875,0,0,0,0,0,53,0.209,0.875,0.5141
2.24,5,7,3.5,-1.26,2,0.25,1,1,1,0,0,15,0.4828,0.0,0.4436
2.12,4,6,2.8,-0.68,6,0.75,1,1,0,1,0,67,0.1728,0.0,0.3413
3.67,4,8,2.8,0.87,3,0.375,0,1,1,0,0,55,0.2029,0.375,0.671
2.31,6,7,2.8,-0.49,6,0.75,1,1,1,0,0,69,0.1687,0.0,0.6538
3.07,5,8,2.5,0.57,8,1.0,1,1,1,1,0,56,0.2,1.0,0.9334
3.83,6,6,2.5,1.33,6,0.75,0,0,1,0,0,78,0.1522,0.75,0.7462
3.13,3,7,3.0,0.13,8,1.0,1,1,1,0,0,33,0.2979,1.0,1.0
2.79,6,6,0.0,2.79,4,0.5,0,1,1,1,0,3,0.8235,0.5,0.8684
2.89,4,8,3.0,-0.11,0,0.0,0,1,1,0,1,54,0.2059,0.0,0.4173
2.13,6,7,2.5,-0.37,4,0.5,1,1,1,0,0,89,0.1359,0.0,0.6152
3.94,6,7,2.8,1.14,4,0.5,0,1,0,1,0,9,0.6087,0.5,0.5883
2.62,6,8,0.0,2.62,6,0.75,1,1,1,1,0,88,0.1373,0.75,0.918
2.38,5,8,2.8,-0.42,2,0.25,1,1,1,0,1,70,0.1667,0.0,0.4653
2.57,3,7,3.0,-0.43,6,0.75,1,1,1,0,0,4,0.7778,0.0,0.6435
3.93,6,9,2.8,1.13,3,0.375,0,1,1,0,0,49,0.2222,0.375,0.7321
2.19,6,7,2.5,-0.31,6,0.75,0,0,1,0,0,29,0.3256,0.0,0.389
3.73,6,7,2.5,1.23,3,0.375,1,1,1,0,1,59,0.1918,0.375,0.7773
3.42,4,8,3.2,0.22,3,0.375,0,1,1,1,0,69,0.1687,0.375,0.6753
3.66,2,6,2.5,1.16,1,0.125,1,1,1,0,0,34,0.2917,0.125,0.7161
3.95,6,8,3.0,0.95,7,0.875,1,0,1,0,0,44,0.2414,0.875,0.8543
3.68,6,8,2.5,1.18,0,0.0,1,1,1,1,0,4,0.7778,0.0,0.7215
3.89,6,6,2.5,1.39,2,0.25,1,1,1,0,0,1,0.9333,0.25,0.8584
2.25,7,8,3.0,-0.75,3,0.375,0,0,1,1,0,69,0.1687,0.0,0.2352
3.59,4,6,2.8,0.79,1,0.125,0,1,0,1,0,32,0.3043,0.125,0.3692
3.09,7,9,0.0,3.09,8,1.0,1,1,0,0,1,80,0.1489,1.0,0.7599
3.09,5,6,3.5,-0.41,3,0.375,1,0,1,0,0,53,0.209,0.0,0.4681
3.8,4,6,0.0,3.8,2,0.25,0,1,0,0,0,36,0.28,0.25,0.424
3.94,6,7,2.8,1.14,2,0.25,0,1,1,0,0,80,0.1489,0.25,0.6958
3.41,5,9,2.8,0.61,1,0.125,1,1,0,0,0,6,0.7,0.125,0.4982
2.97,9,9,2.8,0.17,5,0.625,0,1,0,0,1,75,0.1573,0.625,0.6054
2.91,8,8,3.0,-0.09,4,0.5,1,1,1,0,1,7,0.6667,0.0,0.6851
2.77,4,6,0.0,2.77,2,0.25,0,1,1,1,0,86,0.14,0.25,0.6844
2.72,5,7,3.5,-0.78,7,0.875,1,1,1,0,1,51,0.2154,0.0,0.6195
2.78,7,9,3.0,-0.22,5,0.625,1,0,0,0,0,43,0.2456,0.0,0.3337
2.18,6,6,3.5,-1.32,3,0.375,1,1,0,0,1,59,0.1918,0.0,0.302
2.15,5,9,3.2,-1.05,4,0.5,1,1,0,0,0,72,0.1628,0.0,0.3955
3.56,4,7,3.5,0.06,5,0.625,0,1,1,1,1,26,0.35,0.625,0.8253
2.89,5,6,3.0,-0.11,1,0.125,1,1,0,1,0,10,0.5833,0.0,0.3037
3.86,8,9,2.8,1.06,7,0.875,1,1,1,0,0,88,0.1373,0.875,0.9379
3.22,3,6,2.8,0.42,2,0.25,1,1,0,0,0,47,0.2295,0.25,0.6141
2.07,3,7,3.0,-0.93,0,0.0,1,1,1,0,1,26,0.35,0.0,0.3983
2.32,4,6,2.8,-0.48,4,0.5,1,0,1,1,0,83,0.1443,0.0,0.432
2.41,7,8,3.0,-0.59,7,0.875,0,1,1,0,0,4,0.7778,0.0,0.5381
3.95,5,6,0.0,3.95,6,0.75,1,1,0,1,0,76,0.1556,0.75,0.6982
2.44,2,6,3.2,-0.76,2,0.25,0,1,0,0,0,2,0.875,0.0,0.187
3.03,4,8,2.5,0.53,3,0.375,1,1,1,0,0,60,0.1892,0.375,0.7141
3.87,7,10,3.5,0.37,5,0.625,1,0,1,0,0,4,0.7778,0.625,0.8056
3.95,4,6,2.5,1.45,2,0.25,1,0,1,0,1,14,0.5,0.25,0.6798
2.47,4,8,0.0,2.47,7,0.875,0,0,1,0,0,30,0.3182,0.875,0.6651
2.1,6,10,3.2,-1.1,2,0.25,1,0,1,0,1,17,0.4516,0.0,0.3833
2.31,5,7,3.2,-0.89,1,0.125,1,1,1,0,0,5,0.7368,0.0,0.3559
2.13,5,8,3.0,-0.87,0,0.0,0,1,1,1,0,62,0.1842,0.0,0.3034
2.39,9,10,3.5,-1.11,6,0.75,1,0,0,0,0,69,0.1687,0.0,0.2835
3.14,5,9,2.5,0.64,0,0.0,0,1,1,1,0,30,0.3182,0.0,0.5408
3.82,7,7,3.2,0.62,7,0.875,1,0,1,0,0,63,0.1818,0.875,0.8019
3.07,5,9,2.8,0.27,8,1.0,1,0,1,0,0,30,0.3182,1.0,0.8114
3.25,7,9,2.8,0.45,1,0.125,1,1,1,0,0,20,0.4118,0.125,0.7455
2.4,8,8,2.8,-0.4,0,0.0,0,1,1,1,0,77,0.1538,0.0,0.3734
3.6,7,8,0.0,3.6,8,1.0,0,1,1,1,0,48,0.2258,1.0,0.9378
3.24,10,10,2.8,0.44,1,0.125,1,0,0,1,0,2,0.875,0.125,0.3858
3.73,6,10,3.0,0.73,3,0.375,1,1,0,0,0,63,0.1818,0.375,0.567
3.9,9,10,2.5,1.4,7,0.875,0,0,1,0,1,36,0.28,0.875,0.7491
2.7,5,9,3.5,-0.8,1,0.125,0,1,0,1,0,7,0.6667,0.0,0.0858
2.18,6,7,2.8,-0.62,5,0.625,1,1,1,1,1,22,0.3889,0.0,0.5667
2.45,3,6,2.5,-0.05,3,0.375,1,1,1,0,1,29,0.3256,0.0,0.5922
2.88,5,6,3.0,-0.12,3,0.375,0,1,1,1,1,3,0.8235,0.0,0.5681
3.89,6,10,2.5,1.39,8,1.0,1,1,0,1,0,66,0.175,1.0,0.6655
2.76,7,7,0.0,2.76,5,0.625,1,1,1,0,0,20,0.4118,0.625,0.8484
3.54,4,6,3.0,0.54,2,0.25,1,0,1,1,0,15,0.4828,0.25,0.6264
3.08,5,7,0.0,3.08,8,1.0,1,1,1,0,0,17,0.4516,1.0,0.9438
2.37,4,6,0.0,2.37,5,0.625,1,1,1,0,0,65,0.1772,0.625,0.8886
2.64,4,8,3.0,-0.36,0,0.0,0,0,1,1,0,46,0.2333,0.0,0.2847
3.31,5,8,0.0,3.31,3,0.375,1,0,1,1,0,74,0.1591,0.375,0.6714
3.35,6,7,3.2,0.15,2,0.25,0,1,1,0,1,40,0.2593,0.25,0.6868
2.87,9,9,3.0,-0.13,5,0.625,1,0,1,0,0,62,0.1842,0.0,0.4927
2.46,8,8,0.0,2.46,7,0.875,0,1,1,0,1,43,0.2456,0.875,0.8093
3.44,8,10,2.8,0.64,0,0.0,0,1,1,0,1,54,0.2059,0.0,0.6083
2.34,6,9,0.0,2.34,7,0.875,0,1,1,1,1,80,0.1489,0.875,0.8394
3.87,4,6,3.0,0.87,8,1.0,0,1,0,0,0,56,0.2,1.0,0.6995
2.38,5,7,0.0,2.38,8,1.0,1,1,1,0,1,45,0.2373,1.0,0.9709
2.21,6,9,3.5,-1.29,5,0.625,1,1,1,1,0,78,0.1522,0.0,0.5038
3.0,5,8,2.5,0.5,2,0.25,1,0,1,0,1,58,0.1944,0.25,0.6232
3.04,9,9,3.0,0.04,1,0.125,1,0,0,0,0,84,0.1429,0.125,0.3775
3.02,4,7,0.0,3.02,8,1.0,1,1,0,1,0,59,0.1918,1.0,0.714
2.87,2,6,2.5,0.37,3,0.375,0,1,0,0,0,62,0.1842,0.375,0.4401
3.99,8,9,2.8,1.19,3,0.375,1,1,0,0,0,47,0.2295,0.375,0.5325
2.97,8,9,2.8,0.17,6,0.75,0,0,1,0,1,77,0.1538,0.75,0.7283
2.96,6,9,3.5,-0.54,6,0.75,0,1,1,0,0,28,0.3333,0.0,0.5293
2.84,7,8,0.0,2.84,7,0.875,0,1,0,1,0,49,0.2222,0.875,0.6153
2.13,6,6,0.0,2.13,7,0.875,0,0,1,1,0,82,0.1458,0.875,0.7615
3.19,9,9,2.8,0.39,7,0.875,1,1,1,0,1,20,0.4118,0.875,0.9306
2.46,8,9,2.8,-0.34,1,0.125,0,1,1,0,0,40,0.2593,0.0,0.3645
3.28,7,9,3.2,0.08,1,0.125,0,1,1,0,1,3,0.8235,0.125,0.5748
2.1,2,6,3.2,-1.1,1,0.125,1,1,1,1,1,52,0.2121,0.0,0.4612
3.96,7,9,3.2,0.76,5,0.625,0,1,0,1,0,32,0.3043,0.625,0.5761
2.94,9,9,0.0,2.94,5,0.625,1,1,1,1,0,51,0.2154,0.625,0.9257
3.79,10,10,2.8,0.99,7,0.875,1,0,1,0,0,22,0.3889,0.875,0.8661
2.95,7,8,3.0,-0.05,7,0.875,1,1,0,1,1,75,0.1573,0.0,0.5802
2.12,9,9,2.5,-0.38,7,0.875,1,1,1,1,0,89,0.1359,0.0,0.5812
3.64,6,8,3.0,0.64,0,0.0,0,1,1,0,1,49,0.2222,0.0,0.579
3.3,5,9,2.5,0.8,6,0.75,1,0,0,0,1,55,0.2029,0.75,0.6055
3.56,7,9,2.5,1.06,7,0.875,1,1,1,0,0,42,0.25,0.875,0.9109
2.86,6,9,3.2,-0.34,8,1.0,0,1,0,0,0,27,0.3415,0.0,0.3406
3.28,10,10,2.5,0.78,3,0.375,1,1,0,0,0,42,0.25,0.375,0.5984
3.71,5,6,3.5,0.21,6,0.75,1,0,0,0,0,45,0.2373,0.75,0.6487
3.26,7,9,2.5,0.76,3,0.375,0,1,1,1,1,71,0.1647,0.375,0.7892
2.7,6,9,0.0,2.7,1,0.125,1,0,1,1,0,63,0.1818,0.125,0.6256
3.33,4,8,2.5,0.83,3,0.375,0,1,1,0,0,30,0.3182,0.375,0.6396
3.34,4,8,2.5,0.84,2,0.25,1,1,1,0,0,56,0.2,0.25,0.7906
3.92,6,9,2.8,1.12,8,1.0,1,0,1,0,1,85,0.1414,1.0,0.8734
2.74,5,8,0.0,2.74,1,0.125,1,1,0,0,0,38,0.2692,0.125,0.5567
2.85,5,8,3.0,-0.15,1,0.125,1,1,1,1,0,77,0.1538,0.0,0.5138
3.62,10,10,3.2,0.42,5,0.625,0,1,1,0,0,43,0.2456,0.625,0.7655
3.01,8,9,2.8,0.21,5,0.625,1,1,1,1,1,13,0.5185,0.625,0.9644
3.47,5,7,2.5,0.97,5,0.625,1,1,1,1,0,17,0.4516,0.625,0.8784
2.92,6,10,2.8,0.12,1,0.125,1,1,1,1,0,29,0.3256,0.125,0.6423
2.43,7,7,3.0,-0.57,4,0.5,0,0,1,0,1,53,0.209,0.0,0.2675
3.49,5,6,2.8,0.69,8,1.0,0,1,1,0,0,82,0.1458,1.0,0.9236
2.26,8,10,0.0,2.26,0,0.0,0,1,1,1,0,36,0.28,0.0,0.5315
2.4,5,7,2.8,-0.4,7,0.875,1,1,1,1,0,26,0.35,0.0,0.6333
3.25,5,7,2.8,0.45,1,0.125,1,1,1,1,0,59,0.1918,0.125,0.7416
3.49,7,7,2.5,0.99,2,0.25,1,1,0,1,0,29,0.3256,0.25,0.5119
3.79,7,8,0.0,3.79,8,1.0,0,0,0,0,0,40,0.2593,1.0,0.5067
2.55,4,6,3.5,-0.95,2,0.25,0,0,0,0,0,20,0.4118,0.0,0.0201
2.22,5,6,2.5,-0.28,4,0.5,1,0,1,0,0,27,0.3415,0.0,0.632
3.91,7,7,2.5,1.41,3,0.375,1,0,0,0,0,5,0.7368,0.375,0.5995
2.31,4,7,0.0,2.31,5,0.625,0,1,1,1,0,52,0.2121,0.625,0.7419
2.4,6,6,2.8,-0.4,3,0.375,1,1,1,1,0,44,0.2414,0.0,0.5332
2.58,9,10,2.8,-0.22,3,0.375,0,0,1,0,0,16,0.4667,0.0,0.4023
3.06,4,8,2.5,0.56,7,0.875,1,1,1,0,0,68,0.1707,0.875,0.9325
3.77,6,6,2.8,0.97,4,0.5,1,0,0,0,1,19,0.4242,0.5,0.4999
3.52,5,6,3.0,0.52,5,0.625,0,1,1,0,0,60,0.1892,0.625,0.8635
3.42,7,10,2.5,0.92,7,0.875,1,1,1,1,1,11,0.56,0.875,0.9211
2.35,4,7,3.2,-0.85,3,0.375,1,1,1,1,0,3,0.8235,0.0,0.4785
2.72,6,6,2.5,0.22,7,0.875,1,0,1,0,0,12,0.5385,0.875,0.8178
2.96,9,9,2.5,0.46,6,0.75,1,1,1,1,0,48,0.2258,0.75,0.9778
2.29,6,10,3.5,-1.21,7,0.875,1,1,1,0,0,17,0.4516,0.0,0.6338
2.55,6,7,3.2,-0.65,4,0.5,0,1,1,1,1,30,0.3182,0.0,0.4508
2.62,5,9,2.5,0.12,5,0.625,1,0,1,1,0,49,0.2222,0.625,0.7396
2.25,5,8,3.2,-0.95,1,0.125,1,1,1,0,0,58,0.1944,0.0,0.338
3.1,4,6,2.8,0.3,1,0.125,0,1,1,1,0,71,0.1647,0.125,0.614
3.41,6,9,2.5,0.91,0,0.0,1,1,1,0,0,37,0.2745,0.0,0.7284
2.14,8,10,3.2,-1.06,5,0.625,1,1,1,1,0,10,0.5833,0.0,0.5223
2.96,8,10,3.0,-0.04,2,0.25,0,1,1,0,0,89,0.1359,0.0,0.4802
3.56,4,6,2.5,1.06,2,0.25,1,1,0,0,1,70,0.1667,0.25,0.6588
3.5,8,8,3.0,0.5,5,0.625,0,0,0,1,0,75,0.1573,0.625,0.5087
3.63,5,9,2.8,0.83,3,0.375,1,0,1,0,0,84,0.1429,0.375,0.7427
2.9,5,6,0.0,2.9,1,0.125,1,1,1,0,0,64,0.1795,0.125,0.6166
3.64,7,10,3.5,0.14,5,0.625,1,0,1,1,0,90,0.1346,0.625,0.7931
2.48,2,6,2.8,-0.32,4,0.5,1,1,1,0,0,47,0.2295,0.0,0.5901
2.72,5,7,2.8,-0.08,1,0.125,0,1,1,1,0,51,0.2154,0.0,0.3699
2.35,7,10,2.8,-0.45,2,0.25,1,1,1,1,1,54,0.2059,0.0,0.5182
2.93,4,8,2.8,0.13,2,0.25,1,0,1,0,0,46,0.2333,0.25,0.6738
2.78,7,9,2.5,0.28,6,0.75,0,1,1,1,0,40,0.2593,0.75,0.7838
2.48,8,8,3.5,-1.02,2,0.25,1,1,0,0,0,30,0.3182,0.0,0.2381
3.5,7,9,3.0,0.5,0,0.0,1,1,1,0,0,72,0.1628,0.0,0.6815
2.63,5,6,3.0,-0.37,2,0.25,1,1,1,0,0,30,0.3182,0.0,0.5329
2.55,5,9,2.8,-0.25,4,0.5,1,0,1,1,0,82,0.1458,0.0,0.5317
2.26,2,6,2.5,-0.24,6,0.75,1,1,0,0,1,68,0.1707,0.0,0.5021
2.88,3,6,0.0,2.88,0,0.0,1,0,1,0,0,90,0.1346,0.0,0.641
2.61,7,8,2.8,-0.19,7,0.875,1,1,0,0,1,59,0.1918,0.0,0.4494
2.74,8,8,2.5,0.24,2,0.25,1,0,1,1,1,54,0.2059,0.25,0.7416
2.47,2,6,3.0,-0.53,3,0.375,1,0,1,0,0,31,0.3111,0.0,0.3856
3.53,7,9,3.2,0.33,0,0.0,1,0,1,0,1,62,0.1842,0.0,0.6167
3.86,4,7,2.5,1.36,2,0.25,1,0,1,0,0,53,0.209,0.25,0.6624
3.0,9,10,2.5,0.5,4,0.5,0,1,1,0,0,36,0.28,0.5,0.7224
3.29,3,6,3.0,0.29,5,0.625,0,1,0,1,0,7,0.6667,0.625,0.662
3.73,5,7,0.0,3.73,6,0.75,1,0,1,0,0,1,0.9333,0.75,0.8332
4.0,7,7,3.5,0.5,4,0.5,0,0,1,0,0,21,0.4,0.5,0.6203
3.23,6,8,2.8,0.43,0,0.0,1,1,1,0,1,64,0.1795,0.0,0.7008
3.78,7,8,0.0,3.78,3,0.375,1,0,1,1,0,83,0.1443,0.375,0.6592
3.82,5,6,2.5,1.32,6,0.75,1,1,0,0,0,85,0.1414,0.75,0.7795
3.58,6,8,3.5,0.08,5,0.625,1,0,1,0,0,48,0.2258,0.625,0.7606
2.92,7,10,2.5,0.42,5,0.625,1,1,0,1,1,78,0.1522,0.625,0.7685
2.16,6,6,3.0,-0.84,4,0.5,1,1,0,1,0,1,0.9333,0.0,0.358
2.03,4,7,2.5,-0.47,4,0.5,1,0,1,0,0,80,0.1489,0.0,0.4645
2.95,8,8,2.5,0.45,8,1.0,1,1,0,0,0,87,0.1386,1.0,0.7946
2.99,9,9,3.2,-0.21,5,0.625,0,1,0,0,1,37,0.2745,0.0,0.334
2.81,4,6,0.0,2.81,5,0.625,0,1,1,1,0,5,0.7368,0.625,0.7884
3.14,7,7,0.0,3.14,3,0.375,1,1,1,0,0,65,0.1772,0.375,0.8099
3.1,6,7,2.8,0.3,4,0.5,0,1,1,0,0,2,0.875,0.5,0.8041
3.67,8,9,3.2,0.47,6,0.75,1,1,1,0,0,58,0.1944,0.75,0.9106
2.22,2,6,2.5,-0.28,7,0.875,1,1,0,0,0,29,0.3256,0.0,0.4585
2.45,5,9,0.0,2.45,7,0.875,0,0,1,1,1,49,0.2222,0.875,0.793
3.59,4,8,3.5,0.09,5,0.625,1,1,1,0,0,83,0.1443,0.625,0.8422
3.7,3,7,3.0,0.7,7,0.875,0,1,0,0,0,14,0.5,0.875,0.6449
3.99,10,10,3.2,0.79,0,0.0,1,0,1,1,1,4,0.7778,0.0,0.6332
3.75,6,10,3.0,0.75,2,0.25,1,0,1,1,0,52,0.2121,0.25,0.6538
3.78,6,10,3.0,0.78,2,0.25,0,0,0,1,0,63,0.1818,0.25,0.3718
2.63,10,10,2.8,-0.17,5,0.625,0,1,1,1,0,27,0.3415,0.0,0.5571
2.8,4,7,2.5,0.3,6,0.75,1,0,1,0,0,15,0.4828,0.75,0.8653
2.54,10,10,3.0,-0.46,1,0.125,0,0,1,0,0,64,0.1795,0.0,0.2569
3.21,6,6,3.0,0.21,1,0.125,1,0,0,1,0,63,0.1818,0.125,0.49
3.88,5,7,3.5,0.38,4,0.5,1,1,1,1,0,86,0.14,0.5,0.8707
2.69,8,8,2.8,-0.11,8,1.0,0,0,0,0,1,78,0.1522,0.0,0.2931
3.11,9,9,2.5,0.61,0,0.0,0,0,1,0,0,66,0.175,0.0,0.4933
2.59,4,8,2.8,-0.21,7,0.875,0,1,0,0,0,2,0.875,0.0,0.4427
2.34,4,8,3.0,-0.66,1,0.125,1,1,1,0,0,24,0.3684,0.0,0.4401
2.39,4,7,2.8,-0.41,2,0.25,1,0,1,1,1,59,0.1918,0.0,0.5137
2.12,6,8,3.0,-0.88,5,0.625,0,1,1,1,0,42,0.25,0.0,0.3993
3.9,7,8,2.8,1.1,6,0.75,1,1,0,0,0,5,0.7368,0.75,0.8187
2.81,4,8,0.0,2.81,7,0.875,1,0,1,1,1,51,0.2154,0.875,0.8919
3.67,4,8,2.8,0.87,0,0.0,1,1,1,1,0,69,0.1687,0.0,0.6629
3.36,6,9,3.0,0.36,0,0.0,0,1,0,0,1,66,0.175,0.0,0.3918
2.38,4,7,3.2,-0.82,4,0.5,0,1,1,0,0,84,0.1429,0.0,0.4884
2.35,6,6,2.8,-0.45,5,0.625,0,0,1,1,1,14,0.5,0.0,0.4483
3.62,4,7,2.8,0.82,2,0.25,1,1,1,0,0,86,0.14,0.25,0.734
2.53,8,8,2.8,-0.27,5,0.625,1,1,1,1,1,48,0.2258,0.0,0.6618
3.83,2,6,2.8,1.03,2,0.25,0,1,1,0,0,28,0.3333,0.25,0.6332
2.28,2,6,0.0,2.28,8,1.0,0,1,1,1,0,78,0.1522,1.0,0.8207
3.36,10,10,3.2,0.16,1,0.125,1,1,1,0,1,10,0.5833,0.125,0.7093
3.63,4,7,3.2,0.43,5,0.625,0,1,1,0,0,3,0.8235,0.625,0.7562
2.47,5,9,2.8,-0.33,4,0.5,1,0,1,1,0,66,0.175,0.0,0.4629
2.55,4,6,2.8,-0.25,0,0.0,1,1,0,0,0,66,0.175,0.0,0.3761
3.93,6,10,0.0,3.93,5,0.625,0,1,1,0,0,9,0.6087,0.625,0.866
2.53,3,7,2.8,-0.27,1,0.125,1,1,1,0,0,80,0.1489,0.0,0.582
2.86,5,7,2.8,0.06,4,0.5,0,0,1,0,0,76,0.1556,0.5,0.5932
2.87,7,9,3.0,-0.13,5,0.625,1,0,1,0,0,72,0.1628,0.0,0.6269
2.51,5,7,0.0,2.51,0,0.0,0,0,1,0,0,36,0.28,0.0,0.5037
3.55,6,8,3.0,0.55,1,0.125,1,1,0,0,0,84,0.1429,0.125,0.5094
3.54,5,9,2.5,1.04,2,0.25,1,1,1,0,0,12,0.5385,0.25,0.8237
2.76,3,6,3.0,-0.24,8,1.0,0,1,1,0,0,71,0.1647,0.0,0.6481
3.67,3,6,3.0,0.67,1,0.125,1,1,1,1,0,76,0.1556,0.125,0.6315
2.43,6,9,2.5,-0.07,8,1.0,1,0,1,0,0,47,0.2295,0.0,0.5955
2.01,5,7,2.8,-0.79,4,0.5,1,1,1,1,0,32,0.3043,0.0,0.5254
3.14,7,10,3.2,-0.06,8,1.0,0,1,1,0,0,43,0.2456,0.0,0.5668
3.99,9,10,3.0,0.99,7,0.875,0,0,1,0,0,5,0.7368,0.875,0.8136
2.08,10,10,0.0,2.08,2,0.25,0,1,1,0,0,3,0.8235,0.25,0.7401
2.42,9,10,2.8,-0.38,5,0.625,1,1,0,0,0,31,0.3111,0.0,0.3796
3.04,7,10,2.5,0.54,6,0.75,1,1,0,0,0,2,0.875,0.75,0.7794
3.62,5,7,3.0,0.62,0,0.0,0,1,1,1,0,58,0.1944,0.0,0.5995
2.18,8,10,3.0,-0.82,5,0.625,1,0,1,0,0,58,0.1944,0.0,0.444
2.79,6,7,0.0,2.79,4,0.5,0,0,1,0,0,77,0.1538,0.5,0.7097
3.49,5,8,3.0,0.49,0,0.0,1,0,1,1,0,25,0.359,0.0,0.5294
2.74,2,6,3.0,-0.26,7,0.875,1,1,0,0,1,74,0.1591,0.0,0.5394
2.38,9,10,3.0,-0.62,2,0.25,1,1,0,1,0,28,0.3333,0.0,0.2705
2.39,7,8,0.0,2.39,7,0.875,1,1,1,0,0,49,0.2222,0.875,0.9152
2.82,6,10,2.5,0.32,1,0.125,0,1,0,0,1,73,0.1609,0.125,0.3861
2.96,6,7,2.8,0.16,4,0.5,1,1,1,0,0,32,0.3043,0.5,0.9383
3.72,3,7,2.5,1.22,3,0.375,1,1,1,0,0,11,0.56,0.375,0.7356
3.28,7,8,2.8,0.48,8,1.0,0,1,1,0,0,74,0.1591,1.0,0.8433
3.38,9,10,0.0,3.38,8,1.0,1,0,0,1,0,26,0.35,1.0,0.7152
3.97,4,8,0.0,3.97,6,0.75,1,1,1,0,0,20,0.4118,0.75,0.8867
2.82,8,9,3.0,-0.18,7,0.875,1,1,1,1,0,62,0.1842,0.0,0.7018
2.81,3,7,2.5,0.31,6,0.75,1,1,1,0,0,49,0.2222,0.75,0.9392
3.85,6,9,3.0,0.85,2,0.25,0,1,1,0,1,3,0.8235,0.25,0.699
2.49,8,9,0.0,2.49,8,1.0,1,1,1,0,0,83,0.1443,1.0,0.9468
3.46,7,10,2.8,0.66,4,0.5,1,1,1,1,1,47,0.2295,0.5,0.8792
3.51,6,6,2.8,0.71,3,0.375,0,0,0,0,0,25,0.359,0.375,0.4066
2.2,7,7,3.0,-0.8,1,0.125,1,1,1,1,0,8,0.6364,0.0,0.396
2.94,6,6,3.0,-0.06,6,0.75,0,0,1,0,1,62,0.1842,0.0,0.5451
2.4,4,8,2.8,-0.4,2,0.25,0,0,0,1,0,69,0.1687,0.0,0.1469
2.37,5,9,3.0,-0.63,5,0.625,1,0,1,1,0,68,0.1707,0.0,0.3806
2.93,5,9,2.5,0.43,0,0.0,0,1,1,1,0,58,0.1944,0.0,0.6413
2.58,7,9,2.8,-0.22,5,0.625,1,1,1,1,0,79,0.1505,0.0,0.6498
3.59,7,9,0.0,3.59,5,0.625,1,1,1,0,1,55,0.2029,0.625,0.9043
3.82,9,10,2.8,1.02,4,0.5,1,1,0,1,0,22,0.3889,0.5,0.6848
3.61,7,10,2.5,1.11,5,0.625,0,0,1,0,1,20,0.4118,0.625,0.7454
2.53,4,8,3.2,-0.67,8,1.0,1,1,0,0,0,35,0.2857,0.0,0.4003
2.55,9,10,2.8,-0.25,7,0.875,1,0,1,1,1,66,0.175,0.0,0.6539
2.51,5,6,2.8,-0.29,3,0.375,1,1,1,1,0,3,0.8235,0.0,0.5695
2.27,8,9,2.8,-0.53,7,0.875,0,1,1,0,0,28,0.3333,0.0,0.4585
3.89,5,8,2.5,1.39,8,1.0,0,1,1,1,1,39,0.2642,1.0,0.9323
2.8,8,10,2.5,0.3,1,0.125,1,1,0,0,0,52,0.2121,0.125,0.4622
2.45,8,8,3.2,-0.75,3,0.375,0,1,1,0,0,14,0.5,0.0,0.402
3.69,5,6,3.0,0.69,6,0.75,1,0,1,0,1,9,0.6087,0.75,0.8586
2.8,9,9,0.0,2.8,4,0.5,1,1,1,1,0,82,0.1458,0.5,0.7945
2.07,8,10,3.0,-0.93,1,0.125,1,0,1,1,0,9,0.6087,0.0,0.3595
2.32,2,6,2.8,-0.48,4,0.5,1,1,1,1,0,8,0.6364,0.0,0.445
3.28,5,6,0.0,3.28,3,0.375,1,1,1,0,1,18,0.4375,0.375,0.7855
3.57,7,9,2.8,0.77,6,0.75,1,1,1,1,0,31,0.3111,0.75,0.9469
2.42,4,8,0.0,2.42,4,0.5,1,1,1,0,0,20,0.4118,0.5,0.7728
3.83,4,8,2.5,1.33,1,0.125,0,0,0,0,0,74,0.1591,0.125,0.3239
3.7,3,6,3.0,0.7,0,0.0,1,1,1,1,0,12,0.5385,0.0,0.6732
3.7,4,8,2.5,1.2,2,0.25,1,1,1,1,0,13,0.5185,0.25,0.7726
2.46,7,8,3.2,-0.74,1,0.125,1,1,1,1,1,11,0.56,0.0,0.5037
2.1,9,10,3.0,-0.9,7,0.875,0,1,1,1,1,59,0.1918,0.0,0.5557
3.73,4,7,3.2,0.53,2,0.25,0,0,1,0,1,80,0.1489,0.25,0.5685
2.61,3,7,3.0,-0.39,5,0.625,1,0,0,0,0,15,0.4828,0.0,0.2732
3.24,2,6,3.2,0.04,1,0.125,0,1,0,1,0,50,0.2188,0.125,0.4773
3.52,8,8,2.8,0.72,3,0.375,1,1,1,0,0,34,0.2917,0.375,0.8049
2.26,6,9,2.8,-0.54,8,1.0,1,0,1,1,0,56,0.2,0.0,0.4646
3.56,3,7,2.8,0.76,5,0.625,0,1,1,0,0,59,0.1918,0.625,0.7517
3.88,8,9,3.2,0.68,2,0.25,0,0,1,0,0,26,0.35,0.25,0.5349
3.46,10,10,2.5,0.96,6,0.75,1,1,1,1,0,55,0.2029,0.75,0.9194
2.88,2,6,2.8,0.08,4,0.5,0,1,0,1,0,5,0.7368,0.5,0.6593
3.75,8,8,3.0,0.75,2,0.25,1,1,0,0,0,44,0.2414,0.25,0.5758
3.05,8,9,2.8,0.25,8,1.0,1,0,0,0,0,88,0.1373,1.0,0.5965
3.49,3,6,3.2,0.29,8,1.0,1,0,1,0,1,81,0.1474,1.0,0.8672
3.64,5,6,2.8,0.84,5,0.625,1,1,0,0,0,5,0.7368,0.625,0.6855
3.5,5,7,2.5,1.0,0,0.0,0,1,1,1,0,6,0.7,0.0,0.6225
2.58,5,6,2.8,-0.22,3,0.375,1,0,1,0,0,75,0.1573,0.0,0.4803
2.24,3,7,2.8,-0.56,4,0.5,0,1,1,0,0,19,0.4242,0.0,0.4978
2.48,3,6,0.0,2.48,8,1.0,0,0,0,1,0,60,0.1892,1.0,0.5136
3.01,9,10,0.0,3.01,6,0.75,1,1,1,1,1,49,0.2222,0.75,0.9409
3.01,8,8,2.5,0.51,2,0.25,0,1,1,0,1,37,0.2745,0.25,0.72
3.17,3,7,3.0,0.17,4,0.5,0,0,1,1,0,28,0.3333,0.5,0.5849
2.79,6,9,3.2,-0.41,1,0.125,1,1,1,0,0,68,0.1707,0.0,0.4331
3.57,5,6,2.8,0.77,4,0.5,0,1,1,0,0,24,0.3684,0.5,0.797
3.83,8,8,0.0,3.83,4,0.5,0,1,1,1,1,69,0.1687,0.5,0.7272
2.49,8,9,2.8,-0.31,4,0.5,1,1,1,0,0,21,0.4,0.0,0.5826
3.47,9,10,3.2,0.27,3,0.375,1,1,0,1,0,80,0.1489,0.375,0.5289
3.36,4,7,3.0,0.36,3,0.375,1,1,1,1,1,64,0.1795,0.375,0.765
3.05,4,8,2.5,0.55,7,0.875,1,0,1,1,0,50,0.2188,0.875,0.8011
2.38,8,9,0.0,2.38,4,0.5,1,1,1,0,0,9,0.6087,0.5,0.8877
3.59,8,9,3.2,0.39,0,0.0,0,0,1,0,0,20,0.4118,0.0,0.4718
3.92,4,6,3.2,0.72,6,0.75,1,0,1,1,0,57,0.1972,0.75,0.8818
3.44,8,10,0.0,3.44,5,0.625,0,1,1,1,0,52,0.2121,0.625,0.7745
3.84,4,7,3.2,0.64,6,0.75,1,0,1,1,0,10,0.5833,0.75,0.8179
3.97,5,7,0.0,3.97,6,0.75,1,1,1,0,0,9,0.6087,0.75,0.9151
2.7,3,6,0.0,2.7,1,0.125,0,1,1,1,0,55,0.2029,0.125,0.6152
3.28,4,6,3.0,0.28,8,1.0,1,0,1,0,0,34,0.2917,1.0,0.9324
2.95,3,7,2.8,0.15,8,1.0,1,1,0,0,0,43,0.2456,1.0,0.7219
3.97,5,6,2.8,1.17,1,0.125,0,1,1,0,0,55,0.2029,0.125,0.5828
2.19,6,9,3.2,-1.01,1,0.125,1,1,0,1,0,77,0.1538,0.0,0.1576
2.82,7,8,3.2,-0.38,2,0.25,1,1,0,0,0,23,0.3784,0.0,0.3574
3.75,5,7,0.0,3.75,8,1.0,0,1,1,0,0,63,0.1818,1.0,0.8871
2.57,8,8,3.0,-0.43,8,1.0,0,1,1,1,0,78,0.1522,0.0,0.5221
3.58,6,9,3.0,0.58,2,0.25,1,1,1,1,0,83,0.1443,0.25,0.7585
2.77,3,6,2.8,-0.03,5,0.625,1,0,1,0,0,88,0.1373,0.0,0.5222
3.96,4,7,3.5,0.46,2,0.25,1,1,1,1,1,1,0.9333,0.25,0.8209
3.77,9,10,3.0,0.77,0,0.0,1,0,1,1,0,7,0.6667,0.0,0.6408
2.6,2,6,0.0,2.6,2,0.25,1,0,1,0,0,79,0.1505,0.25,0.6842
3.54,9,10,2.5,1.04,0,0.0,0,0,0,1,0,19,0.4242,0.0,0.3515
2.67,10,10,3.2,-0.53,7,0.875,0,1,0,1,0,27,0.3415,0.0,0.2712
3.21,6,7,3.5,-0.29,7,0.875,1,1,1,1,0,43,0.2456,0.0,0.6275
3.32,3,7,0.0,3.32,1,0.125,1,1,1,0,0,60,0.1892,0.125,0.8105
3.66,5,7,0.0,3.66,5,0.625,1,1,1,1,0,4,0.7778,0.625,0.9098
2.05,6,8,3.0,-0.95,1,0.125,1,1,1,1,0,59,0.1918,0.0,0.4311
2.44,4,7,0.0,2.44,5,0.625,0,1,1,1,0,9,0.6087,0.625,0.7697
3.42,7,9,0.0,3.42,8,1.0,1,1,1,0,1,34,0.2917,1.0,0.8955
3.13,6,7,3.2,-0.07,7,0.875,1,1,1,0,0,82,0.1458,0.0,0.7262
2.99,10,10,3.2,-0.21,7,0.875,1,0,1,1,0,12,0.5385,0.0,0.5403
2.11,7,10,3.2,-1.09,2,0.25,0,1,0,0,0,5,0.7368,0.0,0.1593
2.7,5,8,3.0,-0.3,1,0.125,0,1,1,1,0,43,0.2456,0.0,0.4609
3.73,5,8,2.5,1.23,1,0.125,1,1,0,0,1,23,0.3784,0.125,0.5242
2.06,4,6,3.2,-1.14,1,0.125,1,0,1,1,0,23,0.3784,0.0,0.3102
2.79,4,6,2.5,0.29,5,0.625,1,1,0,0,0,39,0.2642,0.625,0.741
3.89,7,8,2.5,1.39,5,0.625,1,1,1,1,0,16,0.4667,0.625,0.8863
2.1,5,8,3.2,-1.1,7,0.875,1,0,0,1,1,2,0.875,0.0,0.2738
3.5,4,7,3.0,0.5,0,0.0,0,1,1,0,0,84,0.1429,0.0,0.594
2.52,2,6,3.2,-0.68,2,0.25,1,1,1,0,0,73,0.1609,0.0,0.547
3.73,6,10,2.5,1.23,6,0.75,1,1,1,1,0,38,0.2692,0.75,0.9251
3.49,4,8,3.5,-0.01,6,0.75,1,1,1,1,0,75,0.1573,0.0,0.7946
3.77,5,8,3.0,0.77,3,0.375,0,1,1,0,0,90,0.1346,0.375,0.7297
2.43,7,8,3.0,-0.57,1,0.125,1,1,1,0,0,36,0.28,0.0,0.3837
3.06,7,8,3.2,-0.14,4,0.5,0,1,0,1,1,15,0.4828,0.0,0.3668
3.56,9,9,2.8,0.76,1,0.125,1,0,0,1,0,19,0.4242,0.125,0.4198
2.49,7,9,3.0,-0.51,4,0.5,1,1,1,0,0,87,0.1386,0.0,0.5908
2.46,6,8,3.0,-0.54,8,1.0,1,1,1,0,1,81,0.1474,0.0,0.5369
2.05,6,6,3.0,-0.95,1,0.125,1,0,1,0,0,63,0.1818,0.0,0.3048
3.92,6,10,3.2,0.72,1,0.125,1,0,0,1,0,62,0.1842,0.125,0.3246
3.42,6,7,3.0,0.42,6,0.75,0,0,1,1,0,28,0.3333,0.75,0.7239
3.27,6,6,0.0,3.27,0,0.0,0,1,1,0,1,48,0.2258,0.0,0.5338
3.49,4,6,2.5,0.99,8,1.0,1,1,1,0,0,34,0.2917,1.0,0.9725
3.06,6,9,3.5,-0.44,6,0.75,1,1,0,0,0,36,0.28,0.0,0.4124
2.95,6,7,3.5,-0.55,3,0.375,1,0,1,0,0,66,0.175,0.0,0.4163
2.9,6,6,3.5,-0.6,3,0.375,1,1,1,1,0,49,0.2222,0.0,0.4484
3.28,7,10,0.0,3.28,3,0.375,0,0,1,1,1,39,0.2642,0.375,0.6135
2.4,5,7,2.8,-0.4,3,0.375,1,1,0,0,0,23,0.3784,0.0,0.2454
3.78,6,10,3.0,0.78,7,0.875,1,0,1,0,0,59,0.1918,0.875,0.8594
3.62,7,10,3.0,0.62,7,0.875,1,1,1,0,0,41,0.2545,0.875,0.9634
2.7,5,6,0.0,2.7,1,0.125,1,1,1,1,0,5,0.7368,0.125,0.7438
3.16,7,9,3.0,0.16,1,0.125,0,1,1,0,1,62,0.1842,0.125,0.6325
2.28,5,9,0.0,2.28,4,0.5,0,0,1,0,0,31,0.3111,0.5,0.6811
3.94,3,6,2.8,1.14,5,0.625,0,0,0,1,0,38,0.2692,0.625,0.4951
3.81,3,7,2.5,1.31,6,0.75,1,1,1,0,0,89,0.1359,0.75,0.9654
3.84,7,8,0.0,3.84,2,0.25,0,1,1,1,1,62,0.1842,0.25,0.7688
2.66,6,6,0.0,2.66,4,0.5,0,1,1,0,0,7,0.6667,0.5,0.7339
2.34,5,9,3.2,-0.86,0,0.0,1,1,1,0,0,67,0.1728,0.0,0.3815
2.42,4,7,3.0,-0.58,4,0.5,1,1,1,1,0,27,0.3415,0.0,0.4751
2.18,10,10,3.5,-1.32,6,0.75,1,1,1,1,1,68,0.1707,0.0,0.6633
2.24,10,10,2.8,-0.56,2,0.25,1,1,0,1,1,32,0.3043,0.0,0.3852
2.14,8,9,2.8,-0.66,2,0.25,0,1,1,0,0,52,0.2121,0.0,0.4059
3.98,5,6,2.8,1.18,4,0.5,0,1,1,0,0,63,0.1818,0.5,0.7407
2.15,6,6,3.0,-0.85,7,0.875,1,1,1,0,0,17,0.4516,0.0,0.6202
2.27,3,6,2.8,-0.53,5,0.625,1,1,1,0,0,13,0.5185,0.0,0.554
3.65,8,8,3.0,0.65,8,1.0,1,0,1,0,0,64,0.1795,1.0,0.8593
3.16,9,9,3.2,-0.04,0,0.0,1,0,0,0,0,7,0.6667,0.0,0.1679
3.55,3,6,3.2,0.35,7,0.875,0,0,0,0,0,74,0.1591,0.875,0.5964
3.26,5,9,2.5,0.76,0,0.0,1,1,1,0,0,39,0.2642,0.0,0.6529
3.76,4,6,2.8,0.96,2,0.25,0,1,0,0,0,9,0.6087,0.25,0.4678
3.28,6,7,2.5,0.78,3,0.375,1,0,0,0,0,69,0.1687,0.375,0.5271
3.04,8,8,0.0,3.04,2,0.25,1,0,0,1,1,81,0.1474,0.25,0.5176
3.43,6,10,3.0,0.43,8,1.0,0,1,0,1,0,7,0.6667,1.0,0.6832
2.89,6,9,2.8,0.09,8,1.0,1,0,1,0,0,85,0.1414,1.0,0.8548
2.69,7,8,3.0,-0.31,5,0.625,1,0,0,0,1,38,0.2692,0.0,0.2826
2.94,2,6,0.0,2.94,4,0.5,1,0,1,1,1,61,0.1867,0.5,0.8196
2.34,6,7,3.5,-1.16,6,0.75,0,1,1,0,1,24,0.3684,0.0,0.5086
3.59,6,9,3.5,0.09,6,0.75,1,1,0,1,1,10,0.5833,0.75,0.7905
2.52,2,6,2.8,-0.28,4,0.5,1,0,0,0,0,89,0.1359,0.0,0.3242
2.31,6,9,3.2,-0.89,7,0.875,0,0,1,1,0,59,0.1918,0.0,0.338
2.49,8,9,2.5,-0.01,1,0.125,1,0,1,0,1,23,0.3784,0.0,0.4599
3.68,9,9,3.0,0.68,2,0.25,0,1,1,1,0,33,0.2979,0.25,0.7243
2.66,3,7,3.2,-0.54,0,0.0,1,1,1,0,0,69,0.1687,0.0,0.4135
3.37,5,7,3.2,0.17,1,0.125,0,1,1,0,0,28,0.3333,0.125,0.6194
3.71,3,6,3.2,0.51,1,0.125,1,1,0,0,0,62,0.1842,0.125,0.4696
2.16,6,7,2.8,-0.64,5,0.625,1,1,0,0,0,4,0.7778,0.0,0.2425
3.53,7,8,3.2,0.33,7,0.875,1,0,1,1,0,89,0.1359,0.875,0.8338
2.62,6,6,3.0,-0.38,5,0.625,1,1,0,0,0,66,0.175,0.0,0.3041
2.43,5,8,0.0,2.43,4,0.5,1,1,1,0,0,31,0.3111,0.5,0.8724
3.38,4,7,0.0,3.38,2,0.25,0,0,0,0,0,52,0.2121,0.25,0.4347
3.82,5,8,3.0,0.82,0,0.0,1,1,1,0,0,16,0.4667,0.0,0.6754
2.59,6,7,3.0,-0.41,5,0.625,1,0,1,1,1,41,0.2545,0.0,0.5077
3.14,8,10,2.8,0.34,1,0.125,0,1,1,1,0,32,0.3043,0.125,0.566
2.58,3,7,3.2,-0.62,7,0.875,1,0,1,0,0,35,0.2857,0.0,0.5018
3.11,10,10,3.0,0.11,3,0.375,0,1,0,0,0,74,0.1591,0.375,0.4874
3.24,2,6,2.8,0.44,3,0.375,1,0,1,1,0,38,0.2692,0.375,0.648
3.22,6,6,2.8,0.42,0,0.0,1,1,1,0,0,1,0.9333,0.0,0.7365
3.25,2,6,3.0,0.25,2,0.25,1,1,0,1,0,41,0.2545,0.25,0.6906
2.27,6,8,3.0,-0.73,0,0.0,1,1,1,0,1,5,0.7368,0.0,0.4476
3.39,7,10,2.8,0.59,6,0.75,1,1,1,0,0,43,0.2456,0.75,0.9331
3.35,5,6,2.8,0.55,4,0.5,1,0,1,0,0,62,0.1842,0.5,0.7601
3.37,7,9,3.0,0.37,7,0.875,1,1,1,0,0,9,0.6087,0.875,0.9532
2.15,6,9,3.0,-0.85,5,0.625,1,0,1,1,1,6,0.7,0.0,0.4686
2.89,5,7,3.2,-0.31,8,1.0,0,1,1,0,1,35,0.2857,0.0,0.5783
2.82,7,7,0.0,2.82,7,0.875,0,0,0,1,0,44,0.2414,0.875,0.5838
2.17,7,10,3.0,-0.83,1,0.125,0,1,1,0,1,6,0.7,0.0,0.2532
2.44,6,9,2.8,-0.36,1,0.125,1,1,0,1,0,30,0.3182,0.0,0.2547
2.88,3,7,0.0,2.88,8,1.0,1,1,1,0,0,70,0.1667,1.0,0.9944
3.49,9,10,3.0,0.49,2,0.25,0,1,0,0,1,52,0.2121,0.25,0.4685
2.47,7,8,3.0,-0.53,6,0.75,1,0,1,0,1,48,0.2258,0.0,0.4915
3.66,5,6,2.8,0.86,5,0.625,0,1,1,0,0,10,0.5833,0.625,0.7991
3.09,6,10,3.0,0.09,6,0.75,1,0,0,0,0,72,0.1628,0.75,0.6665
3.52,9,10,2.5,1.02,2,0.25,1,0,1,0,0,54,0.2059,0.25,0.6997
2.95,8,8,2.5,0.45,2,0.25,1,1,1,0,0,39,0.2642,0.25,0.7927
3.0,9,9,2.8,0.2,4,0.5,0,1,1,0,1,56,0.2,0.5,0.7805
3.24,7,7,2.8,0.44,0,0.0,1,1,1,0,0,14,0.5,0.0,0.6889
3.86,7,10,3.0,0.86,2,0.25,1,1,1,1,0,61,0.1867,0.25,0.7378
2.98,6,7,3.2,-0.22,4,0.5,0,0,1,1,0,27,0.3415,0.0,0.3977
3.06,5,7,3.0,0.06,1,0.125,1,0,1,1,0,4,0.7778,0.125,0.6301
3.2,6,8,2.5,0.7,2,0.25,1,1,0,1,0,22,0.3889,0.25,0.5868
3.48,4,7,2.8,0.68,8,1.0,1,0,1,1,0,33,0.2979,1.0,0.8682
2.14,8,9,2.5,-0.36,2,0.25,1,1,1,0,0,40,0.2593,0.0,0.4768
3.03,9,9,3.0,0.03,8,1.0,1,1,1,0,0,21,0.4,1.0,0.9541
2.96,7,8,2.5,0.46,8,1.0,1,0,1,0,0,72,0.1628,1.0,0.8531
3.84,9,9,2.8,1.04,6,0.75,1,1,1,0,1,24,0.3684,0.75,0.9887
2.99,8,8,3.0,-0.01,1,0.125,0,1,0,1,0,11,0.56,0.0,0.2541
2.94,6,10,3.0,-0.06,1,0.125,1,1,0,1,0,21,0.4,0.0,0.2904
3.92,7,7,2.5,1.42,8,1.0,0,1,1,1,1,37,0.2745,1.0,0.9202
2.9,9,9,2.5,0.4,0,0.0,1,1,0,1,0,5,0.7368,0.0,0.4701
2.36,6,8,3.0,-0.64,4,0.5,1,1,0,1,0,9,0.6087,0.0,0.2355
2.43,9,10,2.8,-0.37,5,0.625,0,1,1,0,0,15,0.4828,0.0,0.549
2.19,6,7,0.0,2.19,7,0.875,1,1,1,0,0,36,0.28,0.875,0.9288
2.0,5,6,3.2,-1.2,8,1.0,0,1,1,1,0,86,0.14,0.0,0.5416
2.86,10,10,2.8,0.06,2,0.25,1,1,1,1,1,53,0.209,0.25,0.806
3.54,6,10,2.8,0.74,4,0.5,1,1,1,0,0,8,0.6364,0.5,0.8627
3.47,5,9,2.5,0.97,5,0.625,1,1,0,0,0,7,0.6667,0.625,0.6794
2.06,5,8,2.8,-0.74,8,1.0,1,0,1,1,1,10,0.5833,0.0,0.5601
3.14,6,8,2.5,0.64,5,0.625,1,1,1,1,0,6,0.7,0.625,0.9083
2.31,9,9,2.5,-0.19,1,0.125,1,1,1,0,0,46,0.2333,0.0,0.5399
3.88,8,9,2.8,1.08,8,1.0,0,1,1,1,0,66,0.175,1.0,0.8301
2.33,3,7,2.8,-0.47,4,0.5,1,1,0,0,0,40,0.2593,0.0,0.3816
3.25,5,6,3.2,0.05,1,0.125,0,1,1,1,0,37,0.2745,0.125,0.5725
2.65,4,6,3.5,-0.85,1,0.125,0,1,1,1,0,54,0.2059,0.0,0.3588
3.28,4,7,2.5,0.78,1,0.125,0,1,0,1,1,32,0.3043,0.125,0.4037
2.82,8,9,0.0,2.82,6,0.75,1,1,1,1,1,73,0.1609,0.75,0.9546
3.52,5,8,3.0,0.52,8,1.0,1,1,1,1,1,62,0.1842,1.0,0.9831
2.46,8,9,3.5,-1.04,3,0.375,0,1,0,0,0,89,0.1359,0.0,0.2656
3.81,4,8,3.2,0.61,0,0.0,0,1,1,1,0,8,0.6364,0.0,0.6307
3.0,4,7,0.0,3.0,7,0.875,1,1,1,0,0,40,0.2593,0.875,0.9096
3.51,7,9,2.5,1.01,5,0.625,1,1,1,0,0,78,0.1522,0.625,0.9041
3.7,8,9,0.0,3.7,5,0.625,1,0,0,1,0,61,0.1867,0.625,0.5919
4.0,10,10,3.2,0.8,0,0.0,1,0,1,0,0,70,0.1667,0.0,0.6109
2.45,7,10,2.8,-0.35,8,1.0,1,1,1,0,0,43,0.2456,0.0,0.6678
2.57,7,7,2.8,-0.23,0,0.0,0,1,1,0,0,36,0.28,0.0,0.4223
2.5,9,9,2.8,-0.3,5,0.625,1,1,1,0,0,68,0.1707,0.0,0.6668
2.53,4,7,2.5,0.03,5,0.625,1,0,1,0,1,43,0.2456,0.625,0.7091
3.16,6,10,3.0,0.16,4,0.5,1,0,0,1,0,37,0.2745,0.5,0.6227
3.99,6,9,0.0,3.99,4,0.5,1,1,1,0,0,36,0.28,0.5,0.8471
3.98,9,10,3.0,0.98,3,0.375,1,1,1,1,0,12,0.5385,0.375,0.7393
3.05,6,7,3.0,0.05,5,0.625,1,1,1,0,0,71,0.1647,0.625,0.8511
3.28,5,6,3.0,0.28,3,0.375,1,1,1,0,0,77,0.1538,0.375,0.7702
3.72,5,6,2.5,1.22,4,0.5,0,1,1,0,0,3,0.8235,0.5,0.763
3.87,4,8,3.2,0.67,6,0.75,1,1,1,0,0,37,0.2745,0.75,0.9686
2.41,8,10,3.0,-0.59,6,0.75,0,0,0,1,0,61,0.1867,0.0,0.239
3.06,9,9,0.0,3.06,1,0.125,1,1,1,1,0,14,0.5,0.125,0.6279
3.67,7,10,2.5,1.17,8,1.0,1,1,1,0,0,28,0.3333,1.0,0.9294
2.61,8,8,3.0,-0.39,0,0.0,0,1,1,0,0,87,0.1386,0.0,0.3223
2.88,6,10,2.5,0.38,2,0.25,1,1,1,1,0,71,0.1647,0.25,0.7756
3.97,10,10,0.0,3.97,3,0.375,0,1,1,0,0,79,0.1505,0.375,0.757
3.97,6,7,2.5,1.47,2,0.25,1,0,0,0,0,89,0.1359,0.25,0.45
3.81,9,10,2.5,1.31,3,0.375,1,0,1,0,0,62,0.1842,0.375,0.7512
3.6,5,6,2.8,0.8,2,0.25,1,1,1,1,0,26,0.35,0.25,0.7767
2.54,8,8,3.0,-0.46,3,0.375,1,1,1,0,1,86,0.14,0.0,0.5729
2.64,5,8,2.5,0.14,6,0.75,1,1,1,1,1,41,0.2545,0.75,0.9751
3.09,3,7,3.0,0.09,7,0.875,1,0,1,0,1,49,0.2222,0.875,0.8266
3.12,10,10,2.5,0.62,3,0.375,1,1,1,0,0,50,0.2188,0.375,0.7878
3.01,5,9,2.5,0.51,2,0.25,0,0,1,1,0,50,0.2188,0.25,0.6342
3.27,5,6,2.5,0.77,6,0.75,1,1,0,0,0,50,0.2188,0.75,0.7438
2.82,3,6,3.0,-0.18,0,0.0,0,0,0,0,0,70,0.1667,0.0,0.1284
3.5,6,6,3.5,0.0,4,0.5,1,1,1,0,0,15,0.4828,0.5,0.8905
2.67,7,7,2.8,-0.13,1,0.125,1,1,1,1,1,40,0.2593,0.0,0.5348
2.66,4,6,0.0,2.66,5,0.625,1,0,1,0,1,53,0.209,0.625,0.7847
2.25,5,7,2.5,-0.25,0,0.0,1,1,1,0,0,51,0.2154,0.0,0.4949
2.38,7,9,2.5,-0.12,7,0.875,0,1,1,0,0,66,0.175,0.0,0.6789
3.7,8,10,3.2,0.5,2,0.25,1,0,1,0,1,31,0.3111,0.25,0.6992
2.89,9,9,0.0,2.89,4,0.5,0,0,0,0,1,85,0.1414,0.5,0.4927
2.46,5,8,3.5,-1.04,5,0.625,0,1,1,0,0,2,0.875,0.0,0.3584
3.52,9,9,2.8,0.72,4,0.5,1,1,0,0,0,66,0.175,0.5,0.6933
3.11,9,10,2.8,0.31,4,0.5,0,1,1,0,0,16,0.4667,0.5,0.7579
2.04,6,6,3.2,-1.16,2,0.25,1,1,1,1,0,55,0.2029,0.0,0.4125
2.63,9,10,0.0,2.63,6,0.75,1,1,1,1,0,3,0.8235,0.75,0.9713
2.35,9,9,3.0,-0.65,4,0.5,1,1,1,1,0,21,0.4,0.0,0.4793
3.31,5,7,0.0,3.31,1,0.125,0,1,1,0,0,36,0.28,0.125,0.6307
2.55,6,8,3.2,-0.65,2,0.25,0,1,1,0,0,9,0.6087,0.0,0.4274
2.13,5,8,2.8,-0.67,3,0.375,0,0,1,1,1,30,0.3182,0.0,0.2484
2.11,3,6,0.0,2.11,7,0.875,1,0,0,0,0,58,0.1944,0.875,0.6426
3.16,3,7,3.2,-0.04,8,1.0,0,1,0,1,0,15,0.4828,0.0,0.4134
2.04,4,7,0.0,2.04,3,0.375,0,1,0,0,0,57,0.1972,0.375,0.4092
3.7,6,6,0.0,3.7,3,0.375,1,1,0,0,1,43,0.2456,0.375,0.6254
2.31,8,8,3.0,-0.69,1,0.125,1,0,1,1,0,76,0.1556,0.0,0.325
3.21,7,8,2.8,0.41,4,0.5,1,1,1,0,0,58,0.1944,0.5,0.946
2.89,4,7,3.2,-0.31,2,0.25,0,1,0,0,0,41,0.2545,0.0,0.2298
2.89,4,6,3.0,-0.11,7,0.875,1,1,1,1,0,75,0.1573,0.0,0.6848
2.14,9,10,3.0,-0.86,4,0.5,0,0,1,0,1,16,0.4667,0.0,0.3606
3.61,5,9,2.5,1.11,1,0.125,1,1,1,0,0,52,0.2121,0.125,0.7576
3.79,8,8,0.0,3.79,8,1.0,1,1,1,0,0,21,0.4,1.0,0.9314
2.02,9,9,3.5,-1.48,7,0.875,1,0,1,0,0,41,0.2545,0.0,0.5341
2.36,7,7,0.0,2.36,2,0.25,1,1,1,0,0,43,0.2456,0.25,0.6883
3.81,3,7,2.8,1.01,1,0.125,0,0,1,1,0,54,0.2059,0.125,0.5653
3.1,9,9,2.5,0.6,2,0.25,1,1,1,1,0,29,0.3256,0.25,0.8145
2.3,8,9,2.5,-0.2,3,0.375,1,0,0,0,1,60,0.1892,0.0,0.1882
2.41,7,9,2.8,-0.39,3,0.375,0,1,1,1,0,17,0.4516,0.0,0.4253
3.32,4,8,3.0,0.32,7,0.875,1,0,1,1,0,16,0.4667,0.875,0.7643
3.45,4,6,3.0,0.45,8,1.0,0,1,1,0,1,10,0.5833,1.0,0.8256
3.2,6,9,3.2,0.0,6,0.75,0,0,1,0,0,44,0.2414,0.75,0.7647
3.91,9,9,2.5,1.41,7,0.875,1,1,1,0,1,38,0.2692,0.875,0.9383
2.99,5,8,2.8,0.19,1,0.125,0,0,0,0,0,75,0.1573,0.125,0.3565
2.6,4,7,0.0,2.6,1,0.125,1,1,1,1,0,31,0.3111,0.125,0.7088
2.95,10,10,3.0,-0.05,8,1.0,0,1,1,1,1,53,0.209,0.0,0.6685
2.72,3,7,2.5,0.22,5,0.625,1,1,1,1,0,87,0.1386,0.625,0.9152
2.45,7,7,2.8,-0.35,2,0.25,1,0,1,0,0,56,0.2,0.0,0.3965
2.09,9,9,2.5,-0.41,7,0.875,1,1,1,0,0,78,0.1522,0.0,0.639
2.7,5,8,3.2,-0.5,1,0.125,1,1,1,0,0,46,0.2333,0.0,0.4443
3.42,7,8,3.2,0.22,6,0.75,1,1,1,0,0,17,0.4516,0.75,0.9348
2.04,8,9,3.2,-1.16,7,0.875,1,1,1,0,0,41,0.2545,0.0,0.6464
2.88,5,7,0.0,2.88,4,0.5,0,1,1,0,1,68,0.1707,0.5,0.7383
3.29,5,6,3.5,-0.21,5,0.625,1,1,1,1,0,11,0.56,0.0,0.6268
3.22,2,6,2.5,0.72,6,0.75,1,1,1,0,0,44,0.2414,0.75,0.895
3.55,8,10,2.5,1.05,7,0.875,0,0,1,0,0,47,0.2295,0.875,0.6581
3.62,6,8,2.5,1.12,5,0.625,1,0,1,0,0,84,0.1429,0.625,0.8306
3.42,6,8,2.5,0.92,2,0.25,0,1,1,1,0,88,0.1373,0.25,0.6465
2.21,7,7,2.8,-0.59,1,0.125,0,1,1,0,0,55,0.2029,0.0,0.2905
2.95,9,9,2.5,0.45,3,0.375,1,1,1,0,0,20,0.4118,0.375,0.8511
3.21,9,10,2.8,0.41,0,0.0,1,0,1,0,1,19,0.4242,0.0,0.5943
2.49,7,9,3.0,-0.51,6,0.75,1,1,1,0,1,54,0.2059,0.0,0.6206
2.09,6,8,3.2,-1.11,3,0.375,0,1,1,0,1,18,0.4375,0.0,0.3132
2.45,4,8,3.0,-0.55,6,0.75,1,1,1,1,0,61,0.1867,0.0,0.6559
2.91,8,10,2.8,0.11,0,0.0,1,1,1,0,0,88,0.1373,0.0,0.6951
2.83,7,10,0.0,2.83,2,0.25,0,0,0,0,0,17,0.4516,0.25,0.3418
2.35,7,7,3.2,-0.85,3,0.375,1,1,0,0,0,83,0.1443,0.0,0.2292
3.65,9,10,0.0,3.65,0,0.0,0,0,1,0,0,4,0.7778,0.0,0.5676
3.85,10,10,2.5,1.35,7,0.875,0,1,0,1,0,44,0.2414,0.875,0.6203
2.4,10,10,0.0,2.4,5,0.625,0,1,0,1,0,35,0.2857,0.625,0.5314
3.86,4,6,3.0,0.86,7,0.875,0,0,1,0,0,51,0.2154,0.875,0.7264
2.04,4,6,2.8,-0.76,7,0.875,0,1,0,0,0,44,0.2414,0.0,0.3018
3.85,6,7,3.0,0.85,0,0.0,1,1,1,0,1,50,0.2188,0.0,0.7061
3.9,7,9,2.5,1.4,7,0.875,1,1,0,0,0,11,0.56,0.875,0.7615
2.02,3,6,2.8,-0.78,0,0.0,0,1,0,0,0,69,0.1687,0.0,0.1094
3.53,5,6,2.8,0.73,7,0.875,1,1,1,1,0,85,0.1414,0.875,0.9696
3.94,4,6,0.0,3.94,6,0.75,0,1,1,1,0,43,0.2456,0.75,0.8266
3.81,6,6,2.8,1.01,7,0.875,1,1,1,0,1,78,0.1522,0.875,1.0
3.94,7,10,3.0,0.94,4,0.5,1,1,1,1,0,12,0.5385,0.5,0.8455
3.1,7,9,2.8,0.3,1,0.125,1,0,1,0,0,66,0.175,0.125,0.6603
2.16,7,9,0.0,2.16,1,0.125,1,0,1,0,0,30,0.3182,0.125,0.5823
3.7,7,7,3.0,0.7,1,0.125,0,0,1,0,0,61,0.1867,0.125,0.4491
3.23,7,9,2.5,0.73,7,0.875,0,1,1,0,0,52,0.2121,0.875,0.7771
3.23,5,9,0.0,3.23,4,0.5,1,1,0,0,1,4,0.7778,0.5,0.7072
2.83,5,8,2.5,0.33,1,0.125,1,0,1,1,0,32,0.3043,0.125,0.6527
3.14,10,10,2.8,0.34,1,0.125,1,1,1,0,0,40,0.2593,0.125,0.6602
2.31,5,8,2.5,-0.19,0,0.0,1,1,1,0,0,74,0.1591,0.0,0.4849
3.48,4,7,3.0,0.48,2,0.25,0,0,1,0,1,10,0.5833,0.25,0.5979
2.15,5,9,2.5,-0.35,6,0.75,1,1,1,0,0,86,0.14,0.0,0.6399
3.46,9,10,3.0,0.46,8,1.0,1,1,1,0,0,5,0.7368,1.0,0.9566
3.7,6,10,2.5,1.2,5,0.625,0,0,1,0,0,22,0.3889,0.625,0.6201
2.94,5,8,3.0,-0.06,8,1.0,0,1,1,0,0,13,0.5185,0.0,0.6324
3.02,7,8,3.0,0.02,3,0.375,1,0,0,0,0,81,0.1474,0.375,0.5149
2.62,10,10,2.8,-0.18,2,0.25,0,1,1,0,0,52,0.2121,0.0,0.5097
3.94,6,9,0.0,3.94,6,0.75,1,1,1,1,1,65,0.1772,0.75,0.9886
3.47,5,8,2.8,0.67,1,0.125,1,1,1,1,0,62,0.1842,0.125,0.664
2.74,3,7,3.5,-0.76,8,1.0,1,1,1,0,0,53,0.209,0.0,0.6126
2.35,8,10,3.5,-1.15,7,0.875,1,0,1,1,0,27,0.3415,0.0,0.5096
2.44,10,10,2.5,-0.06,0,0.0,1,1,0,1,0,12,0.5385,0.0,0.2675
2.93,3,6,3.0,-0.07,1,0.125,1,1,1,0,0,40,0.2593,0.0,0.5079
3.89,3,6,2.5,1.39,5,0.625,1,1,0,1,1,37,0.2745,0.625,0.7359
3.47,3,6,2.5,0.97,6,0.75,0,1,0,0,0,40,0.2593,0.75,0.6344
2.43,7,7,3.0,-0.57,1,0.125,1,1,1,1,0,90,0.1346,0.0,0.3216
3.72,4,6,2.8,0.92,6,0.75,0,0,1,0,1,12,0.5385,0.75,0.7119
2.76,9,10,2.8,-0.04,4,0.5,0,1,1,0,0,59,0.1918,0.0,0.5317
3.7,9,10,3.2,0.5,6,0.75,1,1,1,1,0,15,0.4828,0.75,0.9599
2.48,5,6,2.5,-0.02,3,0.375,0,1,1,1,0,54,0.2059,0.0,0.5939
3.24,8,10,3.0,0.24,4,0.5,0,1,1,0,0,61,0.1867,0.5,0.7704
3.85,4,6,2.8,1.05,3,0.375,0,1,1,1,0,4,0.7778,0.375,0.6708
2.52,7,9,0.0,2.52,1,0.125,1,1,1,1,0,42,0.25,0.125,0.6998
3.39,3,7,2.8,0.59,1,0.125,1,1,0,1,0,29,0.3256,0.125,0.5067
3.97,4,6,3.5,0.47,1,0.125,0,1,1,1,0,44,0.2414,0.125,0.6365
2.3,8,8,2.8,-0.5,7,0.875,1,1,1,1,0,44,0.2414,0.0,0.6897
2.18,6,10,0.0,2.18,3,0.375,0,1,1,0,1,43,0.2456,0.375,0.7444
3.35,10,10,3.0,0.35,3,0.375,1,0,1,1,0,58,0.1944,0.375,0.7102
2.68,4,6,3.5,-0.82,7,0.875,0,1,1,0,0,19,0.4242,0.0,0.5
2.14,7,10,3.2,-1.06,7,0.875,1,0,1,1,0,78,0.1522,0.0,0.5593
2.95,3,7,2.8,0.15,2,0.25,1,1,1,1,0,76,0.1556,0.25,0.7686
3.51,7,8,2.8,0.71,3,0.375,1,1,0,1,0,42,0.25,0.375,0.5909
2.57,2,6,2.8,-0.23,3,0.375,1,1,1,0,1,82,0.1458,0.0,0.5803
2.67,8,10,3.2,-0.53,7,0.875,0,1,1,0,1,25,0.359,0.0,0.4147
3.69,5,9,3.2,0.49,6,0.75,1,1,1,0,0,19,0.4242,0.75,0.9884
3.04,9,9,3.2,-0.16,4,0.5,1,0,1,0,0,26,0.35,0.0,0.587
3.69,5,9,2.8,0.89,2,0.25,1,1,1,1,0,71,0.1647,0.25,0.6877
2.89,10,10,0.0,2.89,3,0.375,1,1,1,1,0,13,0.5185,0.375,0.8288
3.91,4,6,2.8,1.11,0,0.0,0,0,0,1,0,28,0.3333,0.0,0.2879
3.3,3,7,2.5,0.8,6,0.75,0,0,0,0,1,14,0.5,0.75,0.577
2.23,5,6,0.0,2.23,8,1.0,0,1,1,1,0,40,0.2593,1.0,0.853
3.77,8,8,2.8,0.97,7,0.875,1,1,1,1,0,28,0.3333,0.875,0.8895
2.98,5,8,3.0,-0.02,2,0.25,1,1,0,1,1,74,0.1591,0.0,0.4411
2.28,6,6,3.2,-0.92,4,0.5,0,1,1,0,0,69,0.1687,0.0,0.4041
2.31,8,9,3.0,-0.69,8,1.0,1,1,1,1,0,80,0.1489,0.0,0.5511
3.38,5,6,3.2,0.18,3,0.375,1,0,1,0,1,38,0.2692,0.375,0.7234
2.09,6,9,3.0,-0.91,7,0.875,1,1,1,0,0,48,0.2258,0.0,0.6157
2.57,5,9,3.0,-0.43,5,0.625,1,1,1,1,0,78,0.1522,0.0,0.6399
2.28,8,10,0.0,2.28,4,0.5,1,1,1,1,0,65,0.1772,0.5,0.8492
2.88,6,6,3.0,-0.12,5,0.625,0,1,0,0,0,86,0.14,0.0,0.3215
2.83,8,10,0.0,2.83,2,0.25,1,0,1,1,0,89,0.1359,0.25,0.7081
3.04,7,8,0.0,3.04,3,0.375,0,0,1,1,1,7,0.6667,0.375,0.6354
2.56,9,10,2.5,0.06,2,0.25,0,1,1,0,0,22,0.3889,0.25,0.6701
2.06,6,9,3.2,-1.14,6,0.75,1,1,0,0,0,64,0.1795,0.0,0.421
3.23,5,9,3.0,0.23,5,0.625,1,1,1,0,1,9,0.6087,0.625,0.8962
2.75,6,6,3.5,-0.75,3,0.375,1,1,1,1,1,8,0.6364,0.0,0.5005
3.3,8,9,3.5,-0.2,7,0.875,0,1,1,1,1,13,0.5185,0.0,0.6139
2.22,6,8,3.2,-0.98,4,0.5,1,1,0,0,1,7,0.6667,0.0,0.3775
2.03,8,10,0.0,2.03,8,1.0,1,0,1,0,1,60,0.1892,1.0,0.8353
2.5,9,9,3.2,-0.7,5,0.625,1,0,1,0,1,25,0.359,0.0,0.4647
2.91,5,6,3.2,-0.29,7,0.875,1,1,1,0,0,85,0.1414,0.0,0.7394
2.79,9,10,3.2,-0.41,8,1.0,1,1,1,1,0,10,0.5833,0.0,0.6837
3.62,5,6,2.5,1.12,2,0.25,1,1,1,0,0,42,0.25,0.25,0.7731
2.76,4,7,0.0,2.76,2,0.25,1,0,1,0,0,60,0.1892,0.25,0.6686
3.06,6,7,3.5,-0.44,7,0.875,1,1,1,0,0,33,0.2979,0.0,0.5957
3.19,10,10,2.5,0.69,2,0.25,1,0,1,1,0,65,0.1772,0.25,0.6608
2.04,3,6,2.8,-0.76,6,0.75,1,0,1,0,0,76,0.1556,0.0,0.5136
3.03,8,10,2.8,0.23,1,0.125,1,1,1,0,0,58,0.1944,0.125,0.6736
2.69,6,7,0.0,2.69,7,0.875,0,1,1,0,0,55,0.2029,0.875,0.8564
2.84,7,9,0.0,2.84,6,0.75,0,0,1,1,0,52,0.2121,0.75,0.7962
2.2,6,6,3.5,-1.3,4,0.5,0,1,1,0,0,90,0.1346,0.0,0.4222
3.57,5,7,3.2,0.37,4,0.5,1,1,0,0,0,71,0.1647,0.5,0.6124
3.88,6,9,3.2,0.68,5,0.625,0,1,0,0,0,6,0.7,0.625,0.5847
2.04,5,9,2.5,-0.46,3,0.375,0,1,1,0,0,70,0.1667,0.0,0.3531
3.2,10,10,2.5,0.7,3,0.375,1,0,1,1,0,15,0.4828,0.375,0.7421
3.53,9,10,2.8,0.73,1,0.125,0,1,0,1,1,79,0.1505,0.125,0.4596
2.57,6,8,2.8,-0.23,1,0.125,1,1,1,0,0,30,0.3182,0.0,0.4909
3.58,5,7,0.0,3.58,8,1.0,1,0,1,1,1,63,0.1818,1.0,0.8776
3.26,5,7,3.0,0.26,6,0.75,0,1,1,1,1,67,0.1728,0.75,0.8402
3.86,10,10,3.5,0.36,3,0.375,0,0,0,0,1,33,0.2979,0.375,0.4292
3.96,8,9,2.8,1.16,7,0.875,1,1,1,0,1,87,0.1386,0.875,1.0
2.08,10,10,2.8,-0.72,5,0.625,1,1,0,1,0,48,0.2258,0.0,0.2802
2.89,8,8,2.8,0.09,5,0.625,1,1,1,1,0,39,0.2642,0.625,0.913
3.09,7,8,0.0,3.09,1,0.125,0,0,0,0,0,45,0.2373,0.125,0.2964
2.29,8,10,2.5,-0.21,4,0.5,1,0,1,0,0,28,0.3333,0.0,0.6107
2.67,6,9,2.8,-0.13,0,0.0,1,1,1,1,0,10,0.5833,0.0,0.4466
3.98,6,7,2.8,1.18,6,0.75,1,0,1,0,1,89,0.1359,0.75,0.8465
2.03,7,8,2.8,-0.77,0,0.0,1,1,1,0,0,74,0.1591,0.0,0.3837
2.91,5,7,3.2,-0.29,4,0.5,1,1,1,0,0,74,0.1591,0.0,0.6864
3.69,5,9,2.5,1.19,3,0.375,1,0,0,1,1,83,0.1443,0.375,0.5412
2.65,6,6,0.0,2.65,1,0.125,1,1,1,1,0,56,0.2,0.125,0.7071
2.96,10,10,0.0,2.96,4,0.5,1,0,0,0,0,89,0.1359,0.5,0.5608
3.96,7,10,0.0,3.96,1,0.125,1,1,0,0,0,89,0.1359,0.125,0.5687
2.95,4,6,2.8,0.15,2,0.25,1,1,0,0,0,23,0.3784,0.25,0.5755
2.26,5,9,3.2,-0.94,8,1.0,1,1,1,1,0,40,0.2593,0.0,0.6346
2.1,6,6,3.2,-1.1,3,0.375,1,1,1,0,0,9,0.6087,0.0,0.4951
3.89,4,7,3.0,0.89,3,0.375,1,1,0,0,0,64,0.1795,0.375,0.6243
2.53,4,7,2.8,-0.27,0,0.0,0,0,1,0,0,10,0.5833,0.0,0.2794
3.01,6,8,2.5,0.51,2,0.25,1,0,1,0,0,69,0.1687,0.25,0.7108
2.18,7,10,2.8,-0.62,3,0.375,1,0,0,0,0,73,0.1609,0.0,0.1835
2.85,7,8,2.5,0.35,6,0.75,0,1,1,1,0,38,0.2692,0.75,0.7899
3.86,7,7,3.2,0.66,1,0.125,1,1,1,1,0,57,0.1972,0.125,0.6978
3.0,6,6,2.8,0.2,8,1.0,0,1,1,0,1,86,0.14,1.0,0.9418
3.94,8,10,2.5,1.44,1,0.125,1,1,0,1,0,69,0.1687,0.125,0.4906
2.52,3,7,2.5,0.02,5,0.625,0,1,0,1,0,40,0.2593,0.625,0.5565
3.01,8,8,0.0,3.01,0,0.0,0,0,1,1,0,82,0.1458,0.0,0.518
3.72,3,6,3.2,0.52,7,0.875,0,0,1,1,0,4,0.7778,0.875,0.7521
2.9,7,7,0.0,2.9,6,0.75,1,1,1,1,1,21,0.4,0.75,0.9931
2.56,5,8,0.0,2.56,7,0.875,1,1,0,0,1,30,0.3182,0.875,0.7258
3.71,8,10,2.5,1.21,8,1.0,0,1,1,0,0,33,0.2979,1.0,0.8661
2.78,5,7,3.2,-0.42,7,0.875,1,0,0,0,0,61,0.1867,0.0,0.3375
3.06,6,8,2.8,0.26,5,0.625,1,1,1,0,0,72,0.1628,0.625,0.9493
3.95,6,10,3.0,0.95,7,0.875,0,0,1,1,0,5,0.7368,0.875,0.7756
2.37,5,7,2.8,-0.43,0,0.0,0,1,0,0,0,24,0.3684,0.0,0.1311
2.6,5,7,0.0,2.6,5,0.625,0,0,1,1,0,74,0.1591,0.625,0.7124
2.06,6,6,3.2,-1.14,8,1.0,0,0,1,1,1,46,0.2333,0.0,0.3944
2.78,8,10,2.5,0.28,3,0.375,0,1,1,0,0,28,0.3333,0.375,0.7564
2.4,6,6,0.0,2.4,8,1.0,1,1,1,1,1,40,0.2593,1.0,0.9605
3.36,4,7,2.8,0.56,4,0.5,1,1,1,1,0,55,0.2029,0.5,0.9127
2.36,3,6,0.0,2.36,4,0.5,1,0,0,0,1,54,0.2059,0.5,0.6233
3.35,5,9,0.0,3.35,2,0.25,1,1,1,1,1,75,0.1573,0.25,0.8115
2.53,6,7,3.2,-0.67,0,0.0,1,1,1,0,0,89,0.1359,0.0,0.3828
2.71,5,9,2.8,-0.09,7,0.875,0,1,1,0,0,73,0.1609,0.0,0.6156
2.7,6,9,2.5,0.2,6,0.75,0,0,1,0,0,10,0.5833,0.75,0.7624
3.43,6,6,2.5,0.93,3,0.375,1,1,0,0,0,38,0.2692,0.375,0.5488
2.93,6,7,3.0,-0.07,8,1.0,0,1,0,0,0,44,0.2414,0.0,0.4156
2.72,4,6,0.0,2.72,1,0.125,0,1,0,1,1,57,0.1972,0.125,0.4437
3.71,6,6,0.0,3.71,7,0.875,1,1,1,1,1,87,0.1386,0.875,0.9477
3.14,7,8,3.0,0.14,4,0.5,0,1,1,0,1,41,0.2545,0.5,0.7232
2.43,7,7,3.0,-0.57,5,0.625,0,0,1,0,0,32,0.3043,0.0,0.3451
3.8,5,6,3.5,0.3,0,0.0,1,0,1,0,0,81,0.1474,0.0,0.6044
2.69,6,8,2.8,-0.11,5,0.625,0,0,1,0,0,67,0.1728,0.0,0.4294
2.08,4,8,0.0,2.08,6,0.75,1,1,1,0,0,42,0.25,0.75,0.9407
2.99,7,10,2.8,0.19,8,1.0,0,0,1,0,0,84,0.1429,1.0,0.7241
2.25,8,9,3.0,-0.75,3,0.375,1,0,1,1,0,28,0.3333,0.0,0.4223
2.48,4,7,0.0,2.48,0,0.0,1,1,1,1,0,22,0.3889,0.0,0.6959
3.49,7,8,2.8,0.69,0,0.0,1,0,1,0,0,2,0.875,0.0,0.6439
2.26,2,6,2.5,-0.24,1,0.125,1,1,1,1,0,8,0.6364,0.0,0.4523
3.61,3,7,3.2,0.41,2,0.25,0,1,1,1,0,78,0.1522,0.25,0.6954
3.87,5,8,3.2,0.67,7,0.875,1,1,1,0,0,7,0.6667,0.875,0.9976
3.21,3,6,2.8,0.41,1,0.125,1,1,1,0,1,69,0.1687,0.125,0.7007
3.42,10,10,3.5,-0.08,1,0.125,0,1,1,0,0,7,0.6667,0.0,0.3984
3.43,5,8,3.5,-0.07,0,0.0,0,1,0,0,0,21,0.4,0.0,0.2138
3.99,7,9,0.0,3.99,3,0.375,1,1,1,0,0,32,0.3043,0.375,0.8184
2.68,5,7,2.8,-0.12,5,0.625,1,1,1,0,0,20,0.4118,0.0,0.6116
2.33,7,10,3.0,-0.67,2,0.25,1,0,0,0,0,12,0.5385,0.0,0.198
3.04,7,7,0.0,3.04,4,0.5,1,1,1,0,0,89,0.1359,0.5,0.8777
3.07,9,10,2.8,0.27,2,0.25,1,1,0,0,1,37,0.2745,0.25,0.5721
2.36,4,8,2.5,-0.14,7,0.875,1,1,1,0,0,39,0.2642,0.0,0.7113
3.23,6,9,3.5,-0.27,0,0.0,1,1,0,0,0,68,0.1707,0.0,0.3225
2.03,3,7,2.8,-0.77,1,0.125,0,1,0,0,0,83,0.1443,0.0,0.1663
3.86,7,10,3.0,0.86,5,0.625,1,1,1,0,1,27,0.3415,0.625,0.8852
2.53,5,6,2.8,-0.27,7,0.875,0,1,0,0,0,41,0.2545,0.0,0.3823
2.08,6,6,0.0,2.08,3,0.375,1,0,1,1,1,44,0.2414,0.375,0.7213
2.22,6,8,3.2,-0.98,0,0.0,1,1,1,0,1,24,0.3684,0.0,0.3542
2.48,6,10,0.0,2.48,4,0.5,1,0,1,1,1,12,0.5385,0.5,0.7394
2.55,6,10,0.0,2.55,2,0.25,0,1,0,1,0,83,0.1443,0.25,0.436
2.07,8,10,2.8,-0.73,2,0.25,1,1,0,0,0,63,0.1818,0.0,0.2748
2.56,5,8,3.0,-0.44,8,1.0,0,1,0,0,1,62,0.1842,0.0,0.391
2.39,8,10,2.5,-0.11,8,1.0,0,1,1,1,1,29,0.3256,0.0,0.7098
2.76,4,8,0.0,2.76,2,0.25,1,1,1,0,1,60,0.1892,0.25,0.7363
2.77,5,8,2.5,0.27,5,0.625,1,1,1,1,1,13,0.5185,0.625,0.8893
2.68,4,6,2.5,0.18,4,0.5,1,0,0,1,0,11,0.56,0.5,0.5275
2.66,6,9,0.0,2.66,8,1.0,0,1,0,0,0,86,0.14,1.0,0.5467
2.18,4,7,2.8,-0.62,8,1.0,1,0,0,0,0,21,0.4,0.0,0.2933
2.05,3,6,0.0,2.05,3,0.375,1,0,0,1,0,70,0.1667,0.375,0.5209
2.4,3,7,2.5,-0.1,0,0.0,0,1,1,0,0,26,0.35,0.0,0.4099
3.51,6,9,3.0,0.51,0,0.0,1,1,0,0,0,59,0.1918,0.0,0.4493
3.98,4,7,3.0,0.98,0,0.0,0,1,1,1,0,56,0.2,0.0,0.5662
3.86,7,7,2.5,1.36,7,0.875,0,0,0,0,0,66,0.175,0.875,0.5306
3.01,7,7,2.5,0.51,6,0.75,1,1,1,1,0,86,0.14,0.75,0.9683
3.06,6,8,2.5,0.56,7,0.875,1,0,1,1,0,39,0.2642,0.875,0.8364
2.63,6,9,3.5,-0.87,1,0.125,1,0,0,0,0,78,0.1522,0.0,0.1254
3.55,7,9,2.5,1.05,0,0.0,0,0,1,0,0,27,0.3415,0.0,0.4967
3.53,5,6,2.5,1.03,1,0.125,0,1,1,0,0,87,0.1386,0.125,0.6157
3.69,4,7,2.8,0.89,5,0.625,1,1,1,1,0,45,0.2373,0.625,0.8336
3.79,8,9,2.5,1.29,0,0.0,1,0,1,0,0,76,0.1556,0.0,0.5726
2.87,7,7,2.5,0.37,5,0.625,1,0,1,0,0,75,0.1573,0.625,0.721
3.53,4,6,0.0,3.53,8,1.0,0,1,1,1,0,58,0.1944,1.0,0.8741
3.61,3,7,3.0,0.61,1,0.125,1,1,0,0,0,87,0.1386,0.125,0.4946
2.62,5,9,3.0,-0.38,6,0.75,1,0,1,0,1,61,0.1867,0.0,0.3961
3.86,9,9,3.0,0.86,4,0.5,0,1,1,1,0,55,0.2029,0.5,0.7842
2.19,4,6,3.0,-0.81,8,1.0,0,1,1,0,1,23,0.3784,0.0,0.539
3.99,6,9,2.5,1.49,2,0.25,0,1,1,0,0,34,0.2917,0.25,0.65
3.54,5,6,3.2,0.34,2,0.25,0,0,0,0,0,1,0.9333,0.25,0.4017
2.19,9,9,3.0,-0.81,0,0.0,0,1,1,0,1,65,0.1772,0.0,0.2916
3.31,6,8,3.2,0.11,6,0.75,0,1,1,0,0,55,0.2029,0.75,0.7528
2.07,3,6,3.0,-0.93,7,0.875,0,1,0,0,0,63,0.1818,0.0,0.3781
3.54,7,7,2.8,0.74,0,0.0,1,1,1,1,0,57,0.1972,0.0,0.6919
3.6,6,10,2.5,1.1,4,0.5,1,1,1,0,0,23,0.3784,0.5,0.8731
3.2,8,8,2.8,0.4,6,0.75,1,1,1,0,0,90,0.1346,0.75,0.9125
3.71,7,9,0.0,3.71,7,0.875,1,1,0,1,0,40,0.2593,0.875,0.7319
2.2,5,9,2.8,-0.6,8,1.0,0,0,1,0,0,63,0.1818,0.0,0.4065
2.55,3,6,0.0,2.55,6,0.75,1,1,0,1,0,13,0.5185,0.75,0.6958
2.83,9,10,0.0,2.83,8,1.0,1,1,1,0,1,54,0.2059,1.0,1.0
2.08,6,7,3.5,-1.42,8,1.0,1,1,1,0,0,37,0.2745,0.0,0.6335
2.9,5,9,3.0,-0.1,8,1.0,0,1,1,0,1,84,0.1429,0.0,0.6407
2.53,7,8,2.8,-0.27,3,0.375,0,0,1,0,0,69,0.1687,0.0,0.3843
2.79,8,8,2.5,0.29,3,0.375,1,1,0,1,0,85,0.1414,0.375,0.5583
2.85,6,7,2.8,0.05,3,0.375,0,1,1,1,0,29,0.3256,0.375,0.73
3.76,9,10,3.2,0.56,8,1.0,0,1,1,0,0,60,0.1892,1.0,0.8744
2.54,2,6,3.0,-0.46,2,0.25,0,1,0,0,0,57,0.1972,0.0,0.194
3.79,9,10,3.0,0.79,6,0.75,1,0,1,0,0,23,0.3784,0.75,0.7941
2.85,6,7,2.8,0.05,5,0.625,1,0,1,0,0,30,0.3182,0.625,0.7082
2.66,6,10,2.5,0.16,0,0.0,0,1,0,0,0,61,0.1867,0.0,0.4011
3.01,3,6,3.0,0.01,4,0.5,1,1,1,0,0,14,0.5,0.5,0.855
2.84,6,6,3.5,-0.66,1,0.125,1,1,1,0,0,37,0.2745,0.0,0.4474
2.51,6,6,2.8,-0.29,6,0.75,0,1,1,0,0,67,0.1728,0.0,0.6597
3.01,4,8,2.8,0.21,4,0.5,1,1,1,1,0,76,0.1556,0.5,0.8666
2.3,6,7,2.8,-0.5,3,0.375,0,1,0,0,0,54,0.2059,0.0,0.2068
2.7,6,8,2.8,-0.1,0,0.0,1,1,0,0,0,61,0.1867,0.0,0.2739
3.13,8,10,3.5,-0.37,1,0.125,1,1,0,0,1,75,0.1573,0.0,0.2824
2.83,4,6,3.0,-0.17,6,0.75,1,1,0,1,1,21,0.4,0.0,0.5677
3.65,8,8,2.8,0.85,7,0.875,1,1,1,1,0,62,0.1842,0.875,0.968
2.51,7,9,2.8,-0.29,2,0.25,0,1,1,0,0,67,0.1728,0.0,0.5371
3.94,6,8,2.8,1.14,7,0.875,1,1,1,1,1,74,0.1591,0.875,0.9711
3.57,9,10,0.0,3.57,4,0.5,1,0,1,1,0,55,0.2029,0.5,0.7319
3.94,7,9,2.8,1.14,3,0.375,1,1,1,0,0,14,0.5,0.375,0.8875
3.68,6,6,3.2,0.48,4,0.5,1,1,1,0,0,5,0.7368,0.5,0.9188
2.28,5,8,3.0,-0.72,6,0.75,0,1,1,1,0,56,0.2,0.0,0.4889
3.05,7,7,2.5,0.55,8,1.0,0,0,0,0,0,25,0.359,1.0,0.5996
2.34,5,6,3.0,-0.66,4,0.5,0,1,0,0,1,34,0.2917,0.0,0.2277
3.64,10,10,3.0,0.64,3,0.375,1,0,1,0,0,42,0.25,0.375,0.7018
3.17,4,7,2.5,0.67,6,0.75,1,1,1,0,0,68,0.1707,0.75,0.9148
2.53,4,6,3.0,-0.47,4,0.5,1,1,1,1,0,32,0.3043,0.0,0.5793
3.86,3,7,3.0,0.86,3,0.375,0,1,0,1,0,53,0.209,0.375,0.4778
2.23,10,10,3.2,-0.97,4,0.5,0,1,1,1,1,45,0.2373,0.0,0.4599
3.13,8,8,0.0,3.13,4,0.5,0,1,0,1,1,5,0.7368,0.5,0.6547
3.44,7,10,2.5,0.94,1,0.125,1,1,1,1,1,63,0.1818,0.125,0.7307
2.12,4,8,2.8,-0.68,0,0.0,1,1,1,0,0,49,0.2222,0.0,0.423
3.2,5,6,0.0,3.2,5,0.625,1,1,1,1,1,20,0.4118,0.625,0.9091
3.63,6,7,2.8,0.83,1,0.125,1,1,1,0,0,67,0.1728,0.125,0.6374
2.14,4,6,3.0,-0.86,4,0.5,1,1,1,0,0,9,0.6087,0.0,0.5648
3.02,4,8,0.0,3.02,7,0.875,0,0,1,1,0,24,0.3684,0.875,0.7693
2.52,7,7,2.8,-0.28,1,0.125,0,1,0,1,0,22,0.3889,0.0,0.3101
3.33,8,10,3.5,-0.17,3,0.375,0,1,0,0,0,59,0.1918,0.0,0.2907
2.24,6,7,2.8,-0.56,8,1.0,0,0,1,0,0,90,0.1346,0.0,0.4073
3.87,7,7,2.8,1.07,0,0.0,1,0,1,0,1,76,0.1556,0.0,0.6191
3.79,8,10,2.8,0.99,6,0.75,0,1,1,1,0,13,0.5185,0.75,0.8783
2.37,4,8,2.5,-0.13,1,0.125,1,1,0,0,0,6,0.7,0.0,0.3583
2.65,6,6,0.0,2.65,8,1.0,1,1,0,0,0,72,0.1628,1.0,0.7628
3.18,7,8,3.0,0.18,3,0.375,1,1,1,0,0,53,0.209,0.375,0.7874
3.44,7,7,2.8,0.64,0,0.0,1,1,1,1,0,33,0.2979,0.0,0.7337
2.89,8,9,2.5,0.39,6,0.75,0,1,1,1,0,80,0.1489,0.75,0.8345
2.31,8,8,0.0,2.31,1,0.125,1,0,0,1,0,17,0.4516,0.125,0.3547
2.21,9,9,3.2,-0.99,3,0.375,0,1,0,1,0,12,0.5385,0.0,0.11
4.0,7,10,0.0,4.0,4,0.5,1,1,1,0,1,45,0.2373,0.5,0.8533
2.91,5,9,3.0,-0.09,6,0.75,1,1,1,0,1,25,0.359,0.0,0.7248
3.75,3,7,2.8,0.95,3,0.375,0,0,1,0,0,21,0.4,0.375,0.6876
2.96,6,7,2.8,0.16,7,0.875,0,1,1,0,0,57,0.1972,0.875,0.8389
3.84,5,8,2.5,1.34,4,0.5,1,1,1,1,0,28,0.3333,0.5,0.8669
2.18,6,8,2.5,-0.32,3,0.375,1,1,0,0,0,53,0.209,0.0,0.2938
2.23,6,7,2.8,-0.57,3,0.375,1,1,1,1,1,52,0.2121,0.0,0.5448
3.86,8,10,3.0,0.86,7,0.875,1,1,1,0,0,72,0.1628,0.875,0.955
3.89,6,10,2.5,1.39,5,0.625,1,1,0,0,0,88,0.1373,0.625,0.6457
2.63,4,7,2.8,-0.17,1,0.125,1,1,1,1,0,57,0.1972,0.0,0.4795
2.71,5,9,2.8,-0.09,6,0.75,0,0,0,0,1,26,0.35,0.0,0.3039
2.9,7,10,2.5,0.4,3,0.375,1,1,1,0,1,52,0.2121,0.375,0.755
2.83,5,6,2.8,0.03,3,0.375,1,1,1,1,0,44,0.2414,0.375,0.7795
2.38,5,7,0.0,2.38,0,0.0,1,1,1,0,1,41,0.2545,0.0,0.7057
3.8,8,9,2.8,1.0,8,1.0,1,1,1,0,0,32,0.3043,1.0,0.93
2.51,4,8,0.0,2.51,0,0.0,1,1,1,0,0,8,0.6364,0.0,0.7582
3.41,8,9,2.8,0.61,8,1.0,1,1,1,1,1,23,0.3784,1.0,1.0
2.13,6,8,2.5,-0.37,0,0.0,1,1,1,0,0,54,0.2059,0.0,0.4308
2.08,3,6,2.8,-0.72,4,0.5,0,0,0,0,0,7,0.6667,0.0,0.1014
3.31,7,8,2.8,0.51,0,0.0,1,1,1,0,0,15,0.4828,0.0,0.6988
2.68,4,8,3.2,-0.52,4,0.5,0,0,0,0,0,52,0.2121,0.0,0.1347
3.31,8,10,2.8,0.51,7,0.875,1,1,1,1,0,90,0.1346,0.875,0.9412
2.19,4,6,3.2,-1.01,5,0.625,0,1,1,0,0,16,0.4667,0.0,0.4241
3.9,2,6,2.5,1.4,4,0.5,1,1,1,1,0,8,0.6364,0.5,0.853
3.5,6,6,2.8,0.7,1,0.125,1,0,1,1,0,32,0.3043,0.125,0.6076
3.75,5,8,0.0,3.75,8,1.0,0,1,1,0,0,7,0.6667,1.0,0.866
2.27,6,10,2.8,-0.53,3,0.375,1,1,1,1,0,81,0.1474,0.0,0.4595
2.64,7,9,3.0,-0.36,4,0.5,1,1,1,1,1,71,0.1647,0.0,0.6338
2.74,10,10,3.2,-0.46,8,1.0,0,1,1,1,0,11,0.56,0.0,0.5372
3.07,9,10,2.8,0.27,5,0.625,1,1,1,1,0,10,0.5833,0.625,0.8741
2.59,8,9,3.0,-0.41,6,0.75,1,1,1,0,0,49,0.2222,0.0,0.6241
2.12,9,9,2.5,-0.38,1,0.125,1,0,0,0,0,37,0.2745,0.0,0.1544
2.74,3,7,0.0,2.74,4,0.5,1,0,1,0,0,63,0.1818,0.5,0.7363
2.51,8,10,3.0,-0.49,4,0.5,0,1,0,1,0,84,0.1429,0.0,0.2365
2.77,6,9,2.5,0.27,1,0.125,0,1,1,0,0,31,0.3111,0.125,0.5707
2.39,9,10,0.0,2.39,3,0.375,0,0,1,1,1,71,0.1647,0.375,0.6117
2.52,10,10,3.5,-0.98,7,0.875,1,0,1,1,0,30,0.3182,0.0,0.4485
3.25,3,7,3.5,-0.25,8,1.0,0,1,1,0,0,21,0.4,0.0,0.5523
2.78,2,6,3.0,-0.22,7,0.875,1,0,1,1,1,88,0.1373,0.0,0.6901
2.69,10,10,2.8,-0.11,8,1.0,1,1,0,0,1,23,0.3784,0.0,0.571
3.07,6,8,3.2,-0.13,8,1.0,0,1,1,0,0,13,0.5185,0.0,0.6423
3.54,7,10,2.5,1.04,1,0.125,1,1,1,1,0,54,0.2059,0.125,0.6869
2.76,5,9,2.8,-0.04,7,0.875,1,1,1,0,0,54,0.2059,0.0,0.6513
3.18,4,7,2.8,0.38,5,0.625,0,0,1,0,0,44,0.2414,0.625,0.6789
3.93,3,7,3.2,0.73,7,0.875,0,0,1,1,0,8,0.6364,0.875,0.7095
3.04,6,9,3.2,-0.16,5,0.625,0,0,1,1,0,11,0.56,0.0,0.4565
3.82,3,7,3.0,0.82,1,0.125,1,1,1,1,0,69,0.1687,0.125,0.6743
3.59,3,7,0.0,3.59,5,0.625,0,1,1,0,0,15,0.4828,0.625,0.68
2.12,7,7,2.8,-0.68,6,0.75,1,0,0,0,0,25,0.359,0.0,0.3592
2.86,8,9,2.5,0.36,1,0.125,1,1,0,0,1,73,0.1609,0.125,0.456
3.4,6,6,3.2,0.2,4,0.5,0,1,1,0,0,31,0.3111,0.5,0.7508
3.97,3,6,0.0,3.97,5,0.625,1,0,1,1,1,32,0.3043,0.625,0.8161
2.92,3,6,0.0,2.92,4,0.5,1,0,1,0,0,83,0.1443,0.5,0.7462
2.19,6,9,3.0,-0.81,7,0.875,0,1,1,1,0,72,0.1628,0.0,0.5186
3.12,4,6,2.8,0.32,1,0.125,1,1,1,0,0,64,0.1795,0.125,0.6766
2.25,4,8,3.2,-0.95,3,0.375,0,1,1,0,0,18,0.4375,0.0,0.3853
3.5,3,6,0.0,3.5,8,1.0,1,0,1,0,0,26,0.35,1.0,0.8627
3.02,8,8,3.2,-0.18,4,0.5,0,1,1,0,0,54,0.2059,0.0,0.5049
3.45,3,6,0.0,3.45,1,0.125,1,0,1,0,0,76,0.1556,0.125,0.6157
3.74,5,6,0.0,3.74,1,0.125,1,1,1,1,0,46,0.2333,0.125,0.6641
3.26,5,8,2.8,0.46,5,0.625,1,1,1,1,1,67,0.1728,0.625,0.8746
3.22,9,9,2.5,0.72,8,1.0,1,1,0,1,0,30,0.3182,1.0,0.7616
3.51,5,6,2.8,0.71,0,0.0,0,0,0,0,1,33,0.2979,0.0,0.2837
3.68,8,8,0.0,3.68,0,0.0,1,0,1,1,1,55,0.2029,0.0,0.6649
3.74,8,10,0.0,3.74,3,0.375,0,1,1,1,0,52,0.2121,0.375,0.704
2.07,9,9,3.0,-0.93,1,0.125,0,0,1,0,0,12,0.5385,0.0,0.1429
3.11,6,9,2.5,0.61,1,0.125,0,1,1,1,0,35,0.2857,0.125,0.6359
2.43,5,7,3.0,-0.57,2,0.25,1,0,1,1,0,78,0.1522,0.0,0.3814
3.72,6,10,3.0,0.72,5,0.625,1,0,1,1,1,49,0.2222,0.625,0.7978
3.3,2,6,0.0,3.3,7,0.875,0,1,0,1,1,67,0.1728,0.875,0.6883
2.84,8,9,3.0,-0.16,2,0.25,1,0,0,0,0,75,0.1573,0.0,0.3208
2.38,5,8,2.5,-0.12,6,0.75,1,1,1,0,1,26,0.35,0.0,0.7072
2.68,2,6,2.8,-0.12,7,0.875,0,1,1,0,0,22,0.3889,0.0,0.7046
3.41,7,10,0.0,3.41,0,0.0,1,0,0,0,0,53,0.209,0.0,0.4596
2.41,6,9,3.2,-0.79,7,0.875,1,1,0,0,0,44,0.2414,0.0,0.4047
2.19,6,7,2.8,-0.61,1,0.125,1,1,1,0,0,82,0.1458,0.0,0.3909
3.78,2,6,2.8,0.98,6,0.75,1,1,1,1,0,17,0.4516,0.75,0.9301
3.53,5,9,3.5,0.03,6,0.75,1,1,1,0,0,39,0.2642,0.75,0.9135
2.4,7,8,2.5,-0.1,7,0.875,0,1,1,1,0,5,0.7368,0.0,0.625
2.58,2,6,3.2,-0.62,3,0.375,1,1,0,1,1,33,0.2979,0.0,0.3475
3.94,8,10,3.0,0.94,5,0.625,0,1,1,0,0,53,0.209,0.625,0.7173
3.42,8,9,3.5,-0.08,0,0.0,0,1,0,0,0,72,0.1628,0.0,0.2457
3.22,6,8,3.2,0.02,4,0.5,0,1,0,1,0,76,0.1556,0.5,0.6023
2.62,3,7,3.5,-0.88,8,1.0,1,0,1,0,0,1,0.9333,0.0,0.5229
2.6,6,7,0.0,2.6,1,0.125,1,0,1,0,0,79,0.1505,0.125,0.6011
2.08,4,8,3.0,-0.92,1,0.125,1,0,1,1,0,62,0.1842,0.0,0.3212
3.46,3,6,3.2,0.26,6,0.75,0,0,1,0,0,19,0.4242,0.75,0.7895
2.09,3,7,3.0,-0.91,4,0.5,1,1,1,0,0,20,0.4118,0.0,0.5377
2.01,5,7,2.5,-0.49,4,0.5,0,1,0,1,0,70,0.1667,0.0,0.2809
3.46,5,6,3.5,-0.04,2,0.25,1,0,1,0,0,63,0.1818,0.0,0.5753
3.9,5,6,2.5,1.4,1,0.125,0,1,1,0,0,19,0.4242,0.125,0.6185
3.51,3,7,2.8,0.71,6,0.75,1,1,0,0,0,40,0.2593,0.75,0.6972
2.94,4,7,2.8,0.14,3,0.375,1,1,1,0,0,78,0.1522,0.375,0.8237
2.97,3,7,2.5,0.47,6,0.75,1,1,0,0,1,2,0.875,0.75,0.7836
2.87,6,9,3.0,-0.13,3,0.375,1,1,0,0,0,47,0.2295,0.0,0.3638
2.65,5,8,0.0,2.65,3,0.375,1,1,1,0,0,79,0.1505,0.375,0.7446
3.04,5,6,3.0,0.04,2,0.25,1,0,0,1,1,1,0.9333,0.25,0.542
2.86,9,10,3.2,-0.34,5,0.625,1,0,1,1,0,50,0.2188,0.0,0.4776
3.2,9,9,2.5,0.7,2,0.25,1,1,1,0,1,51,0.2154,0.25,0.7327
3.8,5,8,3.0,0.8,8,1.0,1,0,1,1,0,29,0.3256,1.0,0.8465
3.99,2,6,2.5,1.49,3,0.375,1,0,1,0,0,49,0.2222,0.375,0.6827
2.16,6,10,3.2,-1.04,7,0.875,1,0,1,1,1,64,0.1795,0.0,0.5475
2.77,9,9,3.5,-0.73,4,0.5,1,1,1,0,0,26,0.35,0.0,0.5597
2.36,8,8,2.5,-0.14,3,0.375,1,1,1,1,0,45,0.2373,0.0,0.5195
2.7,3,6,3.0,-0.3,4,0.5,0,1,1,1,0,49,0.2222,0.0,0.5155
2.57,6,6,2.8,-0.23,3,0.375,1,1,1,0,0,4,0.7778,0.0,0.5705
2.35,5,7,2.8,-0.45,4,0.5,1,1,1,0,0,20,0.4118,0.0,0.633
3.53,3,7,3.0,0.53,7,0.875,1,1,0,0,0,59,0.1918,0.875,0.8385
2.99,4,7,2.8,0.19,6,0.75,1,1,1,0,1,45,0.2373,0.75,0.9377
3.84,5,8,3.0,0.84,0,0.0,0,0,1,0,0,88,0.1373,0.0,0.5018
2.07,5,6,2.5,-0.43,0,0.0,1,0,1,1,0,77,0.1538,0.0,0.2423
2.13,3,7,2.8,-0.67,0,0.0,1,1,1,0,0,20,0.4118,0.0,0.4362
2.81,6,10,3.2,-0.39,6,0.75,0,1,1,0,0,90,0.1346,0.0,0.558
2.16,9,10,0.0,2.16,1,0.125,1,1,0,1,0,78,0.1522,0.125,0.5176
2.53,3,6,2.8,-0.27,3,0.375,0,1,1,1,0,38,0.2692,0.0,0.4402
3.97,6,9,2.5,1.47,7,0.875,1,1,1,0,1,56,0.2,0.875,1.0
2.42,10,10,3.2,-0.78,1,0.125,1,0,0,1,0,26,0.35,0.0,0.1608
2.4,8,8,2.8,-0.4,1,0.125,1,1,1,1,0,8,0.6364,0.0,0.4518
3.15,5,7,2.8,0.35,0,0.0,0,1,1,1,0,22,0.3889,0.0,0.6397
3.0,8,8,2.5,0.5,2,0.25,0,1,1,0,0,66,0.175,0.25,0.6845
3.16,7,7,2.8,0.36,0,0.0,0,0,0,0,0,52,0.2121,0.0,0.3328
2.75,5,7,3.5,-0.75,5,0.625,1,0,1,0,0,40,0.2593,0.0,0.3877
3.65,10,10,2.8,0.85,6,0.75,1,1,1,1,0,44,0.2414,0.75,0.8466
2.28,5,9,2.8,-0.52,1,0.125,1,0,0,1,0,72,0.1628,0.0,0.0492
2.86,4,8,3.0,-0.14,4,0.5,1,0,1,1,1,63,0.1818,0.0,0.5777
3.38,6,6,2.8,0.58,2,0.25,0,1,1,0,1,58,0.1944,0.25,0.6568
3.74,6,10,2.8,0.94,0,0.0,0,1,0,0,0,46,0.2333,0.0,0.4179
2.74,5,6,2.5,0.24,4,0.5,1,0,1,1,0,1,0.9333,0.5,0.7847
3.14,7,9,2.5,0.64,6,0.75,1,1,1,0,1,31,0.3111,0.75,0.9364
2.14,6,7,3.0,-0.86,2,0.25,0,0,1,0,0,12,0.5385,0.0,0.2226
2.34,6,7,3.2,-0.86,7,0.875,1,1,1,1,0,70,0.1667,0.0,0.5492
2.14,2,6,3.2,-1.06,8,1.0,1,1,0,1,0,32,0.3043,0.0,0.4016
3.46,4,7,3.2,0.26,0,0.0,0,1,1,0,0,23,0.3784,0.0,0.5783
2.58,8,9,2.8,-0.22,1,0.125,0,0,1,1,1,44,0.2414,0.0,0.3702
3.45,8,8,2.5,0.95,2,0.25,1,1,0,0,0,44,0.2414,0.25,0.6043
2.13,6,6,3.0,-0.87,7,0.875,0,1,1,0,0,84,0.1429,0.0,0.5656
3.73,7,7,3.5,0.23,1,0.125,1,1,1,0,0,17,0.4516,0.125,0.7054
3.67,6,6,3.0,0.67,4,0.5,1,1,1,0,0,74,0.1591,0.5,0.9375
2.18,8,8,2.8,-0.62,4,0.5,1,0,0,0,1,20,0.4118,0.0,0.2563
2.05,8,10,3.0,-0.95,1,0.125,1,0,1,0,0,73,0.1609,0.0,0.3276
2.11,7,10,3.0,-0.89,0,0.0,0,1,1,0,1,49,0.2222,0.0,0.3421
3.71,8,10,3.2,0.51,1,0.125,1,1,1,0,0,49,0.2222,0.125,0.735
2.47,5,6,3.0,-0.53,0,0.0,0,1,1,0,1,64,0.1795,0.0,0.2679
3.1,6,8,2.8,0.3,4,0.5,1,0,1,1,1,9,0.6087,0.5,0.8883
2.85,6,6,2.5,0.35,8,1.0,1,0,1,0,0,72,0.1628,1.0,0.835
3.59,7,8,2.8,0.79,3,0.375,1,0,0,0,1,68,0.1707,0.375,0.5008
2.98,5,8,2.5,0.48,2,0.25,1,0,1,0,0,18,0.4375,0.25,0.6878
3.0,9,9,3.5,-0.5,2,0.25,0,1,1,0,0,8,0.6364,0.0,0.4558
3.98,7,7,2.8,1.18,8,1.0,1,0,1,1,0,66,0.175,1.0,0.8657
2.3,4,6,2.8,-0.5,8,1.0,1,1,0,1,0,9,0.6087,0.0,0.3846
3.66,4,8,2.5,1.16,5,0.625,0,0,1,0,1,53,0.209,0.625,0.7549
2.1,5,8,3.0,-0.9,4,0.5,0,1,1,0,1,23,0.3784,0.0,0.4734
2.96,9,9,2.8,0.16,1,0.125,1,1,1,0,0,65,0.1772,0.125,0.6842
3.77,2,6,0.0,3.77,8,1.0,1,0,0,0,1,84,0.1429,1.0,0.6045
3.33,7,9,3.2,0.13,0,0.0,0,0,1,1,0,76,0.1556,0.0,0.538
3.37,7,8,2.8,0.57,1,0.125,0,1,0,0,0,68,0.1707,0.125,0.3655
2.53,6,9,2.8,-0.27,6,0.75,1,0,0,1,1,58,0.1944,0.0,0.502
2.84,10,10,2.5,0.34,1,0.125,1,0,1,1,0,7,0.6667,0.125,0.649
2.73,5,7,2.8,-0.07,0,0.0,1,1,1,0,1,86,0.14,0.0,0.494
3.04,5,9,3.0,0.04,5,0.625,0,1,1,0,0,83,0.1443,0.625,0.7417
2.92,3,6,3.2,-0.28,0,0.0,1,1,0,1,0,6,0.7,0.0,0.3012
2.65,7,10,0.0,2.65,2,0.25,1,0,0,1,0,71,0.1647,0.25,0.4429
2.61,5,8,3.5,-0.89,5,0.625,1,0,1,0,0,10,0.5833,0.0,0.4492
2.5,9,9,3.0,-0.5,1,0.125,1,1,0,1,0,55,0.2029,0.0,0.2549
2.73,6,9,2.5,0.23,6,0.75,1,1,1,0,0,23,0.3784,0.75,0.9666
2.3,7,9,2.5,-0.2,0,0.0,1,0,0,0,0,12,0.5385,0.0,0.1867
3.74,5,7,2.5,1.24,5,0.625,0,1,0,1,1,21,0.4,0.625,0.6548
3.2,6,9,3.2,0.0,0,0.0,0,1,1,0,0,29,0.3256,0.0,0.5605
2.27,6,8,2.5,-0.23,6,0.75,0,1,0,0,0,32,0.3043,0.0,0.4536
3.39,6,9,2.8,0.59,6,0.75,0,1,1,0,0,28,0.3333,0.75,0.778
3.7,5,9,3.0,0.7,7,0.875,1,1,1,1,0,42,0.25,0.875,1.0
2.48,6,8,3.2,-0.72,2,0.25,0,1,0,1,0,58,0.1944,0.0,0.1491
2.3,4,6,3.0,-0.7,2,0.25,1,0,1,1,0,42,0.25,0.0,0.394
2.02,3,7,3.0,-0.98,8,1.0,0,1,1,1,0,53,0.209,0.0,0.5271
2.09,9,10,2.5,-0.41,6,0.75,1,1,1,0,1,35,0.2857,0.0,0.5892
3.52,7,8,3.2,0.32,1,0.125,1,1,0,0,0,25,0.359,0.125,0.5397
3.97,6,9,2.5,1.47,0,0.0,0,1,1,0,0,14,0.5,0.0,0.578
2.09,5,7,0.0,2.09,3,0.375,1,0,1,0,0,28,0.3333,0.375,0.6765
3.5,6,9,3.5,0.0,5,0.625,1,1,0,1,0,18,0.4375,0.625,0.6444
2.14,7,8,2.5,-0.36,3,0.375,1,1,0,0,0,47,0.2295,0.0,0.3746
3.18,3,7,0.0,3.18,7,0.875,1,1,1,1,0,59,0.1918,0.875,0.897
3.51,5,6,3.0,0.51,4,0.5,1,1,0,0,0,77,0.1538,0.5,0.6822
2.72,3,7,2.5,0.22,8,1.0,1,0,0,1,1,27,0.3415,1.0,0.6751
2.02,4,8,0.0,2.02,7,0.875,1,1,1,0,0,12,0.5385,0.875,0.9874
3.19,4,7,3.0,0.19,4,0.5,0,1,1,1,1,74,0.1591,0.5,0.9079
3.98,3,7,3.0,0.98,7,0.875,0,1,1,0,0,66,0.175,0.875,0.8185
2.52,5,7,3.0,-0.48,4,0.5,1,0,1,0,0,29,0.3256,0.0,0.4856
2.38,3,7,2.5,-0.12,0,0.0,1,1,0,1,0,90,0.1346,0.0,0.3046
2.25,6,9,2.8,-0.55,2,0.25,1,0,1,1,1,58,0.1944,0.0,0.4615
3.11,4,8,3.2,-0.09,3,0.375,1,1,1,0,0,68,0.1707,0.0,0.5801
3.19,8,8,2.5,0.69,8,1.0,1,0,1,1,0,32,0.3043,1.0,0.8862
3.58,5,6,2.5,1.08,7,0.875,0,1,0,0,0,40,0.2593,0.875,0.6278
3.51,5,8,0.0,3.51,1,0.125,1,0,0,1,1,32,0.3043,0.125,0.546
3.79,6,10,2.8,0.99,0,0.0,1,0,1,0,0,66,0.175,0.0,0.5123
3.61,9,9,2.5,1.11,4,0.5,1,1,1,1,0,74,0.1591,0.5,0.8801
2.49,7,8,3.0,-0.51,4,0.5,0,1,0,0,1,78,0.1522,0.0,0.2396
3.11,7,7,3.5,-0.39,6,0.75,0,1,1,1,1,30,0.3182,0.0,0.5881
2.59,3,7,2.5,0.09,2,0.25,1,1,0,1,0,70,0.1667,0.25,0.5939
2.66,3,6,3.0,-0.34,7,0.875,1,1,1,1,0,62,0.1842,0.0,0.6423
3.86,2,6,2.5,1.36,3,0.375,1,1,1,1,0,2,0.875,0.375,0.8275
3.36,7,9,0.0,3.36,3,0.375,0,0,1,1,1,72,0.1628,0.375,0.6551
3.95,6,10,3.0,0.95,3,0.375,1,0,1,0,0,12,0.5385,0.375,0.7587
2.83,6,10,2.8,0.03,8,1.0,1,1,1,0,1,12,0.5385,1.0,0.8394
3.07,7,9,3.5,-0.43,3,0.375,1,1,1,0,0,10,0.5833,0.0,0.5839
2.97,10,10,2.8,0.17,5,0.625,1,0,1,0,1,50,0.2188,0.625,0.8736
2.21,7,8,2.5,-0.29,8,1.0,1,1,1,0,0,3,0.8235,0.0,0.65
2.47,6,7,2.8,-0.33,0,0.0,1,1,1,1,0,46,0.2333,0.0,0.4419
3.06,7,7,2.5,0.56,4,0.5,1,1,1,0,1,65,0.1772,0.5,0.9199
2.13,7,7,3.2,-1.07,6,0.75,1,0,1,0,1,49,0.2222,0.0,0.5367
3.86,5,9,3.0,0.86,8,1.0,0,1,1,0,1,25,0.359,1.0,0.917
2.25,3,6,2.5,-0.25,0,0.0,1,1,1,1,0,31,0.3111,0.0,0.5349
2.4,9,10,2.8,-0.4,6,0.75,1,1,1,0,0,65,0.1772,0.0,0.5587
3.53,9,9,3.0,0.53,7,0.875,1,1,1,0,1,31,0.3111,0.875,0.9959
2.19,6,7,3.0,-0.81,3,0.375,1,0,1,0,0,60,0.1892,0.0,0.3954
3.8,8,9,0.0,3.8,6,0.75,1,1,1,0,0,62,0.1842,0.75,0.9962
3.45,3,6,0.0,3.45,4,0.5,0,1,1,0,0,48,0.2258,0.5,0.7036
2.14,5,8,0.0,2.14,5,0.625,0,1,0,1,0,34,0.2917,0.625,0.5226
3.38,2,6,2.8,0.58,3,0.375,0,1,1,1,0,6,0.7,0.375,0.7194
3.26,3,6,2.8,0.46,1,0.125,0,1,1,1,0,68,0.1707,0.125,0.6596
3.51,2,6,0.0,3.51,7,0.875,0,0,1,0,1,28,0.3333,0.875,0.8082
3.66,9,9,2.8,0.86,1,0.125,1,0,1,0,0,41,0.2545,0.125,0.5772
3.44,5,9,2.8,0.64,1,0.125,0,1,0,0,0,3,0.8235,0.125,0.39
3.17,7,10,0.0,3.17,7,0.875,1,1,1,1,0,67,0.1728,0.875,1.0
2.64,10,10,3.2,-0.56,8,1.0,1,1,0,1,0,82,0.1458,0.0,0.3779
3.39,10,10,2.8,0.59,5,0.625,0,1,0,0,1,80,0.1489,0.625,0.5983
3.91,7,10,2.8,1.11,5,0.625,1,1,1,0,1,28,0.3333,0.625,0.8532
3.18,4,6,2.8,0.38,3,0.375,1,1,1,1,0,9,0.6087,0.375,0.8377
3.33,7,9,2.5,0.83,5,0.625,1,1,0,0,1,9,0.6087,0.625,0.6666
2.87,9,9,3.2,-0.33,5,0.625,1,1,1,1,0,35,0.2857,0.0,0.5465
3.51,5,6,2.8,0.71,4,0.5,1,0,0,0,0,1,0.9333,0.5,0.5802
4.0,4,6,2.8,1.2,5,0.625,0,1,1,1,1,17,0.4516,0.625,0.7994
2.32,7,10,3.2,-0.88,4,0.5,1,1,0,0,1,56,0.2,0.0,0.3278
2.4,7,10,3.2,-0.8,7,0.875,0,1,0,1,0,4,0.7778,0.0,0.321
3.08,6,7,3.2,-0.12,6,0.75,1,1,1,1,0,56,0.2,0.0,0.7956
2.96,6,6,2.5,0.46,3,0.375,0,0,1,0,0,79,0.1505,0.375,0.5651
3.14,3,7,2.5,0.64,5,0.625,1,1,1,1,0,90,0.1346,0.625,0.8317
2.1,5,6,3.0,-0.9,2,0.25,1,0,1,0,0,88,0.1373,0.0,0.3704
2.81,7,9,2.8,0.01,1,0.125,0,0,1,0,0,26,0.35,0.125,0.4722
3.17,3,7,3.0,0.17,7,0.875,0,1,1,0,0,59,0.1918,0.875,0.7783
3.17,2,6,3.0,0.17,5,0.625,0,1,1,1,0,5,0.7368,0.625,0.8438
3.31,7,10,2.5,0.81,0,0.0,1,1,1,0,0,22,0.3889,0.0,0.7032
3.44,7,10,2.5,0.94,3,0.375,1,1,1,0,0,71,0.1647,0.375,0.7959
3.28,6,10,2.8,0.48,8,1.0,0,0,1,0,0,19,0.4242,1.0,0.6729
3.58,7,10,2.5,1.08,5,0.625,1,1,0,0,0,28,0.3333,0.625,0.6479
3.25,6,6,3.0,0.25,7,0.875,0,0,1,0,1,37,0.2745,0.875,0.6871
3.08,8,9,3.0,0.08,4,0.5,1,1,1,0,0,30,0.3182,0.5,0.8642
3.21,6,9,2.8,0.41,0,0.0,1,1,1,1,0,67,0.1728,0.0,0.7054
2.2,8,9,3.0,-0.8,1,0.125,1,1,1,0,0,82,0.1458,0.0,0.4053
2.55,5,7,2.8,-0.25,0,0.0,1,1,1,1,0,49,0.2222,0.0,0.4933
3.05,6,7,3.0,0.05,6,0.75,0,1,1,0,0,52,0.2121,0.75,0.8034
3.75,7,10,2.5,1.25,6,0.75,0,1,1,0,1,66,0.175,0.75,0.8298
3.36,2,6,3.0,0.36,4,0.5,1,1,0,0,1,37,0.2745,0.5,0.6793
2.18,6,9,3.0,-0.82,6,0.75,0,1,1,0,0,41,0.2545,0.0,0.4768
3.18,9,9,2.5,0.68,4,0.5,0,1,0,1,0,86,0.14,0.5,0.5275
2.44,7,9,2.8,-0.36,6,0.75,0,0,0,0,1,35,0.2857,0.0,0.2042
3.47,4,8,3.2,0.27,6,0.75,1,1,1,0,0,24,0.3684,0.75,0.9112
3.65,9,9,2.5,1.15,4,0.5,1,1,0,0,0,2,0.875,0.5,0.6769
3.19,10,10,3.0,0.19,5,0.625,1,0,1,1,0,2,0.875,0.625,0.7573
3.18,7,9,3.5,-0.32,2,0.25,1,1,1,0,0,70,0.1667,0.0,0.4922
2.68,5,6,3.2,-0.52,6,0.75,0,0,1,0,0,21,0.4,0.0,0.4494
2.89,3,7,2.8,0.09,8,1.0,1,1,0,0,1,67,0.1728,1.0,0.7382
3.73,5,7,3.0,0.73,1,0.125,1,1,1,0,0,4,0.7778,0.125,0.6567
3.45,7,7,3.5,-0.05,6,0.75,0,1,1,1,1,72,0.1628,0.0,0.5797
3.04,5,7,2.8,0.24,0,0.0,1,1,1,0,1,37,0.2745,0.0,0.7735
2.74,3,7,0.0,2.74,3,0.375,1,1,1,0,1,74,0.1591,0.375,0.8343
2.1,8,9,0.0,2.1,6,0.75,1,1,1,0,1,75,0.1573,0.75,0.9489
2.29,5,6,3.0,-0.71,2,0.25,1,1,1,1,0,52,0.2121,0.0,0.5165
2.39,8,9,2.8,-0.41,2,0.25,1,1,1,0,0,88,0.1373,0.0,0.5311
2.75,8,9,2.5,0.25,3,0.375,1,1,1,1,0,86,0.14,0.375,0.7857
3.89,6,10,2.5,1.39,1,0.125,1,1,1,1,0,64,0.1795,0.125,0.6566
3.01,2,6,3.0,0.01,5,0.625,1,1,1,0,0,45,0.2373,0.625,0.9476
2.47,6,7,2.8,-0.33,1,0.125,1,1,1,1,1,84,0.1429,0.0,0.4725
2.21,10,10,3.2,-0.99,2,0.25,1,0,1,0,1,88,0.1373,0.0,0.3547
2.68,4,8,3.0,-0.32,2,0.25,0,1,1,0,0,37,0.2745,0.0,0.4115
3.63,6,8,3.5,0.13,8,1.0,1,1,1,0,0,30,0.3182,1.0,0.9522
2.77,4,6,3.2,-0.43,8,1.0,1,1,1,0,0,28,0.3333,0.0,0.663
3.55,6,9,2.5,1.05,0,0.0,1,1,1,0,0,85,0.1414,0.0,0.7184
3.61,6,7,3.0,0.61,1,0.125,1,0,1,1,1,14,0.5,0.125,0.6332
2.22,10,10,0.0,2.22,6,0.75,1,1,1,1,0,1,0.9333,0.75,0.9685
3.22,7,7,3.5,-0.28,2,0.25,1,1,0,1,0,46,0.2333,0.0,0.4117
3.92,2,6,2.5,1.42,5,0.625,1,0,1,0,1,86,0.14,0.625,0.7448
2.8,6,8,3.0,-0.2,8,1.0,0,1,0,0,0,30,0.3182,0.0,0.4779
2.1,8,8,3.2,-1.1,1,0.125,1,1,1,0,1,46,0.2333,0.0,0.3992
3.85,5,8,2.5,1.35,8,1.0,1,1,1,1,0,10,0.5833,1.0,1.0
3.77,10,10,3.2,0.57,0,0.0,0,0,1,0,0,74,0.1591,0.0,0.4443
3.04,5,7,0.0,3.04,2,0.25,0,1,1,0,0,84,0.1429,0.25,0.7087
3.1,5,7,2.8,0.3,4,0.5,1,1,0,1,1,58,0.1944,0.5,0.6794
2.42,6,9,2.8,-0.38,7,0.875,1,1,0,1,0,12,0.5385,0.0,0.4146
3.64,6,6,2.8,0.84,4,0.5,1,0,1,0,1,9,0.6087,0.5,0.8312
3.0,8,10,2.8,0.2,1,0.125,0,0,0,1,1,67,0.1728,0.125,0.3471
2.07,5,7,3.2,-1.13,2,0.25,1,1,1,0,1,12,0.5385,0.0,0.5739
3.37,5,7,2.5,0.87,6,0.75,0,0,1,1,1,7,0.6667,0.75,0.8382
3.9,2,6,2.8,1.1,5,0.625,0,0,1,1,1,81,0.1474,0.625,0.6934
3.66,6,7,3.2,0.46,0,0.0,1,1,1,1,1,48,0.2258,0.0,0.7708
2.55,5,8,3.0,-0.45,4,0.5,1,1,1,0,0,54,0.2059,0.0,0.5705
2.11,6,9,0.0,2.11,3,0.375,1,1,1,0,1,61,0.1867,0.375,0.822
3.88,9,10,3.5,0.38,0,0.0,0,0,1,0,1,32,0.3043,0.0,0.4882
3.87,5,9,0.0,3.87,2,0.25,0,1,0,0,0,22,0.3889,0.25,0.4988
3.06,6,7,2.8,0.26,8,1.0,1,1,1,1,0,47,0.2295,1.0,0.9579
3.28,8,10,2.8,0.48,6,0.75,0,1,1,0,0,7,0.6667,0.75,0.8706
2.93,5,6,3.0,-0.07,0,0.0,0,0,1,0,1,27,0.3415,0.0,0.3617
2.84,3,7,0.0,2.84,0,0.0,0,0,1,0,1,54,0.2059,0.0,0.4279
2.24,6,7,2.5,-0.26,3,0.375,0,1,1,0,0,85,0.1414,0.0,0.4939
2.19,5,8,3.0,-0.81,4,0.5,1,0,1,0,1,55,0.2029,0.0,0.412
2.47,7,7,0.0,2.47,4,0.5,0,1,1,0,0,68,0.1707,0.5,0.7111
3.67,7,10,2.8,0.87,6,0.75,1,0,1,1,0,29,0.3256,0.75,0.804
2.29,3,7,3.0,-0.71,1,0.125,1,0,1,1,1,6,0.7,0.0,0.3252
2.45,5,7,3.0,-0.55,0,0.0,1,1,1,1,1,34,0.2917,0.0,0.4406
3.1,5,9,2.5,0.6,6,0.75,1,1,1,1,0,63,0.1818,0.75,0.951
2.43,5,8,2.5,-0.07,8,1.0,1,1,1,0,1,5,0.7368,0.0,0.7417
2.33,7,8,3.5,-1.17,1,0.125,1,1,0,1,1,78,0.1522,0.0,0.2336
3.13,8,10,2.8,0.33,3,0.375,0,0,1,0,1,27,0.3415,0.375,0.6521
2.74,7,8,0.0,2.74,5,0.625,1,1,1,0,1,62,0.1842,0.625,0.8564
3.25,6,6,2.5,0.75,1,0.125,0,0,1,0,0,80,0.1489,0.125,0.4284
3.82,7,9,2.5,1.32,7,0.875,1,1,1,0,0,56,0.2,0.875,0.93
2.3,7,9,3.5,-1.2,2,0.25,1,1,1,1,0,16,0.4667,0.0,0.4719
3.83,3,7,2.5,1.33,4,0.5,0,1,1,0,0,24,0.3684,0.5,0.6341
3.8,7,10,0.0,3.8,3,0.375,0,0,1,0,0,43,0.2456,0.375,0.637
3.66,6,7,2.8,0.86,6,0.75,0,1,1,0,0,89,0.1359,0.75,0.8335
3.26,2,6,0.0,3.26,1,0.125,0,1,1,0,0,61,0.1867,0.125,0.5602
3.24,3,6,2.5,0.74,0,0.0,1,1,1,1,0,56,0.2,0.0,0.6616
3.28,5,9,3.5,-0.22,4,0.5,0,0,1,0,0,73,0.1609,0.0,0.4905
3.38,7,7,3.0,0.38,7,0.875,1,1,1,0,0,13,0.5185,0.875,0.9791
2.03,6,8,0.0,2.03,5,0.625,1,1,1,1,0,8,0.6364,0.625,0.8753
3.92,8,9,2.8,1.12,6,0.75,0,1,1,1,0,53,0.209,0.75,0.7833
3.17,9,10,2.5,0.67,3,0.375,0,1,0,0,0,54,0.2059,0.375,0.494
3.56,5,8,0.0,3.56,1,0.125,1,1,1,0,1,24,0.3684,0.125,0.7188
2.75,6,10,2.8,-0.05,3,0.375,1,1,1,1,0,57,0.1972,0.0,0.6126
2.02,4,7,2.8,-0.78,8,1.0,1,1,1,0,0,14,0.5,0.0,0.5775
3.02,6,10,3.0,0.02,7,0.875,0,0,1,0,1,18,0.4375,0.875,0.7389
3.01,4,7,3.2,-0.19,6,0.75,1,0,1,0,0,81,0.1474,0.0,0.6208
2.87,3,6,2.5,0.37,2,0.25,1,1,1,0,0,3,0.8235,0.25,0.8212
2.68,8,9,3.5,-0.82,5,0.625,0,1,1,1,0,51,0.2154,0.0,0.4932
2.5,6,9,2.8,-0.3,5,0.625,1,1,1,1,0,76,0.1556,0.0,0.724
3.06,6,10,2.5,0.56,5,0.625,1,0,1,0,0,65,0.1772,0.625,0.8233
2.75,10,10,3.2,-0.45,8,1.0,1,1,1,1,1,40,0.2593,0.0,0.7625
3.94,2,6,0.0,3.94,6,0.75,0,1,0,1,0,29,0.3256,0.75,0.678
2.35,6,9,2.8,-0.45,1,0.125,1,1,1,0,1,6,0.7,0.0,0.4164
2.64,6,9,3.0,-0.36,1,0.125,0,1,1,1,0,12,0.5385,0.0,0.4013
2.59,5,9,2.5,0.09,5,0.625,1,1,1,1,1,53,0.209,0.625,0.8662
3.09,6,6,3.2,-0.11,7,0.875,0,0,0,0,0,48,0.2258,0.0,0.4146
3.0,3,6,2.5,0.5,8,1.0,1,1,0,0,0,34,0.2917,1.0,0.711
3.29,8,9,3.2,0.09,5,0.625,1,1,1,1,0,27,0.3415,0.625,0.9068
3.9,6,10,0.0,3.9,4,0.5,1,1,0,1,0,8,0.6364,0.5,0.7528
2.57,4,6,2.5,0.07,7,0.875,1,0,1,0,0,12,0.5385,0.875,0.8621
3.39,2,6,2.8,0.59,8,1.0,0,1,1,0,1,26,0.35,1.0,0.768
2.05,5,8,3.2,-1.15,0,0.0,0,0,0,1,0,84,0.1429,0.0,0.0
2.52,5,7,0.0,2.52,2,0.25,1,1,0,0,0,30,0.3182,0.25,0.5968
2.93,10,10,3.2,-0.27,3,0.375,0,1,1,1,0,11,0.56,0.0,0.5154
2.06,7,10,2.5,-0.44,5,0.625,0,1,1,1,0,52,0.2121,0.0,0.4728
3.24,7,8,2.8,0.44,2,0.25,1,1,1,0,0,12,0.5385,0.25,0.7855
3.36,6,10,2.8,0.56,2,0.25,1,1,0,1,0,37,0.2745,0.25,0.5237
3.49,4,7,0.0,3.49,0,0.0,0,1,1,1,1,66,0.175,0.0,0.721
3.03,9,10,3.5,-0.47,0,0.0,1,1,1,0,0,10,0.5833,0.0,0.4249
3.21,6,8,2.8,0.41,4,0.5,1,1,1,0,1,84,0.1429,0.5,0.8966
2.79,6,8,3.0,-0.21,8,1.0,1,0,0,0,0,58,0.1944,0.0,0.4761
2.08,5,6,2.8,-0.72,2,0.25,0,1,1,1,0,83,0.1443,0.0,0.3238
2.2,2,6,2.8,-0.6,2,0.25,1,1,1,1,0,66,0.175,0.0,0.4751
3.31,5,6,3.0,0.31,2,0.25,1,1,0,0,0,87,0.1386,0.25,0.5936
3.99,8,8,3.2,0.79,8,1.0,0,1,1,1,0,46,0.2333,1.0,0.8397
2.03,5,6,3.0,-0.97,5,0.625,1,1,1,1,0,2,0.875,0.0,0.5771
3.12,3,6,2.8,0.32,5,0.625,1,0,0,0,0,6,0.7,0.625,0.5746
3.5,6,9,3.0,0.5,1,0.125,1,1,1,0,1,17,0.4516,0.125,0.7084
3.65,10,10,3.0,0.65,8,1.0,0,1,1,1,1,10,0.5833,1.0,0.8852
3.09,5,6,2.8,0.29,1,0.125,1,1,0,0,0,73,0.1609,0.125,0.5993
3.24,8,8,3.0,0.24,8,1.0,0,0,0,1,0,86,0.14,1.0,0.5235
3.39,10,10,2.8,0.59,8,1.0,0,1,1,0,0,56,0.2,1.0,0.8798
3.72,6,8,3.0,0.72,5,0.625,0,1,1,0,0,18,0.4375,0.625,0.8431
2.24,2,6,3.5,-1.26,7,0.875,1,0,1,0,0,89,0.1359,0.0,0.4633
3.85,3,6,3.5,0.35,8,1.0,0,1,1,0,0,28,0.3333,1.0,0.8538
2.05,7,10,3.2,-1.15,5,0.625,1,0,1,1,0,80,0.1489,0.0,0.4005
3.67,8,8,3.0,0.67,6,0.75,1,1,0,0,0,62,0.1842,0.75,0.657
2.15,3,6,3.0,-0.85,5,0.625,0,0,1,0,1,40,0.2593,0.0,0.3086
2.39,7,10,2.5,-0.11,4,0.5,1,0,1,0,1,72,0.1628,0.0,0.5372
2.01,10,10,2.8,-0.79,3,0.375,1,1,1,1,0,60,0.1892,0.0,0.4496
2.89,5,9,2.5,0.39,5,0.625,0,0,1,0,0,82,0.1458,0.625,0.6593
2.67,5,6,0.0,2.67,2,0.25,1,0,1,1,0,55,0.2029,0.25,0.6827
2.33,4,6,3.5,-1.17,1,0.125,1,1,0,0,0,36,0.28,0.0,0.1521
2.9,7,7,3.2,-0.3,2,0.25,1,0,0,0,0,9,0.6087,0.0,0.3041
2.8,4,6,2.8,0.0,0,0.0,1,0,1,1,0,90,0.1346,0.0,0.6485
3.54,6,8,2.5,1.04,8,1.0,1,1,1,0,0,71,0.1647,1.0,1.0
3.79,7,7,3.0,0.79,2,0.25,1,1,0,1,0,10,0.5833,0.25,0.5721
3.31,9,9,2.8,0.51,7,0.875,0,1,1,1,0,55,0.2029,0.875,0.8795
2.25,5,6,3.2,-0.95,3,0.375,0,1,1,1,1,75,0.1573,0.0,0.3928
2.59,8,9,3.5,-0.91,3,0.375,1,1,1,0,1,63,0.1818,0.0,0.4563
3.83,10,10,2.5,1.33,2,0.25,1,1,1,1,1,25,0.359,0.25,0.8484
2.18,6,6,2.5,-0.32,7,0.875,0,1,1,0,0,13,0.5185,0.0,0.5266
2.81,8,9,2.5,0.31,4,0.5,0,1,1,0,0,85,0.1414,0.5,0.7144
3.89,5,8,0.0,3.89,4,0.5,1,1,1,0,0,34,0.2917,0.5,0.8983
3.9,5,6,2.8,1.1,5,0.625,1,1,1,0,1,79,0.1505,0.625,0.8381
2.82,4,7,0.0,2.82,7,0.875,0,1,1,0,0,42,0.25,0.875,0.823
3.33,7,9,0.0,3.33,5,0.625,0,1,0,1,0,69,0.1687,0.625,0.6136
2.91,8,10,2.5,0.41,4,0.5,0,0,1,0,0,22,0.3889,0.5,0.6865
3.51,7,7,2.5,1.01,8,1.0,0,1,1,0,0,55,0.2029,1.0,0.857
2.06,4,6,3.0,-0.94,8,1.0,1,1,0,0,1,51,0.2154,0.0,0.3412
2.29,7,7,0.0,2.29,8,1.0,0,1,1,1,0,20,0.4118,1.0,0.8035
3.23,10,10,3.2,0.03,0,0.0,1,1,1,0,0,62,0.1842,0.0,0.7159
2.47,8,8,2.5,-0.03,8,1.0,0,0,1,1,1,42,0.25,0.0,0.5952
3.33,4,8,0.0,3.33,1,0.125,0,0,1,0,0,59,0.1918,0.125,0.5164
2.7,5,6,0.0,2.7,5,0.625,1,1,0,1,0,4,0.7778,0.625,0.6823
3.77,6,9,3.0,0.77,5,0.625,1,1,0,0,0,12,0.5385,0.625,0.651
3.64,6,8,2.5,1.14,1,0.125,0,1,1,1,0,64,0.1795,0.125,0.6149
2.99,6,8,2.8,0.19,0,0.0,0,0,0,0,0,90,0.1346,0.0,0.2499
3.55,7,10,0.0,3.55,8,1.0,1,0,1,0,0,11,0.56,1.0,0.8537
2.54,8,8,3.5,-0.96,8,1.0,1,1,1,1,0,3,0.8235,0.0,0.5444
2.99,10,10,0.0,2.99,1,0.125,1,0,1,1,0,24,0.3684,0.125,0.5641
2.39,6,8,2.8,-0.41,5,0.625,1,1,1,0,0,4,0.7778,0.0,0.5871
3.72,3,7,3.2,0.52,1,0.125,1,1,1,0,0,23,0.3784,0.125,0.7296
3.65,6,10,2.5,1.15,5,0.625,1,1,0,1,0,63,0.1818,0.625,0.6849
3.8,6,9,2.5,1.3,2,0.25,1,1,1,0,0,71,0.1647,0.25,0.7379
3.75,9,9,3.2,0.55,6,0.75,1,1,1,1,0,57,0.1972,0.75,0.8627
3.92,5,7,2.5,1.42,5,0.625,1,1,0,0,0,37,0.2745,0.625,0.6709
2.46,5,9,0.0,2.46,4,0.5,1,1,0,0,0,14,0.5,0.5,0.589
3.86,6,8,2.8,1.06,6,0.75,1,1,1,0,0,49,0.2222,0.75,0.9753
3.14,6,6,0.0,3.14,4,0.5,0,1,0,0,1,87,0.1386,0.5,0.5217
2.84,5,7,3.2,-0.36,0,0.0,1,0,0,0,0,19,0.4242,0.0,0.2294
3.12,8,10,3.0,0.12,5,0.625,0,0,1,0,1,49,0.2222,0.625,0.6328
2.69,4,8,2.8,-0.11,7,0.875,1,1,1,1,0,31,0.3111,0.0,0.7385
2.58,9,9,2.5,0.08,4,0.5,0,1,1,0,1,33,0.2979,0.5,0.7355
2.48,2,6,3.0,-0.52,1,0.125,0,1,0,1,1,47,0.2295,0.0,0.1433
2.16,7,7,3.0,-0.84,0,0.0,0,1,1,0,1,16,0.4667,0.0,0.3074
2.99,7,10,0.0,2.99,2,0.25,0,1,1,1,0,18,0.4375,0.25,0.7169
3.78,4,8,3.2,0.58,6,0.75,0,1,1,0,0,4,0.7778,0.75,0.9083
3.26,7,10,2.8,0.46,2,0.25,0,1,1,1,0,63,0.1818,0.25,0.7116
3.04,6,10,3.0,0.04,8,1.0,1,0,1,1,0,82,0.1458,1.0,0.8915
2.86,3,7,2.5,0.36,2,0.25,1,1,0,1,0,41,0.2545,0.25,0.5579
2.93,6,10,0.0,2.93,3,0.375,1,0,1,1,1,56,0.2,0.375,0.7647
2.42,8,9,3.0,-0.58,6,0.75,1,0,1,0,0,89,0.1359,0.0,0.4864
3.65,6,6,3.0,0.65,5,0.625,0,0,1,0,0,69,0.1687,0.625,0.7107
2.4,3,6,2.8,-0.4,0,0.0,1,1,1,0,1,23,0.3784,0.0,0.4446
3.43,5,6,0.0,3.43,0,0.0,1,1,1,1,0,70,0.1667,0.0,0.7248
3.52,6,9,3.2,0.32,1,0.125,1,1,1,0,1,36,0.28,0.125,0.7179
3.15,4,6,2.5,0.65,7,0.875,1,1,1,1,1,87,0.1386,0.875,1.0
3.73,4,7,2.5,1.23,0,0.0,1,1,1,1,0,84,0.1429,0.0,0.6677
2.58,8,8,3.0,-0.42,0,0.0,1,1,1,0,0,4,0.7778,0.0,0.3771
3.76,4,6,0.0,3.76,7,0.875,1,0,1,0,1,80,0.1489,0.875,0.8833
3.46,5,7,0.0,3.46,5,0.625,1,1,0,0,0,22,0.3889,0.625,0.725
3.6,9,9,0.0,3.6,8,1.0,0,1,1,0,1,44,0.2414,1.0,0.8454
3.33,9,10,3.2,0.13,1,0.125,1,1,1,0,0,68,0.1707,0.125,0.7387
3.69,4,8,2.5,1.19,5,0.625,1,0,1,0,0,12,0.5385,0.625,0.7061
3.99,5,9,3.0,0.99,1,0.125,0,0,1,1,0,2,0.875,0.125,0.4814
2.84,5,8,3.5,-0.66,5,0.625,1,1,1,1,0,37,0.2745,0.0,0.5433
3.63,4,8,3.0,0.63,0,0.0,1,1,0,0,0,53,0.209,0.0,0.4306
3.49,7,8,2.8,0.69,8,1.0,1,1,1,0,0,53,0.209,1.0,0.8888
2.91,8,10,2.8,0.11,3,0.375,0,1,1,1,0,86,0.14,0.375,0.6951
3.85,2,6,2.8,1.05,2,0.25,1,1,1,0,0,23,0.3784,0.25,0.7583
2.79,6,8,2.8,-0.01,8,1.0,1,1,1,1,1,65,0.1772,0.0,0.7561
3.13,6,6,3.5,-0.37,0,0.0,0,1,1,0,0,18,0.4375,0.0,0.3237
2.21,10,10,3.0,-0.79,7,0.875,1,0,1,1,0,41,0.2545,0.0,0.4487
2.45,9,9,2.8,-0.35,4,0.5,1,1,0,1,0,48,0.2258,0.0,0.3713
3.68,6,6,2.5,1.18,6,0.75,0,1,1,1,0,39,0.2642,0.75,0.837
2.79,8,9,3.2,-0.41,2,0.25,1,1,1,1,0,16,0.4667,0.0,0.4867
2.79,8,8,0.0,2.79,7,0.875,0,1,1,0,1,18,0.4375,0.875,0.8237
2.49,6,6,3.2,-0.71,4,0.5,1,0,0,0,0,79,0.1505,0.0,0.2318
2.98,9,10,2.5,0.48,3,0.375,1,1,1,1,1,86,0.14,0.375,0.8715
3.61,5,7,3.0,0.61,4,0.5,0,1,0,0,1,7,0.6667,0.5,0.5912
3.79,6,6,3.2,0.59,2,0.25,1,1,1,0,0,21,0.4,0.25,0.7054
2.14,7,9,2.8,-0.66,2,0.25,1,1,1,0,0,89,0.1359,0.0,0.4222
3.15,3,7,2.5,0.65,1,0.125,1,1,1,0,0,11,0.56,0.125,0.7435
2.93,5,9,3.2,-0.27,4,0.5,1,1,0,0,0,49,0.2222,0.0,0.4326
3.23,4,6,2.8,0.43,4,0.5,1,1,1,0,0,27,0.3415,0.5,0.8615
2.89,6,10,2.5,0.39,3,0.375,1,0,1,0,0,89,0.1359,0.375,0.7657
2.8,4,8,2.8,0.0,8,1.0,0,1,1,0,0,68,0.1707,1.0,0.8753
2.94,5,8,2.8,0.14,1,0.125,1,0,1,1,0,68,0.1707,0.125,0.5203
3.16,8,10,3.0,0.16,8,1.0,1,1,1,0,0,6,0.7,1.0,1.0
3.0,6,8,0.0,3.0,7,0.875,1,1,0,1,0,14,0.5,0.875,0.7497
2.94,4,6,2.8,0.14,0,0.0,1,1,0,1,0,72,0.1628,0.0,0.5148
3.64,6,8,3.2,0.44,6,0.75,1,1,1,0,0,21,0.4,0.75,0.9497
3.49,9,9,0.0,3.49,1,0.125,1,1,0,0,0,40,0.2593,0.125,0.5428
2.68,4,7,2.8,-0.12,0,0.0,1,1,1,0,0,10,0.5833,0.0,0.5168
3.6,4,6,3.0,0.6,7,0.875,0,1,1,1,0,2,0.875,0.875,0.8145
3.71,5,6,3.2,0.51,1,0.125,1,1,1,0,1,66,0.175,0.125,0.7192
2.31,7,10,2.8,-0.49,2,0.25,1,1,1,0,0,16,0.4667,0.0,0.4547
3.17,2,6,3.2,-0.03,0,0.0,1,1,1,0,0,16,0.4667,0.0,0.5927
2.57,4,8,2.5,0.07,1,0.125,1,0,1,1,0,76,0.1556,0.125,0.5918
3.48,7,10,2.8,0.68,0,0.0,1,1,1,0,0,65,0.1772,0.0,0.6979
2.48,4,7,3.5,-1.02,7,0.875,1,1,1,0,0,20,0.4118,0.0,0.573
3.34,3,7,3.2,0.14,0,0.0,0,1,0,1,1,78,0.1522,0.0,0.4636
2.51,6,9,2.8,-0.29,6,0.75,1,1,1,0,0,88,0.1373,0.0,0.7382
3.02,8,9,2.8,0.22,1,0.125,1,1,1,1,0,38,0.2692,0.125,0.6791
3.9,6,6,2.8,1.1,8,1.0,0,1,1,1,0,41,0.2545,1.0,0.8681
2.76,6,8,0.0,2.76,7,0.875,1,0,0,0,1,60,0.1892,0.875,0.6465
3.75,2,6,3.2,0.55,5,0.625,1,0,0,0,0,14,0.5,0.625,0.5674
3.97,6,7,3.2,0.77,7,0.875,0,1,0,0,0,81,0.1474,0.875,0.6137
3.75,3,7,2.8,0.95,2,0.25,1,1,1,1,1,12,0.5385,0.25,0.9251
2.33,6,10,2.5,-0.17,7,0.875,1,1,0,1,0,68,0.1707,0.0,0.5673
3.64,8,10,2.5,1.14,1,0.125,0,1,1,0,1,52,0.2121,0.125,0.6354
2.06,7,9,0.0,2.06,5,0.625,0,1,1,1,0,12,0.5385,0.625,0.8163
2.79,6,9,3.0,-0.21,8,1.0,1,1,0,0,1,40,0.2593,0.0,0.532
3.74,6,6,2.8,0.94,6,0.75,1,1,1,0,0,27,0.3415,0.75,0.9235
3.38,2,6,2.5,0.88,2,0.25,1,1,1,0,0,85,0.1414,0.25,0.6768
3.07,5,9,3.0,0.07,6,0.75,0,1,1,1,0,49,0.2222,0.75,0.7887
2.78,6,8,3.5,-0.72,7,0.875,0,1,0,0,0,34,0.2917,0.0,0.3866
3.62,6,8,0.0,3.62,8,1.0,1,1,1,1,0,24,0.3684,1.0,0.9964
3.42,9,9,2.8,0.62,6,0.75,1,1,1,0,0,13,0.5185,0.75,0.9456
2.94,3,7,2.8,0.14,6,0.75,1,1,0,1,0,46,0.2333,0.75,0.6744
3.78,7,9,2.5,1.28,7,0.875,0,1,1,1,0,46,0.2333,0.875,0.8691
2.46,5,9,2.8,-0.34,6,0.75,1,0,1,0,0,86,0.14,0.0,0.5289
2.34,3,7,3.0,-0.66,1,0.125,1,1,1,0,1,59,0.1918,0.0,0.4279
3.29,7,9,2.5,0.79,7,0.875,1,1,0,1,0,41,0.2545,0.875,0.6993
3.94,5,6,2.5,1.44,1,0.125,0,1,1,0,0,34,0.2917,0.125,0.5867
2.49,3,7,3.2,-0.71,5,0.625,1,1,1,0,0,24,0.3684,0.0,0.5754
2.5,9,9,2.5,0.0,3,0.375,1,1,1,1,0,59,0.1918,0.375,0.8659
2.28,8,10,3.0,-0.72,1,0.125,1,1,1,0,0,14,0.5,0.0,0.3737
3.72,4,6,3.0,0.72,2,0.25,0,1,1,1,0,1,0.9333,0.25,0.6425
2.45,9,9,3.2,-0.75,0,0.0,0,0,1,0,0,82,0.1458,0.0,0.2409
3.01,5,8,3.0,0.01,3,0.375,1,1,1,0,1,4,0.7778,0.375,0.7684
3.98,6,9,3.2,0.78,3,0.375,0,1,1,1,1,21,0.4,0.375,0.6912
2.02,8,9,3.0,-0.98,3,0.375,1,1,1,1,0,51,0.2154,0.0,0.4806
3.11,2,6,2.8,0.31,0,0.0,1,0,1,0,1,18,0.4375,0.0,0.6834
3.02,9,9,2.8,0.22,5,0.625,0,0,1,0,0,61,0.1867,0.625,0.6373
3.61,7,7,2.8,0.81,1,0.125,1,1,0,0,0,50,0.2188,0.125,0.4915
2.71,6,6,2.8,-0.09,7,0.875,1,0,0,0,0,7,0.6667,0.0,0.4245
2.82,6,8,0.0,2.82,0,0.0,0,0,1,1,0,42,0.25,0.0,0.4811
2.34,5,6,2.8,-0.46,0,0.0,1,1,1,0,0,75,0.1573,0.0,0.3693
3.48,9,9,2.8,0.68,2,0.25,1,1,0,0,0,35,0.2857,0.25,0.6146
3.57,4,8,0.0,3.57,3,0.375,1,1,0,0,0,61,0.1867,0.375,0.5962
2.27,5,8,2.5,-0.23,8,1.0,0,1,1,0,0,53,0.209,0.0,0.6347
2.79,4,6,3.0,-0.21,4,0.5,1,1,1,1,0,42,0.25,0.0,0.6543
3.79,8,9,2.8,0.99,3,0.375,1,1,1,0,1,52,0.2121,0.375,0.8493
2.01,5,6,3.2,-1.19,7,0.875,0,1,1,0,1,44,0.2414,0.0,0.4798
2.6,7,7,2.8,-0.2,2,0.25,1,0,1,0,0,7,0.6667,0.0,0.4469
3.11,5,7,3.2,-0.09,8,1.0,1,1,0,0,0,40,0.2593,0.0,0.5865
2.67,5,9,3.0,-0.33,3,0.375,1,1,1,0,0,38,0.2692,0.0,0.4221
2.54,4,8,0.0,2.54,2,0.25,1,0,1,1,0,71,0.1647,0.25,0.6763
2.92,10,10,3.5,-0.58,2,0.25,1,1,1,0,0,65,0.1772,0.0,0.467
2.36,8,10,0.0,2.36,0,0.0,1,1,1,0,1,52,0.2121,0.0,0.6954
3.06,8,9,2.8,0.26,6,0.75,1,1,0,0,0,35,0.2857,0.75,0.6755
3.41,4,6,3.0,0.41,5,0.625,1,1,1,1,1,57,0.1972,0.625,0.8738
3.15,9,9,2.5,0.65,5,0.625,1,1,1,0,1,90,0.1346,0.625,0.9096
2.19,4,7,2.8,-0.61,5,0.625,1,1,1,0,0,76,0.1556,0.0,0.5954
3.69,6,10,2.8,0.89,0,0.0,1,1,0,0,1,22,0.3889,0.0,0.4833
2.35,9,10,0.0,2.35,7,0.875,1,0,1,0,0,26,0.35,0.875,0.8065
3.53,4,6,0.0,3.53,4,0.5,1,0,1,0,1,45,0.2373,0.5,0.6936
2.72,6,6,0.0,2.72,6,0.75,0,0,0,1,0,60,0.1892,0.75,0.5751
3.57,5,9,0.0,3.57,0,0.0,1,1,1,0,0,61,0.1867,0.0,0.74
2.41,3,6,3.0,-0.59,6,0.75,0,0,0,1,0,71,0.1647,0.0,0.0876
2.37,10,10,2.8,-0.43,6,0.75,1,0,1,0,0,50,0.2188,0.0,0.443
2.99,8,8,2.8,0.19,3,0.375,1,1,1,1,1,75,0.1573,0.375,0.8442
2.07,4,8,3.0,-0.93,8,1.0,1,1,0,0,1,4,0.7778,0.0,0.4106
2.45,10,10,0.0,2.45,5,0.625,0,1,0,0,0,20,0.4118,0.625,0.5522
3.45,3,7,2.5,0.95,8,1.0,1,1,0,1,1,47,0.2295,1.0,0.7987
3.67,4,8,3.0,0.67,7,0.875,0,0,1,0,0,48,0.2258,0.875,0.7339
2.16,10,10,3.2,-1.04,1,0.125,1,1,1,0,0,87,0.1386,0.0,0.4011
3.76,2,6,2.8,0.96,8,1.0,1,1,0,1,0,60,0.1892,1.0,0.714
3.6,3,6,0.0,3.6,6,0.75,1,1,0,1,1,37,0.2745,0.75,0.787
3.74,2,6,3.0,0.74,1,0.125,0,1,1,1,0,53,0.209,0.125,0.5793
3.4,5,7,3.2,0.2,7,0.875,1,1,0,0,0,11,0.56,0.875,0.7134
3.35,2,6,2.8,0.55,3,0.375,1,0,1,1,0,36,0.28,0.375,0.6141
3.05,3,6,2.5,0.55,7,0.875,1,0,1,1,1,2,0.875,0.875,0.9167
3.31,7,10,0.0,3.31,1,0.125,1,0,0,1,0,14,0.5,0.125,0.4384
3.84,7,8,2.8,1.04,2,0.25,1,1,1,0,0,38,0.2692,0.25,0.7695
2.2,5,7,3.2,-1.0,3,0.375,0,0,0,1,0,1,0.9333,0.0,0.0559
2.63,4,8,3.0,-0.37,4,0.5,0,1,1,1,0,17,0.4516,0.0,0.5302
2.14,8,10,2.5,-0.36,5,0.625,1,0,1,0,0,81,0.1474,0.0,0.521
3.89,6,8,3.0,0.89,1,0.125,1,1,0,0,1,76,0.1556,0.125,0.5756
2.89,5,8,3.2,-0.31,6,0.75,0,1,1,0,0,52,0.2121,0.0,0.6303
3.35,8,10,2.8,0.55,0,0.0,1,0,1,0,1,86,0.14,0.0,0.6024
3.68,3,6,3.2,0.48,2,0.25,1,0,1,1,1,3,0.8235,0.25,0.6862
3.98,5,8,2.8,1.18,5,0.625,0,1,0,0,0,85,0.1414,0.625,0.5504
2.32,8,9,2.5,-0.18,2,0.25,1,0,1,0,0,45,0.2373,0.0,0.5129
3.6,5,8,2.8,0.8,3,0.375,1,0,0,1,0,34,0.2917,0.375,0.5464
3.77,7,10,2.8,0.97,5,0.625,1,1,0,1,0,72,0.1628,0.625,0.6293
2.1,6,10,3.5,-1.4,2,0.25,0,1,0,0,0,41,0.2545,0.0,0.1802
3.51,6,7,2.8,0.71,8,1.0,1,1,1,0,0,55,0.2029,1.0,0.9183
2.71,9,10,2.8,-0.09,7,0.875,1,1,0,0,1,29,0.3256,0.0,0.5141
3.3,6,7,2.8,0.5,8,1.0,1,1,0,0,1,48,0.2258,1.0,0.7435
3.03,3,7,2.8,0.23,4,0.5,1,1,1,0,0,12,0.5385,0.5,0.8802
2.52,8,10,2.8,-0.28,3,0.375,1,1,1,0,1,20,0.4118,0.0,0.6713
2.27,3,6,3.0,-0.73,8,1.0,0,1,1,1,1,51,0.2154,0.0,0.569
2.23,6,7,2.8,-0.57,6,0.75,1,1,1,0,0,85,0.1414,0.0,0.5828
2.21,6,9,2.8,-0.59,7,0.875,1,1,0,0,0,17,0.4516,0.0,0.3762
3.28,6,8,3.0,0.28,1,0.125,0,1,1,1,1,53,0.209,0.125,0.6486
2.7,8,10,0.0,2.7,7,0.875,0,1,1,0,1,6,0.7,0.875,0.8389
2.43,6,7,3.0,-0.57,4,0.5,1,1,1,0,0,46,0.2333,0.0,0.5456
3.38,7,8,2.8,0.58,6,0.75,1,1,1,0,0,77,0.1538,0.75,0.8411
3.37,6,6,2.8,0.57,7,0.875,0,0,1,0,0,31,0.3111,0.875,0.7353
3.08,5,7,3.0,0.08,0,0.0,0,1,0,0,0,72,0.1628,0.0,0.3947
3.87,6,6,3.0,0.87,0,0.0,1,1,1,0,1,36,0.28,0.0,0.6536
2.77,9,9,3.2,-0.43,0,0.0,0,1,1,0,1,84,0.1429,0.0,0.3247
3.67,5,7,2.8,0.87,5,0.625,1,1,1,1,0,57,0.1972,0.625,0.916
2.15,8,9,2.5,-0.35,8,1.0,1,1,1,1,0,30,0.3182,0.0,0.6877
3.48,7,7,3.0,0.48,0,0.0,1,1,1,0,0,24,0.3684,0.0,0.6787
3.98,8,8,2.8,1.18,1,0.125,1,1,1,1,0,79,0.1505,0.125,0.7272
3.69,7,10,3.0,0.69,4,0.5,1,0,1,0,1,44,0.2414,0.5,0.7051
3.16,9,10,2.8,0.36,3,0.375,1,1,1,0,0,36,0.28,0.375,0.7769
3.25,4,6,3.0,0.25,0,0.0,1,1,0,0,1,53,0.209,0.0,0.5092
2.71,5,9,2.5,0.21,5,0.625,1,0,1,0,0,7,0.6667,0.625,0.8623
3.36,7,10,2.8,0.56,8,1.0,1,1,0,0,0,17,0.4516,1.0,0.7977
3.54,9,9,2.5,1.04,1,0.125,1,1,0,1,0,42,0.25,0.125,0.5146
4.0,6,6,2.8,1.2,0,0.0,1,0,1,0,1,27,0.3415,0.0,0.5635
2.98,8,9,3.0,-0.02,2,0.25,1,1,1,0,0,50,0.2188,0.0,0.6443
2.12,9,9,2.8,-0.68,1,0.125,0,1,1,0,0,32,0.3043,0.0,0.2864
3.19,7,9,2.8,0.39,4,0.5,1,1,1,1,0,39,0.2642,0.5,0.8829
2.24,7,8,3.2,-0.96,0,0.0,0,0,0,0,0,71,0.1647,0.0,0.0
2.49,4,8,3.0,-0.51,3,0.375,1,1,1,1,0,71,0.1647,0.0,0.5497
2.66,6,9,2.8,-0.14,1,0.125,1,1,1,0,1,27,0.3415,0.0,0.4956
3.46,4,8,3.5,-0.04,6,0.75,0,1,0,1,0,32,0.3043,0.0,0.4567
2.37,9,9,2.8,-0.43,4,0.5,1,0,1,0,0,58,0.1944,0.0,0.4765
2.33,8,9,3.0,-0.67,0,0.0,1,0,0,0,0,83,0.1443,0.0,0.1228
2.09,7,7,2.5,-0.41,0,0.0,1,1,1,0,0,49,0.2222,0.0,0.5048
3.75,7,9,2.5,1.25,4,0.5,1,1,0,0,0,7,0.6667,0.5,0.6148
3.39,7,9,2.5,0.89,5,0.625,1,0,1,0,0,54,0.2059,0.625,0.7686
2.08,7,8,0.0,2.08,1,0.125,1,1,1,0,0,65,0.1772,0.125,0.6705
2.06,7,9,2.8,-0.74,2,0.25,1,1,1,0,0,85,0.1414,0.0,0.4878
3.12,3,6,2.5,0.62,5,0.625,1,1,0,0,0,84,0.1429,0.625,0.6989
2.57,4,7,3.0,-0.43,4,0.5,1,1,1,0,0,63,0.1818,0.0,0.5612
3.19,7,9,2.5,0.69,1,0.125,0,1,1,1,0,50,0.2188,0.125,0.5854
2.87,6,10,0.0,2.87,3,0.375,1,1,1,1,0,16,0.4667,0.375,0.7969
3.85,5,9,3.5,0.35,1,0.125,1,1,1,1,0,80,0.1489,0.125,0.6553
2.58,5,9,3.0,-0.42,8,1.0,0,1,1,0,0,43,0.2456,0.0,0.5533
3.36,3,7,3.5,-0.14,7,0.875,1,0,1,0,0,63,0.1818,0.0,0.5873
2.11,5,9,2.8,-0.69,2,0.25,1,1,1,1,0,67,0.1728,0.0,0.4993
3.91,3,7,0.0,3.91,2,0.25,1,1,0,1,0,2,0.875,0.25,0.5298
3.96,2,6,2.8,1.16,1,0.125,0,1,1,1,0,34,0.2917,0.125,0.5836
3.48,7,7,2.8,0.68,6,0.75,1,0,1,1,0,61,0.1867,0.75,0.8075
2.93,5,9,0.0,2.93,8,1.0,1,1,0,1,0,43,0.2456,1.0,0.7381
2.44,8,10,3.2,-0.76,2,0.25,0,1,1,1,0,60,0.1892,0.0,0.4251
3.63,4,8,3.0,0.63,5,0.625,1,1,0,0,0,51,0.2154,0.625,0.7051
3.47,10,10,3.0,0.47,2,0.25,1,1,1,0,0,1,0.9333,0.25,0.7633
2.44,6,9,2.8,-0.36,8,1.0,0,1,1,1,0,28,0.3333,0.0,0.5208
2.9,7,8,3.0,-0.1,2,0.25,1,0,0,1,1,37,0.2745,0.0,0.3754
2.93,9,10,2.5,0.43,0,0.0,0,0,1,0,0,35,0.2857,0.0,0.4534
3.65,7,8,3.5,0.15,7,0.875,1,1,0,0,0,4,0.7778,0.875,0.7746
3.37,7,8,2.8,0.57,8,1.0,1,0,0,1,0,2,0.875,1.0,0.6558
3.29,7,9,2.5,0.79,3,0.375,1,1,1,0,1,27,0.3415,0.375,0.7819
3.3,8,9,0.0,3.3,8,1.0,1,1,0,1,0,77,0.1538,1.0,0.7824
2.54,8,8,3.0,-0.46,2,0.25,1,1,1,0,0,89,0.1359,0.0,0.4832
2.74,5,8,3.5,-0.76,2,0.25,0,1,1,0,0,76,0.1556,0.0,0.409
2.09,10,10,3.2,-1.11,4,0.5,1,1,0,1,0,85,0.1414,0.0,0.428
3.57,6,6,3.0,0.57,5,0.625,0,1,1,1,0,84,0.1429,0.625,0.7954
2.87,5,6,3.5,-0.63,3,0.375,1,0,1,0,0,62,0.1842,0.0,0.3666
2.88,8,8,3.0,-0.12,7,0.875,0,0,1,0,0,12,0.5385,0.0,0.5663
2.49,2,6,2.5,-0.01,7,0.875,1,1,1,0,0,34,0.2917,0.0,0.6756
2.42,5,7,3.0,-0.58,1,0.125,1,1,1,0,0,67,0.1728,0.0,0.4608
3.18,7,8,0.0,3.18,8,1.0,0,1,1,1,1,36,0.28,1.0,0.8699
2.47,8,8,2.5,-0.03,1,0.125,0,1,1,0,0,25,0.359,0.0,0.5067
2.13,3,7,2.8,-0.67,4,0.5,0,1,0,1,0,4,0.7778,0.0,0.2113
3.54,7,7,2.5,1.04,3,0.375,0,0,1,1,0,31,0.3111,0.375,0.6152
2.75,5,9,3.5,-0.75,4,0.5,1,0,0,0,0,31,0.3111,0.0,0.1776
2.76,7,10,3.5,-0.74,1,0.125,1,1,1,0,0,74,0.1591,0.0,0.3915
2.86,8,9,2.8,0.06,3,0.375,1,1,1,1,0,71,0.1647,0.375,0.7456
3.63,5,8,3.0,0.63,0,0.0,0,1,0,0,0,11,0.56,0.0,0.3423
2.64,6,6,2.8,-0.16,8,1.0,1,1,1,1,0,47,0.2295,0.0,0.7682
3.52,7,7,0.0,3.52,1,0.125,1,1,1,0,0,82,0.1458,0.125,0.6571
3.88,4,8,2.5,1.38,4,0.5,1,1,1,0,1,43,0.2456,0.5,0.8356
3.32,4,7,2.5,0.82,1,0.125,0,0,1,0,1,87,0.1386,0.125,0.4722
2.86,5,9,2.5,0.36,1,0.125,1,0,1,0,1,9,0.6087,0.125,0.6518
3.5,6,7,2.5,1.0,3,0.375,0,0,1,1,0,29,0.3256,0.375,0.6294
2.92,10,10,0.0,2.92,8,1.0,1,0,0,0,1,83,0.1443,1.0,0.7008
2.83,6,7,2.5,0.33,4,0.5,1,1,1,0,1,65,0.1772,0.5,0.8335
3.05,4,8,3.2,-0.15,8,1.0,1,1,1,0,0,26,0.35,0.0,0.774
2.64,5,9,0.0,2.64,7,0.875,0,0,1,0,0,81,0.1474,0.875,0.712
2.21,3,7,2.5,-0.29,3,0.375,0,0,1,1,0,35,0.2857,0.0,0.3598
2.83,7,9,2.8,0.03,8,1.0,1,0,1,1,0,72,0.1628,1.0,0.8221
2.25,7,8,2.8,-0.55,3,0.375,1,0,1,1,1,30,0.3182,0.0,0.3935
2.82,5,9,2.8,0.02,4,0.5,1,0,1,1,0,31,0.3111,0.5,0.7614
3.11,8,8,0.0,3.11,6,0.75,1,0,0,0,0,30,0.3182,0.75,0.604
3.86,7,10,3.0,0.86,5,0.625,0,0,0,0,0,33,0.2979,0.625,0.4805
2.07,7,9,2.8,-0.73,7,0.875,1,1,1,0,0,54,0.2059,0.0,0.4956
3.24,5,6,3.0,0.24,1,0.125,1,1,0,1,0,73,0.1609,0.125,0.5154
2.92,6,8,2.8,0.12,4,0.5,1,0,1,0,0,57,0.1972,0.5,0.7214
2.04,8,10,2.8,-0.76,5,0.625,1,1,1,1,1,3,0.8235,0.0,0.5632
2.5,4,7,2.8,-0.3,2,0.25,1,0,1,0,0,54,0.2059,0.0,0.4642
2.24,6,8,2.5,-0.26,7,0.875,1,1,1,0,0,39,0.2642,0.0,0.7577
2.43,6,9,2.8,-0.37,2,0.25,0,1,1,0,0,7,0.6667,0.0,0.4302
2.55,4,7,0.0,2.55,2,0.25,1,1,0,0,1,30,0.3182,0.25,0.5759
2.8,7,8,2.5,0.3,2,0.25,0,1,1,0,1,88,0.1373,0.25,0.6539
3.06,8,8,3.0,0.06,6,0.75,0,1,1,1,1,32,0.3043,0.75,0.9188
2.0,6,6,0.0,2.0,1,0.125,1,0,0,1,1,65,0.1772,0.125,0.528
2.32,3,6,0.0,2.32,1,0.125,0,1,1,0,0,18,0.4375,0.125,0.6051
2.19,5,8,3.0,-0.81,7,0.875,0,1,1,1,0,80,0.1489,0.0,0.4361
3.1,2,6,2.8,0.3,1,0.125,1,1,1,0,0,74,0.1591,0.125,0.6781
2.66,7,10,3.2,-0.54,0,0.0,0,0,1,1,0,15,0.4828,0.0,0.2224
3.1,6,8,3.5,-0.4,2,0.25,1,1,1,0,0,63,0.1818,0.0,0.4923
2.44,6,9,3.5,-1.06,3,0.375,0,1,0,1,0,84,0.1429,0.0,0.1357
2.05,6,7,2.8,-0.75,0,0.0,1,1,1,0,0,82,0.1458,0.0,0.3639
3.88,3,7,2.5,1.38,7,0.875,1,1,1,0,0,65,0.1772,0.875,0.9474
2.22,6,8,3.0,-0.78,1,0.125,0,1,0,1,0,66,0.175,0.0,0.0386
2.25,6,9,3.0,-0.75,3,0.375,1,1,0,0,1,46,0.2333,0.0,0.2686
2.29,5,7,3.0,-0.71,1,0.125,0,1,0,1,0,14,0.5,0.0,0.1035
3.96,3,7,2.5,1.46,2,0.25,0,0,1,0,1,3,0.8235,0.25,0.5645
3.24,4,6,0.0,3.24,0,0.0,1,0,1,0,0,27,0.3415,0.0,0.5583
3.22,7,8,2.5,0.72,8,1.0,0,1,1,0,1,23,0.3784,1.0,0.8907
3.97,9,9,2.5,1.47,8,1.0,0,1,1,1,0,83,0.1443,1.0,0.7967
2.18,5,8,0.0,2.18,1,0.125,1,1,1,0,0,76,0.1556,0.125,0.7132
3.95,5,7,3.5,0.45,1,0.125,1,1,0,0,0,30,0.3182,0.125,0.5354
2.41,6,7,0.0,2.41,7,0.875,1,1,1,0,0,35,0.2857,0.875,0.9501
3.25,5,7,3.0,0.25,3,0.375,1,1,1,0,1,67,0.1728,0.375,0.838
2.84,5,7,3.5,-0.66,0,0.0,1,0,1,1,0,62,0.1842,0.0,0.2546
2.77,4,7,2.8,-0.03,1,0.125,0,1,1,1,0,80,0.1489,0.0,0.3884
3.86,10,10,2.8,1.06,3,0.375,0,1,0,0,0,66,0.175,0.375,0.4703
2.3,6,7,3.0,-0.7,5,0.625,1,0,0,0,0,63,0.1818,0.0,0.3716
3.99,7,7,2.5,1.49,5,0.625,1,1,1,0,0,70,0.1667,0.625,0.8916
2.76,8,9,2.8,-0.04,1,0.125,0,0,0,1,0,81,0.1474,0.0,0.1478
3.3,7,10,3.2,0.1,3,0.375,0,0,1,1,0,35,0.2857,0.375,0.6149
3.94,5,8,3.0,0.94,2,0.25,1,1,1,0,0,23,0.3784,0.25,0.7857
2.12,5,9,3.2,-1.08,4,0.5,1,1,1,1,0,82,0.1458,0.0,0.582
3.85,5,6,3.5,0.35,2,0.25,1,0,1,0,0,15,0.4828,0.25,0.6077
3.14,7,8,2.8,0.34,1,0.125,1,1,0,0,1,27,0.3415,0.125,0.5173
3.41,3,6,3.0,0.41,7,0.875,1,0,1,0,0,13,0.5185,0.875,0.8609
2.3,2,6,3.0,-0.7,5,0.625,1,1,1,0,0,76,0.1556,0.0,0.5807
3.07,8,8,3.0,0.07,4,0.5,1,1,1,0,1,83,0.1443,0.5,0.8188
3.35,4,7,3.0,0.35,1,0.125,1,1,1,0,1,39,0.2642,0.125,0.663
2.91,4,6,3.0,-0.09,0,0.0,1,1,1,0,1,9,0.6087,0.0,0.4792
2.31,2,6,3.2,-0.89,7,0.875,1,1,1,0,0,22,0.3889,0.0,0.6209
2.49,5,9,2.5,-0.01,8,1.0,0,1,1,0,1,53,0.209,0.0,0.6415
3.71,8,8,3.0,0.71,5,0.625,0,0,0,0,0,31,0.3111,0.625,0.4333
2.07,6,7,2.5,-0.43,0,0.0,0,0,1,1,1,68,0.1707,0.0,0.3666
3.42,6,10,2.8,0.62,4,0.5,0,1,0,0,0,72,0.1628,0.5,0.5765
4.0,3,7,3.0,1.0,2,0.25,0,1,0,0,0,40,0.2593,0.25,0.4875
2.01,8,10,3.0,-0.99,0,0.0,1,0,0,0,1,56,0.2,0.0,0.0917
2.32,6,7,2.8,-0.48,1,0.125,1,1,1,0,0,6,0.7,0.0,0.4772
3.35,4,6,2.8,0.55,4,0.5,1,1,0,0,0,13,0.5185,0.5,0.6806
2.12,6,6,2.5,-0.38,3,0.375,1,1,1,0,1,31,0.3111,0.0,0.5856
3.18,6,7,2.5,0.68,5,0.625,1,1,1,0,0,12,0.5385,0.625,0.8227
3.37,5,6,2.5,0.87,6,0.75,1,1,0,0,0,2,0.875,0.75,0.7057
3.18,3,6,3.2,-0.02,2,0.25,0,1,1,1,0,62,0.1842,0.0,0.4604
2.73,6,7,2.5,0.23,2,0.25,0,1,0,0,0,3,0.8235,0.25,0.5046
3.39,10,10,3.5,-0.11,6,0.75,0,0,0,0,0,22,0.3889,0.0,0.3029
3.19,3,7,2.5,0.69,1,0.125,1,1,1,0,0,65,0.1772,0.125,0.7571
2.42,6,7,3.0,-0.58,0,0.0,0,1,1,1,1,19,0.4242,0.0,0.3343
3.13,10,10,2.8,0.33,7,0.875,0,1,0,1,0,21,0.4,0.875,0.687
3.76,5,7,3.0,0.76,1,0.125,1,1,1,1,1,68,0.1707,0.125,0.723
3.33,9,10,3.0,0.33,1,0.125,1,1,1,1,0,2,0.875,0.125,0.7536
2.94,6,9,3.0,-0.06,6,0.75,1,1,1,0,1,30,0.3182,0.0,0.7748
2.64,6,10,3.2,-0.56,4,0.5,1,0,1,0,0,49,0.2222,0.0,0.4174
2.17,8,8,2.8,-0.63,1,0.125,1,1,1,1,0,7,0.6667,0.0,0.4196
2.49,5,8,0.0,2.49,7,0.875,1,1,1,0,0,59,0.1918,0.875,0.9545
2.02,6,7,2.5,-0.48,2,0.25,0,0,1,1,1,39,0.2642,0.0,0.3807
3.97,5,8,3.0,0.97,6,0.75,1,1,1,0,1,28,0.3333,0.75,0.9889
2.44,6,9,2.8,-0.36,5,0.625,1,1,1,0,1,52,0.2121,0.0,0.6189
3.63,9,10,2.8,0.83,7,0.875,0,1,1,0,0,4,0.7778,0.875,0.8943
2.34,3,6,2.8,-0.46,6,0.75,1,1,0,0,0,55,0.2029,0.0,0.4665
2.57,6,6,2.8,-0.23,6,0.75,1,1,1,0,0,42,0.25,0.0,0.6692
2.84,2,6,3.0,-0.16,0,0.0,1,1,0,0,0,6,0.7,0.0,0.3184
2.65,5,9,3.0,-0.35,8,1.0,1,1,0,0,1,71,0.1647,0.0,0.3959
3.6,2,6,3.0,0.6,1,0.125,1,1,1,0,0,41,0.2545,0.125,0.7055
3.92,7,10,3.0,0.92,2,0.25,0,0,1,1,1,7,0.6667,0.25,0.6772
3.75,3,7,3.2,0.55,4,0.5,0,0,0,1,1,33,0.2979,0.5,0.5147
2.31,4,7,2.8,-0.49,2,0.25,1,1,1,1,0,68,0.1707,0.0,0.4098
3.55,6,10,3.5,0.05,5,0.625,1,1,1,0,0,41,0.2545,0.625,0.8294
2.3,8,9,0.0,2.3,0,0.0,1,1,1,0,0,35,0.2857,0.0,0.7232
3.83,4,8,3.0,0.83,4,0.5,1,0,1,0,1,4,0.7778,0.5,0.7734
3.04,10,10,3.0,0.04,3,0.375,1,0,1,0,0,6,0.7,0.375,0.7501
2.67,9,9,2.8,-0.13,5,0.625,0,1,1,0,0,27,0.3415,0.0,0.5117
2.31,8,9,2.5,-0.19,4,0.5,0,0,0,1,0,25,0.359,0.0,0.2753
2.02,6,7,2.8,-0.78,6,0.75,1,1,1,0,0,58,0.1944,0.0,0.6173
2.5,9,10,2.8,-0.3,1,0.125,1,1,1,0,0,43,0.2456,0.0,0.5516
3.83,9,9,3.2,0.63,8,1.0,0,1,0,0,1,12,0.5385,1.0,0.6238
3.59,8,10,2.8,0.79,3,0.375,1,1,0,0,0,59,0.1918,0.375,0.6199
3.94,9,10,2.5,1.44,3,0.375,1,0,1,0,0,87,0.1386,0.375,0.749
2.2,6,8,2.8,-0.6,4,0.5,0,1,1,1,0,78,0.1522,0.0,0.3491
3.18,6,7,2.8,0.38,1,0.125,1,0,1,1,1,90,0.1346,0.125,0.6583
2.51,7,10,0.0,2.51,7,0.875,1,1,1,1,0,44,0.2414,0.875,0.8715
3.09,6,10,2.8,0.29,2,0.25,1,1,1,1,0,33,0.2979,0.25,0.7481
2.64,6,6,2.8,-0.16,8,1.0,1,1,0,0,0,6,0.7,0.0,0.4889
2.57,8,9,2.5,0.07,1,0.125,1,1,1,1,0,62,0.1842,0.125,0.7036
3.15,8,9,2.8,0.35,7,0.875,0,0,1,1,0,40,0.2593,0.875,0.7589
2.37,6,9,2.8,-0.43,3,0.375,1,0,1,0,1,58,0.1944,0.0,0.4462
2.94,9,10,3.0,-0.06,5,0.625,1,1,1,1,1,28,0.3333,0.0,0.7206
3.3,5,7,2.8,0.5,7,0.875,1,1,1,1,0,16,0.4667,0.875,0.9707
2.26,6,10,2.5,-0.24,1,0.125,1,1,1,1,0,63,0.1818,0.0,0.4769
3.86,9,9,3.5,0.36,3,0.375,0,1,1,0,0,35,0.2857,0.375,0.731
3.01,6,6,2.8,0.21,8,1.0,1,1,1,0,0,48,0.2258,1.0,0.8182
3.64,8,8,0.0,3.64,1,0.125,0,1,1,1,0,89,0.1359,0.125,0.6673
3.31,4,6,3.2,0.11,0,0.0,0,0,1,1,1,26,0.35,0.0,0.6039
3.42,7,10,2.5,0.92,4,0.5,1,1,0,0,0,12,0.5385,0.5,0.695
3.43,5,9,3.0,0.43,0,0.0,1,1,1,0,0,65,0.1772,0.0,0.7892
3.75,9,10,3.0,0.75,8,1.0,1,1,1,0,0,52,0.2121,1.0,0.8778
3.23,9,9,3.5,-0.27,8,1.0,1,1,1,0,0,36,0.28,0.0,0.7512
2.56,3,7,3.5,-0.94,1,0.125,0,1,1,1,0,54,0.2059,0.0,0.3054
2.2,7,8,2.5,-0.3,1,0.125,0,1,1,0,0,84,0.1429,0.0,0.4298
3.21,6,10,3.0,0.21,7,0.875,0,1,1,0,1,16,0.4667,0.875,0.7972
2.13,5,6,2.5,-0.37,4,0.5,1,1,1,1,0,72,0.1628,0.0,0.5958
2.48,6,10,3.0,-0.52,7,0.875,1,1,1,0,0,49,0.2222,0.0,0.6139
2.12,8,8,2.8,-0.68,8,1.0,0,1,1,1,1,73,0.1609,0.0,0.5224
3.1,4,8,0.0,3.1,3,0.375,1,0,1,0,0,83,0.1443,0.375,0.686
2.32,7,9,0.0,2.32,2,0.25,1,1,0,0,1,15,0.4828,0.25,0.5299
3.22,5,6,0.0,3.22,5,0.625,1,0,0,1,0,11,0.56,0.625,0.5554
3.58,6,6,0.0,3.58,5,0.625,1,0,1,0,0,1,0.9333,0.625,0.8397
3.64,3,6,2.5,1.14,3,0.375,0,1,1,0,0,18,0.4375,0.375,0.728
2.62,9,9,3.2,-0.58,2,0.25,1,0,1,0,1,32,0.3043,0.0,0.4007
3.1,2,6,2.8,0.3,2,0.25,1,1,0,1,1,24,0.3684,0.25,0.6709
3.13,7,9,3.0,0.13,4,0.5,0,1,0,0,0,75,0.1573,0.5,0.6039
2.95,6,6,3.2,-0.25,3,0.375,0,1,0,0,0,68,0.1707,0.0,0.2643
3.31,6,9,3.0,0.31,4,0.5,1,1,1,0,0,32,0.3043,0.5,0.8786
2.42,8,10,2.8,-0.38,0,0.0,1,1,1,1,0,52,0.2121,0.0,0.4835
3.96,6,8,3.2,0.76,7,0.875,0,1,0,0,0,29,0.3256,0.875,0.5886
2.2,4,7,3.0,-0.8,6,0.75,1,0,1,1,1,46,0.2333,0.0,0.4946
3.66,7,8,3.0,0.66,8,1.0,1,1,1,1,0,27,0.3415,1.0,0.8924
3.19,7,9,3.2,-0.01,7,0.875,0,1,1,1,0,72,0.1628,0.0,0.5486
2.49,8,9,2.8,-0.31,5,0.625,0,1,1,0,0,21,0.4,0.0,0.438
3.49,7,9,2.8,0.69,2,0.25,1,1,1,0,0,89,0.1359,0.25,0.7615
2.17,8,8,3.2,-1.03,5,0.625,1,1,1,1,1,84,0.1429,0.0,0.6505
3.55,7,9,2.8,0.75,5,0.625,0,0,1,1,0,18,0.4375,0.625,0.6538
3.18,6,7,3.2,-0.02,8,1.0,1,0,0,1,1,52,0.2121,0.0,0.4093
2.22,6,7,0.0,2.22,2,0.25,1,1,1,1,0,74,0.1591,0.25,0.7891
2.16,10,10,0.0,2.16,0,0.0,1,1,1,0,0,76,0.1556,0.0,0.6924
3.5,8,8,2.8,0.7,1,0.125,0,1,1,0,0,34,0.2917,0.125,0.575
2.59,7,10,0.0,2.59,1,0.125,0,1,0,1,1,50,0.2188,0.125,0.4327
3.78,6,9,3.5,0.28,5,0.625,0,1,0,0,0,14,0.5,0.625,0.6139
3.52,5,8,0.0,3.52,1,0.125,1,1,1,1,0,23,0.3784,0.125,0.6499
3.4,6,8,3.0,0.4,1,0.125,1,0,0,1,0,24,0.3684,0.125,0.3396
2.56,7,9,2.5,0.06,3,0.375,1,1,0,0,0,26,0.35,0.375,0.6074
3.42,2,6,3.5,-0.08,7,0.875,0,1,1,0,1,36,0.28,0.0,0.5954
3.9,8,8,2.8,1.1,3,0.375,1,1,1,1,1,62,0.1842,0.375,0.9008
2.18,9,9,0.0,2.18,2,0.25,1,1,0,1,0,81,0.1474,0.25,0.5763
2.65,5,6,0.0,2.65,2,0.25,1,1,0,0,0,53,0.209,0.25,0.5785
2.47,3,6,2.8,-0.33,7,0.875,1,0,1,0,0,44,0.2414,0.0,0.5715
2.79,6,6,3.5,-0.71,3,0.375,1,1,1,1,0,64,0.1795,0.0,0.4031
3.48,5,8,3.5,-0.02,3,0.375,0,1,1,1,0,56,0.2,0.0,0.5035
2.95,4,7,2.5,0.45,6,0.75,0,0,1,1,0,41,0.2545,0.75,0.7229
3.14,8,8,2.8,0.34,3,0.375,1,1,1,0,0,3,0.8235,0.375,0.8598
2.63,6,6,0.0,2.63,3,0.375,0,1,1,0,1,49,0.2222,0.375,0.6629
2.28,5,7,2.8,-0.52,6,0.75,0,1,1,0,0,6,0.7,0.0,0.5071
2.53,2,6,2.8,-0.27,2,0.25,1,1,1,1,1,55,0.2029,0.0,0.6256
3.72,6,10,2.5,1.22,4,0.5,0,1,1,0,1,85,0.1414,0.5,0.7815
3.2,8,8,3.0,0.2,5,0.625,1,1,1,0,1,72,0.1628,0.625,0.8612
2.76,3,6,3.2,-0.44,1,0.125,1,1,0,0,1,76,0.1556,0.0,0.2505
3.58,7,8,0.0,3.58,1,0.125,1,1,1,0,0,42,0.25,0.125,0.7764
2.13,7,10,2.5,-0.37,7,0.875,0,1,0,0,0,45,0.2373,0.0,0.3286
2.51,8,10,2.5,0.01,2,0.25,1,0,1,1,1,48,0.2258,0.25,0.7486
2.46,10,10,0.0,2.46,3,0.375,1,1,1,0,1,19,0.4242,0.375,0.8802
3.97,6,8,2.5,1.47,5,0.625,1,1,0,1,0,89,0.1359,0.625,0.6868
3.41,5,7,3.0,0.41,0,0.0,1,0,1,0,0,4,0.7778,0.0,0.5026
3.24,5,7,0.0,3.24,0,0.0,1,1,1,1,1,90,0.1346,0.0,0.7233
2.01,4,7,3.0,-0.99,3,0.375,0,1,1,0,0,88,0.1373,0.0,0.3219
2.37,8,10,3.2,-0.83,8,1.0,0,0,0,0,0,85,0.1414,0.0,0.2369
3.27,4,6,3.5,-0.23,5,0.625,1,1,0,0,0,1,0.9333,0.0,0.4562
2.76,6,10,3.0,-0.24,5,0.625,1,1,0,1,0,86,0.14,0.0,0.5025
3.85,8,10,2.5,1.35,5,0.625,1,1,1,1,0,22,0.3889,0.625,0.8957
3.53,9,10,0.0,3.53,7,0.875,0,1,1,1,0,24,0.3684,0.875,0.868
2.89,5,9,2.5,0.39,7,0.875,0,0,1,0,1,62,0.1842,0.875,0.6948
3.5,10,10,3.5,0.0,0,0.0,1,1,0,0,0,36,0.28,0.0,0.5202
3.95,6,6,3.5,0.45,4,0.5,1,1,1,1,1,85,0.1414,0.5,0.9697
2.92,9,10,2.8,0.12,4,0.5,0,1,0,0,0,45,0.2373,0.5,0.5071
3.29,4,8,2.5,0.79,2,0.25,1,1,1,1,1,11,0.56,0.25,0.8198
3.84,8,10,2.8,1.04,8,1.0,1,0,1,1,0,22,0.3889,1.0,0.8642
2.5,6,6,2.5,0.0,2,0.25,0,0,1,1,0,70,0.1667,0.25,0.5864
3.77,6,10,3.5,0.27,7,0.875,1,1,1,0,0,52,0.2121,0.875,1.0
2.2,7,8,2.5,-0.3,0,0.0,0,0,1,0,0,30,0.3182,0.0,0.3491
3.3,6,6,2.8,0.5,5,0.625,1,1,1,0,0,20,0.4118,0.625,0.8875
3.57,4,8,2.8,0.77,6,0.75,0,1,0,1,0,62,0.1842,0.75,0.6702
3.23,3,6,0.0,3.23,4,0.5,1,0,0,1,0,24,0.3684,0.5,0.5956
2.99,5,6,2.8,0.19,0,0.0,0,1,1,0,0,9,0.6087,0.0,0.6016
3.23,8,8,3.2,0.03,1,0.125,1,1,1,1,1,51,0.2154,0.125,0.7421
2.3,9,10,0.0,2.3,5,0.625,1,0,1,0,0,78,0.1522,0.625,0.8109
2.43,4,6,2.8,-0.37,7,0.875,1,1,0,0,0,28,0.3333,0.0,0.4103
2.54,6,7,2.8,-0.26,5,0.625,1,0,0,0,1,64,0.1795,0.0,0.3571
3.2,5,7,2.5,0.7,0,0.0,1,1,1,1,0,41,0.2545,0.0,0.6537
2.88,6,8,0.0,2.88,7,0.875,0,1,1,0,1,87,0.1386,0.875,0.873
2.49,5,6,2.5,-0.01,4,0.5,1,1,0,0,0,55,0.2029,0.0,0.5093
3.77,5,9,0.0,3.77,0,0.0,1,1,0,0,0,46,0.2333,0.0,0.4626
2.75,5,8,2.8,-0.05,3,0.375,1,1,1,0,1,21,0.4,0.0,0.5838
2.89,6,10,3.2,-0.31,1,0.125,0,1,1,0,0,80,0.1489,0.0,0.3208
2.82,6,7,3.0,-0.18,8,1.0,0,0,1,0,0,5,0.7368,0.0,0.563
2.36,7,8,3.5,-1.14,8,1.0,0,0,0,1,0,49,0.2222,0.0,0.2567
3.46,2,6,2.8,0.66,0,0.0,0,0,1,1,0,24,0.3684,0.0,0.4808
2.9,6,10,3.0,-0.1,5,0.625,0,1,0,0,0,47,0.2295,0.0,0.2364
2.03,7,10,3.0,-0.97,0,0.0,1,1,1,1,0,89,0.1359,0.0,0.4461
3.93,4,7,2.5,1.43,4,0.5,0,0,1,1,0,9,0.6087,0.5,0.6968
3.63,6,8,2.5,1.13,1,0.125,0,1,0,1,0,5,0.7368,0.125,0.4082
3.45,8,10,2.8,0.65,6,0.75,0,1,1,0,1,74,0.1591,0.75,0.876
3.74,4,7,3.0,0.74,0,0.0,1,0,1,1,1,63,0.1818,0.0,0.6354
3.81,3,7,2.8,1.01,8,1.0,1,0,1,0,0,38,0.2692,1.0,0.8248
2.67,6,7,2.5,0.17,2,0.25,0,1,1,0,1,21,0.4,0.25,0.6683
3.22,8,9,3.5,-0.28,2,0.25,1,0,0,1,1,55,0.2029,0.0,0.3596
3.22,6,7,0.0,3.22,7,0.875,1,1,1,0,0,24,0.3684,0.875,0.9789
2.53,6,6,3.5,-0.97,8,1.0,0,1,1,1,0,59,0.1918,0.0,0.5653
2.44,6,6,3.2,-0.76,0,0.0,1,1,1,1,0,37,0.2745,0.0,0.4161
2.23,10,10,3.2,-0.97,0,0.0,1,1,0,0,0,70,0.1667,0.0,0.1942
3.32,9,10,3.0,0.32,7,0.875,1,0,1,0,1,60,0.1892,0.875,0.8792
3.56,6,10,2.5,1.06,8,1.0,1,1,1,1,0,52,0.2121,1.0,0.9111
3.52,4,7,3.0,0.52,4,0.5,1,1,1,0,0,9,0.6087,0.5,0.9518
2.63,6,8,3.0,-0.37,1,0.125,1,1,1,1,1,56,0.2,0.0,0.4985
2.41,7,8,3.0,-0.59,1,0.125,1,1,0,1,0,63,0.1818,0.0,0.1909
2.91,8,8,2.5,0.41,2,0.25,0,0,1,0,1,47,0.2295,0.25,0.5438
3.09,5,6,2.5,0.59,6,0.75,1,1,0,0,1,54,0.2059,0.75,0.7626
3.84,5,8,2.5,1.34,0,0.0,1,1,1,1,0,56,0.2,0.0,0.6888
3.75,5,6,2.8,0.95,5,0.625,0,1,1,1,0,22,0.3889,0.625,0.7675
3.83,6,7,2.8,1.03,7,0.875,1,1,0,0,0,40,0.2593,0.875,0.6769
3.7,6,7,3.2,0.5,1,0.125,1,1,1,0,0,12,0.5385,0.125,0.6889
3.93,7,9,3.0,0.93,8,1.0,0,1,0,0,1,70,0.1667,1.0,0.6273
2.93,9,10,3.0,-0.07,8,1.0,1,1,1,1,0,14,0.5,0.0,0.7367
2.09,6,9,2.5,-0.41,2,0.25,1,0,1,0,0,73,0.1609,0.0,0.3993
2.17,5,8,2.8,-0.63,1,0.125,0,1,1,0,0,58,0.1944,0.0,0.194
2.78,5,8,2.5,0.28,2,0.25,1,1,1,0,0,47,0.2295,0.25,0.7659
2.52,5,8,2.5,0.02,2,0.25,1,1,1,1,0,46,0.2333,0.25,0.7243
2.34,5,6,0.0,2.34,2,0.25,1,1,1,0,0,14,0.5,0.25,0.7408
3.91,7,10,2.5,1.41,8,1.0,0,0,1,1,0,59,0.1918,1.0,0.7902
2.39,6,10,2.5,-0.11,1,0.125,1,1,1,0,1,34,0.2917,0.0,0.4524
3.92,3,7,2.8,1.12,2,0.25,1,0,0,1,0,71,0.1647,0.25,0.4943
3.52,6,6,0.0,3.52,7,0.875,1,0,0,0,0,76,0.1556,0.875,0.6235
3.28,4,6,2.5,0.78,0,0.0,0,1,1,1,0,83,0.1443,0.0,0.572
3.35,7,9,0.0,3.35,0,0.0,1,0,1,1,1,83,0.1443,0.0,0.6108
2.66,6,6,3.0,-0.34,2,0.25,1,1,1,0,0,69,0.1687,0.0,0.5228
3.29,2,6,2.8,0.49,8,1.0,0,1,1,0,0,25,0.359,1.0,0.8673
2.37,9,9,2.5,-0.13,7,0.875,1,1,1,0,0,25,0.359,0.0,0.651
3.88,5,6,0.0,3.88,8,1.0,1,0,1,0,0,85,0.1414,1.0,0.896
2.6,5,6,3.5,-0.9,7,0.875,1,0,1,1,1,87,0.1386,0.0,0.5025
2.51,4,6,2.8,-0.29,1,0.125,1,1,1,0,1,25,0.359,0.0,0.5355
3.42,8,9,3.0,0.42,3,0.375,0,1,1,1,0,59,0.1918,0.375,0.6415
3.31,4,7,2.8,0.51,4,0.5,1,1,1,0,0,83,0.1443,0.5,0.8466
2.9,4,7,3.2,-0.3,1,0.125,0,1,0,1,0,77,0.1538,0.0,0.1688
3.26,9,9,3.2,0.06,8,1.0,1,0,1,1,0,85,0.1414,1.0,0.8289
2.32,3,6,2.8,-0.48,5,0.625,1,1,1,1,0,32,0.3043,0.0,0.572
3.35,7,8,3.0,0.35,7,0.875,0,1,1,0,0,46,0.2333,0.875,0.7978
2.54,8,8,2.5,0.04,2,0.25,1,0,1,1,0,54,0.2059,0.25,0.6951
2.55,7,9,3.0,-0.45,6,0.75,1,1,0,1,0,86,0.14,0.0,0.4578
2.32,6,9,2.8,-0.48,0,0.0,0,0,0,0,0,89,0.1359,0.0,0.1482
2.66,9,9,0.0,2.66,0,0.0,0,0,1,1,0,50,0.2188,0.0,0.5371
2.66,7,7,3.5,-0.84,5,0.625,1,1,1,1,0,77,0.1538,0.0,0.5871
2.91,4,6,3.2,-0.29,0,0.0,1,1,1,0,0,35,0.2857,0.0,0.4492
2.38,4,8,2.5,-0.12,2,0.25,0,1,1,0,0,55,0.2029,0.0,0.4117
2.39,4,6,3.5,-1.11,7,0.875,1,1,0,0,0,73,0.1609,0.0,0.3881
3.08,6,8,2.5,0.58,4,0.5,0,1,0,0,1,80,0.1489,0.5,0.6365
2.26,5,9,2.8,-0.54,3,0.375,1,1,1,1,0,10,0.5833,0.0,0.569
3.38,8,10,3.2,0.18,2,0.25,1,1,1,1,0,7,0.6667,0.25,0.755
3.89,5,9,2.5,1.39,6,0.75,0,0,1,0,0,20,0.4118,0.75,0.7141
2.85,9,10,2.8,0.05,8,1.0,1,1,0,0,0,10,0.5833,1.0,0.7718
3.8,6,8,3.0,0.8,6,0.75,0,1,1,0,1,20,0.4118,0.75,0.8296
2.2,7,8,0.0,2.2,3,0.375,1,1,1,0,0,86,0.14,0.375,0.7819
2.09,5,7,2.8,-0.71,3,0.375,0,1,1,1,1,56,0.2,0.0,0.4454
3.44,8,9,2.5,0.94,0,0.0,0,1,1,1,0,9,0.6087,0.0,0.7086
3.52,9,10,3.0,0.52,1,0.125,1,1,1,0,0,64,0.1795,0.125,0.7584
3.69,3,7,0.0,3.69,2,0.25,1,0,1,0,0,85,0.1414,0.25,0.7573
2.11,4,6,2.5,-0.39,3,0.375,0,1,1,1,0,76,0.1556,0.0,0.3362
3.55,5,6,3.0,0.55,8,1.0,1,0,1,0,0,77,0.1538,1.0,0.893
2.75,7,9,2.5,0.25,7,0.875,0,1,1,0,0,81,0.1474,0.875,0.8058
2.61,6,9,2.8,-0.19,1,0.125,1,1,1,1,0,68,0.1707,0.0,0.5871
2.35,6,6,3.0,-0.65,2,0.25,0,1,1,1,0,79,0.1505,0.0,0.4243
3.99,2,6,3.0,0.99,0,0.0,1,1,1,1,0,72,0.1628,0.0,0.7242
2.13,9,9,0.0,2.13,0,0.0,0,1,1,0,0,62,0.1842,0.0,0.5703
3.65,6,7,3.2,0.45,3,0.375,1,1,1,1,1,18,0.4375,0.375,0.8194
3.28,5,8,3.0,0.28,8,1.0,1,0,1,1,0,83,0.1443,1.0,0.8339
3.47,3,7,2.5,0.97,1,0.125,1,0,0,0,0,9,0.6087,0.125,0.4367
3.42,9,9,3.0,0.42,6,0.75,1,1,1,0,0,25,0.359,0.75,0.9537
3.72,7,9,3.0,0.72,3,0.375,0,1,1,0,0,66,0.175,0.375,0.7456
2.37,6,6,3.0,-0.63,4,0.5,0,0,1,0,0,66,0.175,0.0,0.4044
2.0,6,6,2.8,-0.8,7,0.875,1,1,1,1,0,80,0.1489,0.0,0.5662
3.2,4,8,3.0,0.2,7,0.875,0,1,0,1,1,7,0.6667,0.875,0.7428
2.71,8,9,3.5,-0.79,7,0.875,1,1,1,0,0,71,0.1647,0.0,0.6185
2.25,3,6,2.8,-0.55,3,0.375,1,0,1,0,0,12,0.5385,0.0,0.3662
2.37,6,6,3.2,-0.83,0,0.0,1,1,1,0,0,55,0.2029,0.0,0.4377
2.66,6,9,3.0,-0.34,8,1.0,1,0,0,0,0,21,0.4,0.0,0.3596
2.14,4,8,3.2,-1.06,8,1.0,1,0,0,0,0,52,0.2121,0.0,0.277
2.11,5,6,3.5,-1.39,7,0.875,1,1,0,1,0,10,0.5833,0.0,0.3943
3.83,7,9,2.5,1.33,4,0.5,1,1,0,1,0,4,0.7778,0.5,0.681
2.62,4,6,2.5,0.12,2,0.25,1,0,1,1,0,87,0.1386,0.25,0.6534
3.96,4,7,2.8,1.16,1,0.125,1,0,1,0,0,47,0.2295,0.125,0.6028
3.93,7,9,2.8,1.13,3,0.375,1,1,1,1,0,42,0.25,0.375,0.7369
2.29,7,7,2.8,-0.51,3,0.375,1,1,1,1,0,36,0.28,0.0,0.489
3.43,5,6,3.0,0.43,2,0.25,0,0,0,0,0,82,0.1458,0.25,0.4387
3.2,10,10,3.5,-0.3,8,1.0,1,0,1,0,0,71,0.1647,0.0,0.622
3.38,4,7,2.8,0.58,5,0.625,1,1,1,0,0,43,0.2456,0.625,0.9091
2.19,8,8,3.0,-0.81,2,0.25,0,0,1,0,0,12,0.5385,0.0,0.2762
2.38,7,10,2.5,-0.12,5,0.625,0,1,1,1,0,63,0.1818,0.0,0.5191
2.15,10,10,2.8,-0.65,6,0.75,1,1,1,1,0,19,0.4242,0.0,0.6803
3.21,10,10,0.0,3.21,4,0.5,0,1,1,1,1,29,0.3256,0.5,0.7181
3.97,3,7,2.8,1.17,8,1.0,1,1,0,0,1,60,0.1892,1.0,0.7504
3.34,10,10,2.8,0.54,8,1.0,1,1,1,0,0,86,0.14,1.0,0.9193
3.42,5,6,3.0,0.42,3,0.375,1,0,1,0,0,20,0.4118,0.375,0.752
3.97,6,7,3.0,0.97,4,0.5,0,1,1,0,1,4,0.7778,0.5,0.8036
3.36,4,6,2.8,0.56,1,0.125,1,0,0,1,0,39,0.2642,0.125,0.5085
2.08,5,8,0.0,2.08,7,0.875,1,1,1,0,0,63,0.1818,0.875,0.9452
3.73,10,10,0.0,3.73,8,1.0,1,0,1,0,0,60,0.1892,1.0,0.8196
2.73,5,9,3.5,-0.77,5,0.625,1,1,0,0,0,86,0.14,0.0,0.2716
2.01,10,10,3.5,-1.49,1,0.125,1,0,1,1,0,19,0.4242,0.0,0.3443
3.01,3,6,2.5,0.51,4,0.5,0,1,1,0,0,71,0.1647,0.5,0.7316
3.87,8,9,2.5,1.37,7,0.875,1,1,1,0,0,70,0.1667,0.875,0.927
2.51,7,9,2.8,-0.29,0,0.0,0,0,0,1,0,75,0.1573,0.0,0.1691
2.98,5,8,3.0,-0.02,5,0.625,1,1,0,0,0,82,0.1458,0.0,0.5021
2.35,3,6,2.8,-0.45,5,0.625,0,0,1,1,0,27,0.3415,0.0,0.3556
2.12,3,6,0.0,2.12,4,0.5,1,1,1,1,0,28,0.3333,0.5,0.8468
2.16,10,10,2.8,-0.64,5,0.625,1,1,1,0,0,41,0.2545,0.0,0.4698
3.45,6,7,2.5,0.95,8,1.0,0,1,0,0,0,32,0.3043,1.0,0.5678
3.73,8,9,2.5,1.23,1,0.125,1,1,1,0,1,13,0.5185,0.125,0.7368
2.29,9,10,2.5,-0.21,5,0.625,0,1,1,0,0,30,0.3182,0.0,0.595
2.58,6,8,3.0,-0.42,7,0.875,0,1,0,1,0,34,0.2917,0.0,0.3543
2.39,7,7,2.8,-0.41,7,0.875,1,1,0,0,0,69,0.1687,0.0,0.4475
2.05,5,8,2.5,-0.45,4,0.5,1,1,0,0,0,1,0.9333,0.0,0.3518
3.11,7,7,2.8,0.31,8,1.0,0,1,0,1,0,68,0.1707,1.0,0.7087
3.4,3,6,2.8,0.6,2,0.25,0,1,1,1,0,71,0.1647,0.25,0.6111
3.3,7,10,3.0,0.3,3,0.375,0,0,1,1,1,12,0.5385,0.375,0.62
2.78,5,7,3.5,-0.72,7,0.875,1,1,1,1,0,86,0.14,0.0,0.6064
3.11,8,9,0.0,3.11,3,0.375,1,0,1,0,0,66,0.175,0.375,0.6887
2.19,8,9,3.2,-1.01,3,0.375,0,1,1,0,1,64,0.1795,0.0,0.3699
2.31,7,8,3.0,-0.69,5,0.625,1,1,0,0,0,70,0.1667,0.0,0.3192
3.86,4,8,3.0,0.86,5,0.625,1,1,0,1,0,73,0.1609,0.625,0.6929
3.52,2,6,2.8,0.72,8,1.0,1,0,0,0,0,37,0.2745,1.0,0.6014
3.85,8,8,2.5,1.35,5,0.625,0,0,1,1,0,47,0.2295,0.625,0.6655
3.83,9,9,0.0,3.83,1,0.125,1,1,1,1,0,55,0.2029,0.125,0.7235
3.3,2,6,3.5,-0.2,0,0.0,0,1,1,0,1,18,0.4375,0.0,0.4067
3.86,7,7,3.0,0.86,8,1.0,0,1,1,1,0,6,0.7,1.0,0.8802
2.83,6,9,2.8,0.03,3,0.375,1,1,0,0,0,65,0.1772,0.375,0.5974
2.01,10,10,2.8,-0.79,1,0.125,1,0,1,1,0,23,0.3784,0.0,0.2296
2.13,7,7,0.0,2.13,2,0.25,0,1,1,0,0,27,0.3415,0.25,0.6158
2.22,9,10,2.5,-0.28,0,0.0,1,1,1,1,1,10,0.5833,0.0,0.5754
2.19,2,6,3.0,-0.81,1,0.125,1,0,1,1,0,42,0.25,0.0,0.2757
2.7,7,8,2.8,-0.1,7,0.875,1,1,0,0,0,52,0.2121,0.0,0.4981
3.4,6,10,3.0,0.4,5,0.625,1,0,1,1,0,82,0.1458,0.625,0.794
3.58,5,8,3.0,0.58,5,0.625,1,0,1,0,1,45,0.2373,0.625,0.7317
3.18,7,8,3.0,0.18,0,0.0,1,0,1,0,0,34,0.2917,0.0,0.5035
2.29,2,6,3.2,-0.91,6,0.75,0,1,0,0,0,72,0.1628,0.0,0.3663
3.5,5,8,0.0,3.5,8,1.0,1,1,0,1,0,27,0.3415,1.0,0.7984
2.71,7,8,3.0,-0.29,8,1.0,0,0,1,1,0,2,0.875,0.0,0.5679
2.03,6,10,3.0,-0.97,3,0.375,1,1,1,0,0,3,0.8235,0.0,0.4252
2.56,4,7,2.5,0.06,5,0.625,0,1,0,1,0,77,0.1538,0.625,0.5682
2.66,3,7,2.5,0.16,2,0.25,1,1,0,1,1,64,0.1795,0.25,0.5818
2.55,8,9,2.5,0.05,7,0.875,1,0,1,0,1,17,0.4516,0.875,0.8414
3.62,6,10,2.5,1.12,8,1.0,0,0,1,1,1,20,0.4118,1.0,0.7861
3.52,4,7,2.8,0.72,2,0.25,0,0,1,0,0,76,0.1556,0.25,0.5394
3.39,7,9,0.0,3.39,4,0.5,0,1,0,1,1,58,0.1944,0.5,0.6351
2.28,7,10,3.0,-0.72,2,0.25,1,1,1,0,0,44,0.2414,0.0,0.4597
3.62,6,9,0.0,3.62,5,0.625,0,0,1,1,0,33,0.2979,0.625,0.7402
3.35,8,8,0.0,3.35,2,0.25,1,1,1,0,1,35,0.2857,0.25,0.7859
2.39,6,7,2.5,-0.11,6,0.75,1,0,1,0,1,71,0.1647,0.0,0.5181
3.3,3,7,2.5,0.8,8,1.0,1,0,1,1,1,18,0.4375,1.0,0.8275
2.97,6,6,3.5,-0.53,7,0.875,1,1,0,1,0,81,0.1474,0.0,0.4838
2.88,4,6,2.5,0.38,1,0.125,0,0,1,1,0,22,0.3889,0.125,0.4919
2.22,4,8,2.5,-0.28,1,0.125,1,0,1,1,1,22,0.3889,0.0,0.4796
3.04,6,6,2.5,0.54,7,0.875,1,1,1,1,1,34,0.2917,0.875,0.9941
2.2,3,6,2.8,-0.6,0,0.0,1,1,1,0,0,72,0.1628,0.0,0.4567
2.33,6,9,3.0,-0.67,3,0.375,1,1,0,0,0,1,0.9333,0.0,0.1937
2.27,2,6,3.0,-0.73,8,1.0,0,1,1,0,0,14,0.5,0.0,0.5532
3.91,6,6,2.8,1.11,4,0.5,1,1,1,0,0,34,0.2917,0.5,0.9154
2.57,5,8,3.0,-0.43,0,0.0,1,1,0,1,0,13,0.5185,0.0,0.2402
2.71,8,10,2.8,-0.09,8,1.0,0,1,1,0,1,35,0.2857,0.0,0.6365
2.64,6,9,3.2,-0.56,6,0.75,0,1,1,0,0,39,0.2642,0.0,0.4852
3.8,6,6,2.8,1.0,2,0.25,0,0,1,0,0,56,0.2,0.25,0.5151
3.13,5,6,2.5,0.63,5,0.625,1,1,1,1,0,30,0.3182,0.625,0.8945
3.84,7,9,3.0,0.84,5,0.625,0,0,0,0,0,49,0.2222,0.625,0.4811
2.6,6,9,3.2,-0.6,4,0.5,1,1,1,0,0,89,0.1359,0.0,0.5507
2.23,6,7,2.8,-0.57,8,1.0,1,1,0,1,0,42,0.25,0.0,0.4193
3.11,8,10,3.5,-0.39,7,0.875,0,1,1,0,1,73,0.1609,0.0,0.5158
2.69,10,10,3.2,-0.51,2,0.25,0,1,1,1,0,25,0.359,0.0,0.4297
3.6,8,9,2.5,1.1,8,1.0,0,1,1,0,1,81,0.1474,1.0,0.8503
3.76,5,9,3.0,0.76,8,1.0,1,0,0,1,0,52,0.2121,1.0,0.6717
2.95,9,9,3.0,-0.05,0,0.0,1,1,1,0,1,13,0.5185,0.0,0.5091
3.94,2,6,2.8,1.14,2,0.25,1,0,1,0,0,82,0.1458,0.25,0.7245
3.11,6,9,2.8,0.31,5,0.625,1,1,1,0,0,65,0.1772,0.625,0.8754
2.54,8,10,3.2,-0.66,7,0.875,1,1,1,1,0,31,0.3111,0.0,0.5966
2.98,4,7,3.0,-0.02,6,0.75,0,1,1,1,0,55,0.2029,0.0,0.6683
2.07,6,6,2.8,-0.73,5,0.625,1,1,1,0,0,86,0.14,0.0,0.4711
3.61,7,7,0.0,3.61,2,0.25,1,0,0,1,1,9,0.6087,0.25,0.5213
2.2,3,7,2.8,-0.6,0,0.0,1,0,0,0,1,4,0.7778,0.0,0.0755
2.62,7,10,3.2,-0.58,8,1.0,0,1,0,1,0,72,0.1628,0.0,0.315
3.13,5,8,3.0,0.13,4,0.5,0,0,1,1,0,26,0.35,0.5,0.6776
2.09,8,9,0.0,2.09,4,0.5,1,1,1,0,0,77,0.1538,0.5,0.8645
2.16,8,10,3.2,-1.04,8,1.0,1,1,0,0,1,70,0.1667,0.0,0.3714
3.39,8,9,3.2,0.19,1,0.125,0,1,0,1,1,83,0.1443,0.125,0.4553
2.14,5,9,2.8,-0.66,2,0.25,0,0,1,1,0,69,0.1687,0.0,0.2829
2.95,8,10,0.0,2.95,7,0.875,1,0,1,1,0,85,0.1414,0.875,0.8366
2.68,6,9,2.8,-0.12,2,0.25,1,1,1,0,0,56,0.2,0.0,0.6343
2.46,4,7,0.0,2.46,8,1.0,1,1,1,1,0,10,0.5833,1.0,0.9745
2.38,8,9,2.5,-0.12,7,0.875,0,1,1,0,0,19,0.4242,0.0,0.6208
3.53,3,7,3.0,0.53,0,0.0,0,1,1,1,0,80,0.1489,0.0,0.5062
3.9,3,7,3.2,0.7,4,0.5,1,1,1,1,1,27,0.3415,0.5,0.9063
2.28,7,9,2.8,-0.52,6,0.75,1,0,1,1,0,86,0.14,0.0,0.5252
3.92,6,7,3.2,0.72,4,0.5,0,1,1,1,1,79,0.1505,0.5,0.8038
3.19,4,6,3.2,-0.01,1,0.125,1,1,1,1,1,63,0.1818,0.0,0.5821
3.28,6,10,0.0,3.28,0,0.0,1,1,1,0,0,13,0.5185,0.0,0.691
3.42,7,8,2.5,0.92,0,0.0,1,1,1,1,0,17,0.4516,0.0,0.7093
3.41,6,9,3.0,0.41,1,0.125,0,1,0,0,0,67,0.1728,0.125,0.4623
3.64,9,10,3.0,0.64,2,0.25,1,1,1,0,0,37,0.2745,0.25,0.814
2.97,6,9,2.8,0.17,2,0.25,1,0,1,0,0,37,0.2745,0.25,0.6307
3.07,9,9,3.0,0.07,7,0.875,1,0,1,0,1,9,0.6087,0.875,0.8074
2.65,6,9,3.0,-0.35,4,0.5,0,1,1,0,1,42,0.25,0.0,0.4977
2.21,7,7,3.0,-0.79,1,0.125,0,1,1,0,0,1,0.9333,0.0,0.3467
3.33,7,10,3.0,0.33,0,0.0,0,1,1,0,0,13,0.5185,0.0,0.5336
2.07,8,9,0.0,2.07,1,0.125,1,1,1,0,0,83,0.1443,0.125,0.6979
2.55,4,6,2.5,0.05,2,0.25,1,1,0,0,0,68,0.1707,0.25,0.6774
2.19,2,6,0.0,2.19,6,0.75,0,0,0,1,0,88,0.1373,0.75,0.5268
2.38,6,10,3.5,-1.12,0,0.0,1,1,1,0,1,83,0.1443,0.0,0.501
3.28,8,10,3.2,0.08,3,0.375,0,0,1,1,0,83,0.1443,0.375,0.5558
3.26,6,10,3.0,0.26,4,0.5,1,1,1,1,0,37,0.2745,0.5,0.8391
2.84,5,6,0.0,2.84,1,0.125,1,1,1,1,1,23,0.3784,0.125,0.7281
2.18,6,10,2.8,-0.62,0,0.0,1,0,0,0,0,62,0.1842,0.0,0.0488
2.87,8,10,2.5,0.37,2,0.25,1,1,1,0,0,56,0.2,0.25,0.7148
2.71,6,9,2.8,-0.09,1,0.125,1,1,1,0,0,39,0.2642,0.0,0.5112
3.44,4,8,2.5,0.94,7,0.875,0,1,1,0,0,45,0.2373,0.875,0.8495
3.16,5,8,3.2,-0.04,8,1.0,1,0,1,1,0,19,0.4242,0.0,0.5913
2.98,6,8,0.0,2.98,5,0.625,0,0,1,0,0,45,0.2373,0.625,0.6522
2.97,3,6,3.0,-0.03,6,0.75,0,1,1,1,0,87,0.1386,0.0,0.6778
3.93,5,8,3.5,0.43,6,0.75,1,1,1,0,0,39,0.2642,0.75,0.9764
3.51,4,7,3.0,0.51,7,0.875,1,1,0,1,0,47,0.2295,0.875,0.7334
2.99,4,7,0.0,2.99,0,0.0,1,0,0,0,0,85,0.1414,0.0,0.4172
2.96,4,6,3.2,-0.24,8,1.0,0,1,0,1,0,77,0.1538,0.0,0.3545
2.05,8,8,3.0,-0.95,4,0.5,0,1,1,1,0,72,0.1628,0.0,0.4508
3.89,4,6,2.8,1.09,4,0.5,0,0,1,0,1,1,0.9333,0.5,0.6925
2.64,8,10,3.0,-0.36,7,0.875,1,1,1,0,0,77,0.1538,0.0,0.625
2.51,9,10,3.2,-0.69,4,0.5,1,1,1,1,0,7,0.6667,0.0,0.5413
4.0,8,10,2.8,1.2,2,0.25,1,1,0,0,1,4,0.7778,0.25,0.5773
3.44,7,7,2.8,0.64,0,0.0,1,1,0,0,0,32,0.3043,0.0,0.4475
2.09,4,6,2.8,-0.71,1,0.125,1,0,1,1,0,38,0.2692,0.0,0.3672
2.12,5,8,0.0,2.12,0,0.0,0,1,1,1,0,11,0.56,0.0,0.638
2.05,7,9,3.0,-0.95,3,0.375,1,0,1,0,0,54,0.2059,0.0,0.3545
3.2,5,6,0.0,3.2,7,0.875,1,1,1,0,1,83,0.1443,0.875,0.8733
2.14,7,10,2.8,-0.66,3,0.375,1,1,1,0,1,60,0.1892,0.0,0.3717
3.87,5,8,2.8,1.07,5,0.625,1,1,1,1,0,87,0.1386,0.625,0.9514
3.87,8,10,2.5,1.37,1,0.125,0,1,1,0,1,81,0.1474,0.125,0.5993
3.09,6,6,2.8,0.29,5,0.625,0,1,1,0,1,74,0.1591,0.625,0.8018
3.23,5,8,3.0,0.23,8,1.0,1,0,0,0,0,16,0.4667,1.0,0.6121
2.58,6,8,2.5,0.08,2,0.25,1,1,1,1,1,58,0.1944,0.25,0.8202
2.13,5,6,2.5,-0.37,4,0.5,1,1,1,0,0,9,0.6087,0.0,0.5697
3.47,8,9,3.2,0.27,8,1.0,1,1,0,1,1,70,0.1667,1.0,0.8097
2.2,6,10,3.5,-1.3,5,0.625,0,1,0,0,1,81,0.1474,0.0,0.2436
2.17,5,8,2.8,-0.63,3,0.375,1,1,1,1,0,11,0.56,0.0,0.4331
2.62,7,7,2.5,0.12,1,0.125,1,1,0,0,0,46,0.2333,0.125,0.4689
2.02,9,9,0.0,2.02,8,1.0,0,1,1,1,1,12,0.5385,1.0,0.8967
2.87,6,7,0.0,2.87,5,0.625,1,1,1,1,0,49,0.2222,0.625,0.8011
3.42,3,7,2.8,0.62,0,0.0,1,1,1,0,0,41,0.2545,0.0,0.6671
3.6,7,9,3.5,0.1,4,0.5,0,0,0,0,0,81,0.1474,0.5,0.4588
3.21,4,8,3.0,0.21,8,1.0,0,1,1,1,0,25,0.359,1.0,0.8659
3.69,4,7,2.5,1.19,8,1.0,1,1,1,0,0,68,0.1707,1.0,1.0
2.81,8,8,3.5,-0.69,1,0.125,1,1,1,1,0,60,0.1892,0.0,0.3809
3.7,7,10,2.8,0.9,3,0.375,1,1,1,1,1,66,0.175,0.375,0.8402
3.01,4,8,2.5,0.51,8,1.0,0,1,0,0,1,87,0.1386,1.0,0.5753
2.45,5,6,2.8,-0.35,7,0.875,0,1,1,0,1,17,0.4516,0.0,0.5534
3.89,9,10,2.5,1.39,5,0.625,1,1,1,0,0,2,0.875,0.625,0.8649
2.55,8,9,3.2,-0.65,2,0.25,0,0,1,0,0,56,0.2,0.0,0.2577
2.05,7,7,2.8,-0.75,6,0.75,0,1,1,0,0,12,0.5385,0.0,0.519
2.49,9,10,3.0,-0.51,5,0.625,1,1,1,1,0,41,0.2545,0.0,0.5607
2.73,9,10,2.8,-0.07,4,0.5,0,1,1,0,1,47,0.2295,0.0,0.5019
2.7,10,10,3.2,-0.5,8,1.0,1,1,1,1,0,55,0.2029,0.0,0.6721
3.05,4,7,3.0,0.05,3,0.375,1,1,0,0,1,2,0.875,0.375,0.6172
3.77,8,10,2.8,0.97,5,0.625,1,1,1,0,1,52,0.2121,0.625,0.9219
2.58,8,10,0.0,2.58,0,0.0,1,1,1,0,0,71,0.1647,0.0,0.7585
3.04,9,10,3.2,-0.16,6,0.75,0,0,1,0,1,3,0.8235,0.0,0.5842
2.68,6,8,2.8,-0.12,4,0.5,1,1,1,0,1,36,0.28,0.0,0.603
3.64,5,7,2.5,1.14,7,0.875,1,0,0,1,0,31,0.3111,0.875,0.6598
2.32,3,7,3.2,-0.88,2,0.25,0,1,0,0,0,31,0.3111,0.0,0.1069
2.21,9,10,0.0,2.21,8,1.0,1,1,0,0,0,42,0.25,1.0,0.8021
3.01,4,8,2.5,0.51,5,0.625,0,1,1,1,1,13,0.5185,0.625,0.879
3.34,8,10,2.8,0.54,1,0.125,0,1,0,1,0,46,0.2333,0.125,0.4454
3.59,6,8,2.5,1.09,1,0.125,1,1,0,0,0,7,0.6667,0.125,0.4893
3.18,7,8,2.8,0.38,1,0.125,1,1,1,0,0,9,0.6087,0.125,0.728
3.55,4,6,2.5,1.05,2,0.25,0,1,1,0,0,49,0.2222,0.25,0.6604
2.79,4,8,0.0,2.79,4,0.5,0,0,1,0,0,81,0.1474,0.5,0.6656
2.07,6,8,0.0,2.07,7,0.875,0,0,0,0,0,64,0.1795,0.875,0.5401
2.23,3,6,2.5,-0.27,8,1.0,1,1,0,0,1,31,0.3111,0.0,0.4401
2.08,3,6,3.5,-1.42,6,0.75,1,1,1,1,0,32,0.3043,0.0,0.5676
2.66,5,8,2.8,-0.14,4,0.5,0,1,1,1,0,45,0.2373,0.0,0.6508
2.99,3,7,2.8,0.19,5,0.625,1,0,1,0,0,4,0.7778,0.625,0.7978
2.71,9,9,2.8,-0.09,2,0.25,1,0,1,0,1,60,0.1892,0.0,0.4964
3.12,5,8,3.0,0.12,2,0.25,1,1,1,1,1,13,0.5185,0.25,0.8322
2.96,6,8,0.0,2.96,4,0.5,1,1,1,0,1,65,0.1772,0.5,0.8486
3.36,6,6,2.5,0.86,7,0.875,1,0,1,1,0,34,0.2917,0.875,0.8452
3.33,5,8,3.0,0.33,0,0.0,1,0,0,1,0,35,0.2857,0.0,0.3837
2.64,8,8,2.8,-0.16,0,0.0,1,0,1,1,0,40,0.2593,0.0,0.3287
2.69,6,8,3.0,-0.31,1,0.125,0,1,1,1,0,12,0.5385,0.0,0.3714
3.17,7,7,3.2,-0.03,1,0.125,0,1,0,0,0,22,0.3889,0.0,0.2845
3.19,4,6,3.2,-0.01,1,0.125,0,1,1,1,0,19,0.4242,0.0,0.3734
2.63,6,10,2.5,0.13,1,0.125,1,1,1,1,0,77,0.1538,0.125,0.6897
2.66,10,10,0.0,2.66,0,0.0,0,1,1,0,0,15,0.4828,0.0,0.66
3.39,10,10,2.5,0.89,3,0.375,1,1,1,0,0,12,0.5385,0.375,0.7579
3.29,7,7,3.0,0.29,6,0.75,0,1,1,0,1,22,0.3889,0.75,0.853
2.27,5,9,3.2,-0.93,1,0.125,1,1,1,0,0,39,0.2642,0.0,0.5731
2.88,6,6,3.5,-0.62,2,0.25,0,1,1,0,0,55,0.2029,0.0,0.3953
3.79,7,10,2.5,1.29,8,1.0,1,1,1,1,0,39,0.2642,1.0,0.9528
2.07,6,6,3.2,-1.13,1,0.125,1,1,0,0,0,49,0.2222,0.0,0.2353
3.71,8,8,2.8,0.91,8,1.0,1,1,0,0,1,47,0.2295,1.0,0.7811
2.33,6,10,3.2,-0.87,4,0.5,1,0,0,1,0,16,0.4667,0.0,0.2135
3.01,6,9,2.8,0.21,6,0.75,1,1,0,0,0,1,0.9333,0.75,0.698
2.85,7,10,0.0,2.85,2,0.25,1,1,1,0,0,62,0.1842,0.25,0.8063
2.02,5,8,0.0,2.02,2,0.25,1,1,1,0,0,85,0.1414,0.25,0.8123
3.83,4,6,3.5,0.33,3,0.375,1,0,1,0,0,6,0.7,0.375,0.7068
2.91,4,6,2.8,0.11,1,0.125,1,1,1,1,0,83,0.1443,0.125,0.7721
3.91,5,6,2.8,1.11,2,0.25,1,1,0,0,0,82,0.1458,0.25,0.6403
2.57,5,6,2.8,-0.23,8,1.0,1,1,1,0,0,71,0.1647,0.0,0.751
3.73,5,8,2.8,0.93,0,0.0,1,1,1,1,1,51,0.2154,0.0,0.7389
3.84,2,6,3.5,0.34,5,0.625,1,0,0,1,0,31,0.3111,0.625,0.4876
3.11,5,6,0.0,3.11,6,0.75,1,0,0,0,0,54,0.2059,0.75,0.6305
2.41,4,8,0.0,2.41,1,0.125,0,1,1,0,0,2,0.875,0.125,0.5328
3.37,5,9,3.0,0.37,0,0.0,0,0,1,1,0,26,0.35,0.0,0.4057
3.1,8,9,2.8,0.3,4,0.5,1,1,1,0,0,36,0.28,0.5,0.8909
3.89,3,6,0.0,3.89,1,0.125,1,1,1,0,1,47,0.2295,0.125,0.7531
2.88,6,10,0.0,2.88,8,1.0,1,1,1,0,0,25,0.359,1.0,0.872
2.54,5,8,2.5,0.04,1,0.125,1,0,1,0,1,39,0.2642,0.125,0.596
2.28,5,7,2.5,-0.22,1,0.125,1,1,1,0,0,66,0.175,0.0,0.5193
3.4,7,7,0.0,3.4,2,0.25,0,1,1,1,0,86,0.14,0.25,0.6708
3.95,10,10,2.5,1.45,2,0.25,1,0,0,1,0,75,0.1573,0.25,0.4274
2.06,7,8,3.0,-0.94,1,0.125,0,0,1,1,0,7,0.6667,0.0,0.2532
3.48,7,7,3.2,0.28,5,0.625,1,1,1,1,0,54,0.2059,0.625,0.8172
3.85,6,8,3.2,0.65,3,0.375,1,0,1,1,0,42,0.25,0.375,0.6108
2.15,4,6,2.8,-0.65,4,0.5,0,0,1,1,1,47,0.2295,0.0,0.335
2.22,6,6,2.5,-0.28,2,0.25,1,1,1,1,1,72,0.1628,0.0,0.6593
3.38,4,7,3.5,-0.12,0,0.0,1,1,1,1,0,30,0.3182,0.0,0.5093
3.3,7,7,3.0,0.3,0,0.0,0,0,1,0,0,50,0.2188,0.0,0.4692
2.14,7,7,2.8,-0.66,0,0.0,1,1,1,0,0,80,0.1489,0.0,0.4211
3.67,3,6,2.5,1.17,7,0.875,1,1,1,0,0,51,0.2154,0.875,0.9571
3.05,8,9,2.5,0.55,2,0.25,1,1,1,1,0,50,0.2188,0.25,0.6902
3.81,5,6,2.8,1.01,2,0.25,0,1,1,1,1,83,0.1443,0.25,0.7532
3.76,6,7,2.8,0.96,5,0.625,0,0,1,1,0,3,0.8235,0.625,0.7485
3.63,7,10,0.0,3.63,0,0.0,1,0,1,1,0,34,0.2917,0.0,0.5951
3.03,6,6,3.5,-0.47,5,0.625,0,1,1,1,1,45,0.2373,0.0,0.5206
2.5,5,7,2.8,-0.3,4,0.5,0,1,1,0,0,1,0.9333,0.0,0.6358
3.01,4,8,2.8,0.21,7,0.875,1,1,1,0,1,43,0.2456,0.875,0.9154
2.2,3,7,2.5,-0.3,1,0.125,1,1,1,1,1,84,0.1429,0.0,0.5634
3.32,6,7,3.0,0.32,0,0.0,1,1,1,0,0,71,0.1647,0.0,0.7132
2.27,4,6,3.0,-0.73,6,0.75,1,1,1,1,0,3,0.8235,0.0,0.6019
3.02,4,8,0.0,3.02,3,0.375,0,1,1,1,0,79,0.1505,0.375,0.6779
2.11,7,9,2.8,-0.69,0,0.0,0,1,1,0,0,72,0.1628,0.0,0.3036
2.6,6,8,3.0,-0.4,5,0.625,1,1,1,1,1,79,0.1505,0.0,0.6928
2.46,6,10,3.2,-0.74,4,0.5,1,1,1,0,0,13,0.5185,0.0,0.5723
3.24,6,9,2.5,0.74,8,1.0,0,1,1,1,1,81,0.1474,1.0,0.897
3.57,7,9,3.2,0.37,8,1.0,1,1,1,1,0,2,0.875,1.0,0.9454
2.11,7,8,2.8,-0.69,4,0.5,0,1,1,0,0,4,0.7778,0.0,0.4108
3.7,8,9,0.0,3.7,1,0.125,1,1,1,1,0,32,0.3043,0.125,0.7443
3.72,4,8,0.0,3.72,6,0.75,1,1,1,0,1,74,0.1591,0.75,0.8738
2.68,9,10,2.5,0.18,1,0.125,1,1,1,0,0,78,0.1522,0.125,0.8024
3.32,8,8,2.5,0.82,7,0.875,0,0,1,0,0,58,0.1944,0.875,0.7425
2.81,4,8,2.8,0.01,5,0.625,0,1,1,1,1,4,0.7778,0.625,0.7961
2.31,6,6,3.0,-0.69,3,0.375,1,1,0,1,0,79,0.1505,0.0,0.2773
3.06,6,10,2.5,0.56,8,1.0,1,1,1,0,1,24,0.3684,1.0,0.918
2.17,7,8,3.5,-1.33,4,0.5,1,0,1,1,0,68,0.1707,0.0,0.4232
3.76,6,9,2.5,1.26,3,0.375,0,1,1,1,1,26,0.35,0.375,0.6783
3.85,8,9,2.8,1.05,1,0.125,1,1,0,1,0,51,0.2154,0.125,0.4967
3.64,6,6,3.5,0.14,5,0.625,0,0,1,0,0,9,0.6087,0.625,0.6163
3.13,9,9,3.2,-0.07,2,0.25,0,1,1,0,0,90,0.1346,0.0,0.466
3.12,8,8,3.0,0.12,1,0.125,0,1,0,0,0,9,0.6087,0.125,0.3732
3.97,7,7,3.0,0.97,1,0.125,0,0,1,1,0,87,0.1386,0.125,0.4862
2.5,4,7,0.0,2.5,5,0.625,0,0,1,0,0,82,0.1458,0.625,0.6407
2.15,7,9,0.0,2.15,8,1.0,0,1,1,0,0,14,0.5,1.0,0.8514
3.12,5,6,2.8,0.32,2,0.25,1,1,1,1,0,63,0.1818,0.25,0.818
2.66,5,9,0.0,2.66,1,0.125,1,1,0,0,1,31,0.3111,0.125,0.5207
2.64,8,10,2.8,-0.16,5,0.625,1,0,1,1,0,29,0.3256,0.0,0.612
2.01,4,6,2.5,-0.49,1,0.125,0,0,0,1,0,30,0.3182,0.0,0.0201
3.19,6,6,3.2,-0.01,0,0.0,1,1,1,0,1,22,0.3889,0.0,0.533
2.53,2,6,3.2,-0.67,5,0.625,0,0,0,0,0,87,0.1386,0.0,0.1546
2.38,5,9,3.2,-0.82,4,0.5,0,1,0,0,1,4,0.7778,0.0,0.2861
2.08,6,10,3.0,-0.92,0,0.0,1,0,1,1,0,32,0.3043,0.0,0.2708
2.73,8,10,2.5,0.23,2,0.25,1,1,1,0,0,33,0.2979,0.25,0.8141
3.76,4,6,0.0,3.76,1,0.125,1,1,1,0,1,38,0.2692,0.125,0.672
2.67,6,8,3.0,-0.33,6,0.75,1,1,1,0,0,28,0.3333,0.0,0.6172
3.36,3,6,3.0,0.36,5,0.625,0,0,1,0,0,60,0.1892,0.625,0.6569
3.51,4,7,2.8,0.71,6,0.75,0,1,1,1,0,83,0.1443,0.75,0.8556
2.66,5,7,2.8,-0.14,0,0.0,1,1,1,0,0,61,0.1867,0.0,0.4765
3.64,5,9,2.8,0.84,7,0.875,0,1,1,1,0,20,0.4118,0.875,0.8058
3.38,9,10,2.5,0.88,1,0.125,0,0,0,1,1,90,0.1346,0.125,0.3304
3.12,6,10,2.5,0.62,8,1.0,0,0,0,1,0,37,0.2745,1.0,0.5519
2.0,5,6,2.8,-0.8,7,0.875,1,1,1,1,0,28,0.3333,0.0,0.5626
2.07,5,7,3.0,-0.93,4,0.5,0,1,0,0,0,62,0.1842,0.0,0.2506
3.98,7,7,3.5,0.48,7,0.875,0,1,0,0,0,88,0.1373,0.875,0.6294
3.56,6,7,2.8,0.76,6,0.75,1,1,1,0,0,29,0.3256,0.75,0.9638
3.88,5,7,3.0,0.88,6,0.75,1,1,1,0,0,19,0.4242,0.75,0.94
3.8,8,9,3.2,0.6,0,0.0,1,1,0,1,0,71,0.1647,0.0,0.5701
2.04,5,9,0.0,2.04,0,0.0,1,1,1,0,0,43,0.2456,0.0,0.7048
3.58,6,10,3.0,0.58,8,1.0,0,0,1,0,1,66,0.175,1.0,0.7013
2.9,7,9,2.8,0.1,7,0.875,1,0,1,1,1,41,0.2545,0.875,0.8852
3.58,7,7,2.8,0.78,5,0.625,0,1,1,1,0,4,0.7778,0.625,0.8021
2.01,6,6,0.0,2.01,2,0.25,1,1,0,1,0,33,0.2979,0.25,0.5462
2.58,4,7,3.2,-0.62,3,0.375,0,1,1,0,0,78,0.1522,0.0,0.4307
3.5,6,9,3.5,0.0,3,0.375,1,0,0,0,0,85,0.1414,0.375,0.4764
3.59,10,10,0.0,3.59,3,0.375,1,0,1,0,0,33,0.2979,0.375,0.663
3.24,5,7,2.5,0.74,5,0.625,0,1,1,1,0,63,0.1818,0.625,0.7785
2.6,2,6,2.5,0.1,6,0.75,1,1,1,1,0,9,0.6087,0.75,0.9313
2.62,3,6,3.0,-0.38,3,0.375,1,1,0,1,1,20,0.4118,0.0,0.3987
3.93,6,6,2.8,1.13,7,0.875,0,0,1,0,1,63,0.1818,0.875,0.7744
2.88,9,9,2.5,0.38,0,0.0,1,1,1,1,0,4,0.7778,0.0,0.7052
2.89,8,8,3.2,-0.31,7,0.875,0,1,1,0,0,68,0.1707,0.0,0.5637
3.1,5,9,2.8,0.3,6,0.75,1,1,0,0,0,87,0.1386,0.75,0.7175
2.82,6,6,2.8,0.02,4,0.5,1,0,1,1,0,7,0.6667,0.5,0.7349
3.11,4,8,2.8,0.31,3,0.375,1,1,1,0,0,53,0.209,0.375,0.7757
2.86,6,6,2.8,0.06,3,0.375,1,0,0,0,0,32,0.3043,0.375,0.4687
3.65,7,7,2.8,0.85,3,0.375,1,1,1,0,0,58,0.1944,0.375,0.7073
3.82,6,9,2.5,1.32,8,1.0,1,0,0,0,0,81,0.1474,1.0,0.6077
3.86,3,7,2.8,1.06,0,0.0,1,1,0,0,0,8,0.6364,0.0,0.4508
3.13,8,9,3.2,-0.07,5,0.625,1,0,1,1,0,61,0.1867,0.0,0.5178
2.88,3,7,2.8,0.08,8,1.0,1,1,1,0,0,17,0.4516,1.0,1.0
3.41,6,8,3.2,0.21,4,0.5,0,1,0,1,1,49,0.2222,0.5,0.6355
3.68,5,8,2.8,0.88,5,0.625,0,0,0,1,0,40,0.2593,0.625,0.5098
3.13,5,7,3.0,0.13,5,0.625,1,0,0,1,1,46,0.2333,0.625,0.6416
3.4,6,6,2.5,0.9,4,0.5,1,1,0,1,0,69,0.1687,0.5,0.7083
3.5,8,8,3.0,0.5,5,0.625,0,1,0,1,0,55,0.2029,0.625,0.5723
3.35,8,10,2.5,0.85,8,1.0,1,1,1,0,0,32,0.3043,1.0,1.0
3.49,6,9,0.0,3.49,6,0.75,0,1,0,1,0,59,0.1918,0.75,0.5882
2.42,9,9,2.5,-0.08,7,0.875,1,0,1,0,0,54,0.2059,0.0,0.6173
3.0,8,10,0.0,3.0,4,0.5,1,1,1,0,0,7,0.6667,0.5,0.854
3.18,2,6,3.5,-0.32,6,0.75,1,0,1,0,0,56,0.2,0.0,0.5897
2.0,9,9,3.5,-1.5,7,0.875,1,1,1,0,0,31,0.3111,0.0,0.6168
3.71,7,7,3.0,0.71,1,0.125,1,1,1,1,0,14,0.5,0.125,0.7537
3.22,6,9,0.0,3.22,7,0.875,0,1,1,1,0,48,0.2258,0.875,0.7876
2.26,6,10,3.2,-0.94,6,0.75,1,0,0,1,0,47,0.2295,0.0,0.2759
3.63,6,10,3.0,0.63,3,0.375,0,0,0,0,0,66,0.175,0.375,0.3174
3.43,6,8,2.5,0.93,6,0.75,1,1,0,0,0,39,0.2642,0.75,0.752
3.52,7,10,2.8,0.72,1,0.125,1,1,1,0,0,67,0.1728,0.125,0.6891
2.78,8,9,3.0,-0.22,6,0.75,0,1,1,0,0,26,0.35,0.0,0.6502
3.71,5,6,0.0,3.71,5,0.625,0,1,1,0,0,55,0.2029,0.625,0.7725
2.83,3,7,2.8,0.03,7,0.875,1,0,1,1,0,87,0.1386,0.875,0.7585
3.14,10,10,3.0,0.14,5,0.625,1,1,1,1,0,53,0.209,0.625,0.8048
2.0,6,10,2.5,-0.5,4,0.5,0,1,1,1,0,62,0.1842,0.0,0.4833
3.29,6,10,2.8,0.49,4,0.5,1,1,1,0,0,34,0.2917,0.5,0.8836
3.44,6,7,2.8,0.64,4,0.5,0,1,1,0,1,61,0.1867,0.5,0.6763
3.13,6,7,3.0,0.13,8,1.0,1,0,0,1,0,76,0.1556,1.0,0.6467
2.99,10,10,3.5,-0.51,7,0.875,1,1,1,0,0,79,0.1505,0.0,0.5593
3.62,4,6,3.2,0.42,0,0.0,0,1,1,0,0,83,0.1443,0.0,0.5556
3.36,8,10,3.0,0.36,4,0.5,1,1,1,1,0,28,0.3333,0.5,0.8388
2.56,8,9,2.8,-0.24,2,0.25,0,1,1,0,0,77,0.1538,0.0,0.4949
3.92,8,9,3.0,0.92,1,0.125,1,1,1,0,1,32,0.3043,0.125,0.678
3.41,7,8,2.8,0.61,7,0.875,0,1,1,0,0,79,0.1505,0.875,0.7643
3.98,7,10,0.0,3.98,7,0.875,1,1,1,0,0,1,0.9333,0.875,0.9784
3.94,9,9,3.0,0.94,8,1.0,0,0,1,1,0,82,0.1458,1.0,0.736
3.84,3,6,3.0,0.84,3,0.375,1,1,0,0,0,20,0.4118,0.375,0.5512
3.51,5,8,2.8,0.71,3,0.375,0,1,1,1,0,19,0.4242,0.375,0.6764
3.22,7,10,3.2,0.02,7,0.875,1,1,1,0,0,51,0.2154,0.875,0.9298
2.34,3,6,3.0,-0.66,1,0.125,0,1,1,0,0,47,0.2295,0.0,0.3018
3.09,6,9,2.8,0.29,0,0.0,1,0,1,0,0,15,0.4828,0.0,0.5901
3.53,5,7,0.0,3.53,3,0.375,1,1,0,1,0,49,0.2222,0.375,0.5954
3.04,7,8,0.0,3.04,5,0.625,1,1,0,0,0,73,0.1609,0.625,0.6693
3.74,8,10,2.8,0.94,4,0.5,1,1,1,1,0,44,0.2414,0.5,0.8978
2.22,8,8,2.8,-0.58,1,0.125,1,1,1,1,0,53,0.209,0.0,0.4634
2.76,4,6,2.5,0.26,4,0.5,1,1,1,0,1,77,0.1538,0.5,0.8644
3.01,4,6,2.5,0.51,8,1.0,1,1,0,0,0,17,0.4516,1.0,0.7251
2.86,5,9,2.5,0.36,2,0.25,1,1,0,1,0,30,0.3182,0.25,0.525
2.22,10,10,3.0,-0.78,3,0.375,1,1,1,1,0,81,0.1474,0.0,0.4959
2.31,3,7,3.0,-0.69,2,0.25,1,1,1,0,0,15,0.4828,0.0,0.4339
3.68,6,10,2.8,0.88,2,0.25,1,1,0,1,1,23,0.3784,0.25,0.7264
2.97,8,8,2.5,0.47,5,0.625,1,1,0,1,1,25,0.359,0.625,0.8324
2.1,4,6,0.0,2.1,3,0.375,1,1,0,1,0,75,0.1573,0.375,0.5802
2.03,4,8,0.0,2.03,5,0.625,1,0,0,0,0,13,0.5185,0.625,0.5046
2.95,8,10,2.8,0.15,0,0.0,0,1,0,0,0,34,0.2917,0.0,0.4262
2.33,5,7,0.0,2.33,5,0.625,0,1,1,0,1,37,0.2745,0.625,0.8552
3.41,6,10,2.5,0.91,0,0.0,0,1,1,1,0,8,0.6364,0.0,0.5475
3.59,8,9,3.5,0.09,3,0.375,1,1,1,0,0,11,0.56,0.375,0.8647
2.46,6,7,2.8,-0.34,7,0.875,1,1,1,1,0,34,0.2917,0.0,0.566
3.18,5,9,3.2,-0.02,3,0.375,0,1,1,0,0,8,0.6364,0.0,0.4318
2.31,7,8,0.0,2.31,6,0.75,1,0,1,0,1,89,0.1359,0.75,0.8499
2.61,3,6,2.5,0.11,3,0.375,1,0,1,0,0,41,0.2545,0.375,0.7294
3.78,9,10,3.5,0.28,8,1.0,1,1,0,1,1,1,0.9333,1.0,0.8273
3.09,4,7,2.8,0.29,8,1.0,0,1,1,0,0,55,0.2029,1.0,0.868
3.77,5,8,3.0,0.77,8,1.0,0,0,1,1,0,68,0.1707,1.0,0.7942
2.45,7,9,3.5,-1.05,3,0.375,0,0,0,1,0,55,0.2029,0.0,0.1188
2.66,4,6,2.8,-0.14,2,0.25,1,0,0,1,0,52,0.2121,0.0,0.2651
2.94,6,9,2.5,0.44,5,0.625,0,0,1,1,1,9,0.6087,0.625,0.7167
2.96,7,7,2.8,0.16,7,0.875,0,1,1,1,0,66,0.175,0.875,0.8859
4.0,7,8,0.0,4.0,4,0.5,1,1,1,1,0,88,0.1373,0.5,0.8832
2.23,6,8,0.0,2.23,6,0.75,1,1,0,0,0,33,0.2979,0.75,0.761
3.7,6,9,0.0,3.7,7,0.875,0,1,1,0,1,11,0.56,0.875,0.8173
3.73,4,6,3.2,0.53,6,0.75,1,0,0,1,0,20,0.4118,0.75,0.663
3.11,2,6,3.0,0.11,3,0.375,0,1,0,0,0,60,0.1892,0.375,0.445
2.69,8,8,2.5,0.19,2,0.25,1,1,1,0,1,58,0.1944,0.25,0.7924
3.04,2,6,2.5,0.54,3,0.375,1,0,0,1,0,80,0.1489,0.375,0.4932
2.58,6,7,3.0,-0.42,5,0.625,0,0,1,1,1,37,0.2745,0.0,0.4347
3.6,6,9,3.2,0.4,7,0.875,0,1,1,0,0,80,0.1489,0.875,0.875
3.0,9,10,2.5,0.5,2,0.25,1,0,1,1,1,25,0.359,0.25,0.6917
3.85,6,9,2.5,1.35,1,0.125,1,0,1,0,0,47,0.2295,0.125,0.6333
3.25,3,7,3.2,0.05,2,0.25,0,1,0,0,0,60,0.1892,0.25,0.4833
3.03,10,10,3.2,-0.17,5,0.625,1,1,0,1,1,25,0.359,0.0,0.4783
3.42,7,8,3.2,0.22,2,0.25,0,0,1,0,0,34,0.2917,0.25,0.5296
3.01,2,6,2.5,0.51,3,0.375,1,1,0,0,0,75,0.1573,0.375,0.6643
3.81,5,9,0.0,3.81,2,0.25,1,0,1,1,0,53,0.209,0.25,0.6797
2.37,6,8,2.8,-0.43,8,1.0,1,1,1,0,0,56,0.2,0.0,0.6258
3.95,7,7,2.5,1.45,4,0.5,1,1,1,0,1,57,0.1972,0.5,0.8193
3.62,7,9,3.2,0.42,6,0.75,1,1,1,1,1,72,0.1628,0.75,1.0
3.72,5,9,0.0,3.72,4,0.5,0,1,0,0,0,88,0.1373,0.5,0.6054
2.97,6,7,3.0,-0.03,0,0.0,1,1,1,1,0,36,0.28,0.0,0.5527
3.67,4,6,3.2,0.47,2,0.25,0,1,1,1,0,32,0.3043,0.25,0.6801
2.61,7,8,3.5,-0.89,7,0.875,1,1,0,0,0,83,0.1443,0.0,0.4301
3.52,3,6,3.0,0.52,4,0.5,1,1,1,0,1,44,0.2414,0.5,0.832
2.28,5,9,3.5,-1.22,6,0.75,0,1,1,0,0,84,0.1429,0.0,0.5087
2.61,4,8,0.0,2.61,6,0.75,1,1,0,0,1,80,0.1489,0.75,0.7353
2.89,6,7,2.8,0.09,5,0.625,1,0,1,0,0,67,0.1728,0.625,0.7819
2.64,7,8,0.0,2.64,5,0.625,1,1,1,1,0,65,0.1772,0.625,0.7987
2.77,4,7,3.5,-0.73,2,0.25,1,0,0,1,1,85,0.1414,0.0,0.2948
3.64,3,7,3.2,0.44,2,0.25,1,1,1,1,0,25,0.359,0.25,0.8472
2.51,6,7,0.0,2.51,1,0.125,0,1,1,1,0,41,0.2545,0.125,0.5602
3.49,5,9,0.0,3.49,2,0.25,1,1,1,0,0,50,0.2188,0.25,0.8056
2.15,6,10,2.8,-0.65,5,0.625,1,0,1,0,0,18,0.4375,0.0,0.3805
3.53,7,9,2.5,1.03,8,1.0,0,1,1,0,0,47,0.2295,1.0,0.8534
3.58,6,7,3.2,0.38,3,0.375,1,1,0,1,0,60,0.1892,0.375,0.5009
2.8,10,10,2.5,0.3,5,0.625,1,1,1,1,0,46,0.2333,0.625,0.8596
3.44,5,6,3.0,0.44,7,0.875,0,1,0,1,0,59,0.1918,0.875,0.6242
3.83,7,7,2.8,1.03,6,0.75,0,0,1,1,0,10,0.5833,0.75,0.7838
3.6,5,6,2.8,0.8,2,0.25,1,1,1,0,0,45,0.2373,0.25,0.8492
2.78,10,10,0.0,2.78,2,0.25,1,1,0,0,1,84,0.1429,0.25,0.6501
2.97,2,6,3.5,-0.53,5,0.625,0,0,1,0,0,24,0.3684,0.0,0.3863
3.56,4,8,3.0,0.56,2,0.25,1,1,1,0,1,42,0.25,0.25,0.7858
2.59,5,6,2.8,-0.21,2,0.25,0,1,0,0,0,57,0.1972,0.0,0.3055
3.61,7,7,2.8,0.81,5,0.625,1,1,1,1,0,57,0.1972,0.625,0.8866
2.66,8,9,3.2,-0.54,5,0.625,1,1,1,0,0,17,0.4516,0.0,0.4928
3.61,7,10,3.2,0.41,2,0.25,0,0,1,1,0,11,0.56,0.25,0.6283
2.17,4,6,3.2,-1.03,0,0.0,1,1,1,1,0,68,0.1707,0.0,0.4276
2.09,2,6,3.0,-0.91,6,0.75,1,1,0,0,0,48,0.2258,0.0,0.4295
4.0,4,7,3.2,0.8,3,0.375,0,1,0,1,1,82,0.1458,0.375,0.4475
3.74,9,10,2.5,1.24,5,0.625,0,1,1,1,1,90,0.1346,0.625,0.8394
3.77,2,6,3.0,0.77,1,0.125,1,1,1,1,0,15,0.4828,0.125,0.7465
3.9,4,6,2.8,1.1,2,0.25,0,1,1,0,0,33,0.2979,0.25,0.6819
2.88,5,8,2.8,0.08,5,0.625,1,1,1,1,0,74,0.1591,0.625,0.8512
2.57,5,7,3.5,-0.93,1,0.125,1,1,1,0,1,27,0.3415,0.0,0.3455
2.26,5,6,3.5,-1.24,2,0.25,0,1,0,0,1,18,0.4375,0.0,0.1126
3.0,8,8,2.8,0.2,6,0.75,0,1,1,0,0,15,0.4828,0.75,0.8437
2.44,7,9,2.8,-0.36,6,0.75,0,1,1,0,0,46,0.2333,0.0,0.5306
3.87,6,6,3.2,0.67,3,0.375,0,1,1,0,1,35,0.2857,0.375,0.6788
2.01,8,9,3.5,-1.49,1,0.125,1,1,1,1,0,84,0.1429,0.0,0.4612
2.29,6,6,3.0,-0.71,0,0.0,1,1,1,0,1,87,0.1386,0.0,0.3498
2.49,8,9,0.0,2.49,5,0.625,0,1,1,0,0,8,0.6364,0.625,0.7874
2.4,5,7,2.5,-0.1,6,0.75,1,1,1,1,1,82,0.1458,0.0,0.8378
2.45,6,7,3.2,-0.75,5,0.625,1,1,1,0,0,9,0.6087,0.0,0.5275
3.31,3,6,3.0,0.31,3,0.375,0,0,1,0,0,65,0.1772,0.375,0.5914
2.66,9,10,3.0,-0.34,0,0.0,1,0,1,0,0,87,0.1386,0.0,0.333
3.23,7,8,3.0,0.23,2,0.25,0,1,1,0,0,32,0.3043,0.25,0.7107
3.78,8,9,2.8,0.98,0,0.0,1,0,1,0,1,15,0.4828,0.0,0.5178
3.21,3,7,2.8,0.41,4,0.5,0,1,1,1,0,6,0.7,0.5,0.7869
3.39,4,6,3.2,0.19,2,0.25,1,0,1,1,0,31,0.3111,0.25,0.6847
2.73,5,6,2.5,0.23,0,0.0,1,0,1,0,0,86,0.14,0.0,0.5601
2.32,4,8,3.0,-0.68,5,0.625,0,1,1,0,0,42,0.25,0.0,0.4537
2.64,6,7,3.0,-0.36,3,0.375,1,1,1,1,0,38,0.2692,0.0,0.5415
3.93,9,9,3.2,0.73,8,1.0,0,1,0,0,0,1,0.9333,1.0,0.6981
3.24,7,9,2.5,0.74,3,0.375,0,1,0,0,0,60,0.1892,0.375,0.5599
2.56,7,7,3.0,-0.44,0,0.0,0,0,1,0,0,17,0.4516,0.0,0.2227
2.9,8,8,0.0,2.9,6,0.75,1,0,0,1,0,63,0.1818,0.75,0.6574
3.67,5,7,0.0,3.67,6,0.75,1,1,0,1,0,75,0.1573,0.75,0.7565
3.34,9,9,2.8,0.54,8,1.0,1,1,1,0,0,70,0.1667,1.0,0.9406
3.12,9,9,0.0,3.12,6,0.75,1,1,0,0,0,47,0.2295,0.75,0.7828
3.77,5,9,3.5,0.27,3,0.375,1,1,1,1,0,59,0.1918,0.375,0.8003
3.34,6,6,3.2,0.14,6,0.75,1,1,1,0,1,36,0.28,0.75,0.8895
3.29,3,7,0.0,3.29,7,0.875,1,1,0,0,0,64,0.1795,0.875,0.7738
2.38,8,10,3.2,-0.82,4,0.5,1,0,1,1,0,62,0.1842,0.0,0.42
2.21,7,7,2.8,-0.59,7,0.875,1,0,0,0,1,17,0.4516,0.0,0.2871
3.93,5,6,3.0,0.93,8,1.0,1,0,1,0,0,30,0.3182,1.0,0.8401
3.2,3,6,3.2,0.0,6,0.75,0,1,1,1,0,70,0.1667,0.75,0.8669
2.83,5,6,2.8,0.03,4,0.5,1,1,1,1,0,40,0.2593,0.5,0.9082
3.18,6,9,0.0,3.18,4,0.5,1,0,1,0,1,22,0.3889,0.5,0.7586
2.12,3,6,0.0,2.12,7,0.875,1,0,1,0,0,90,0.1346,0.875,0.8351
3.64,8,8,2.8,0.84,7,0.875,0,0,1,0,0,79,0.1505,0.875,0.6619
2.43,3,7,3.5,-1.07,2,0.25,0,1,1,0,0,70,0.1667,0.0,0.3416
3.61,6,6,2.8,0.81,0,0.0,1,1,0,0,0,38,0.2692,0.0,0.4621
3.07,8,10,2.8,0.27,7,0.875,1,1,1,0,0,50,0.2188,0.875,0.9562
2.55,5,9,0.0,2.55,2,0.25,1,1,1,0,0,86,0.14,0.25,0.7782
2.06,9,10,3.2,-1.14,8,1.0,1,0,1,0,0,48,0.2258,0.0,0.4636
3.63,6,10,2.5,1.13,0,0.0,1,1,0,0,1,75,0.1573,0.0,0.5061
2.35,7,10,3.0,-0.65,8,1.0,1,1,1,0,0,76,0.1556,0.0,0.5973
2.1,6,9,3.0,-0.9,6,0.75,0,0,1,1,0,73,0.1609,0.0,0.2984
3.51,7,8,2.5,1.01,2,0.25,0,1,1,1,1,55,0.2029,0.25,0.7768
2.7,6,9,0.0,2.7,0,0.0,1,1,1,1,0,32,0.3043,0.0,0.7404
2.78,7,8,2.8,-0.02,7,0.875,0,0,1,1,0,31,0.3111,0.0,0.5105
2.49,2,6,2.5,-0.01,1,0.125,1,1,1,0,1,74,0.1591,0.0,0.5341
3.72,6,7,3.0,0.72,0,0.0,1,1,1,1,0,38,0.2692,0.0,0.687
2.59,7,8,3.2,-0.61,7,0.875,0,1,1,0,0,23,0.3784,0.0,0.4358
2.42,3,6,2.5,-0.08,6,0.75,1,1,1,1,1,17,0.4516,0.0,0.8565
2.62,10,10,2.8,-0.18,1,0.125,0,0,1,1,0,56,0.2,0.0,0.35
2.41,8,10,0.0,2.41,3,0.375,1,1,1,0,0,87,0.1386,0.375,0.8264
2.64,7,8,2.5,0.14,5,0.625,0,0,1,1,0,35,0.2857,0.625,0.6599
2.17,4,8,3.0,-0.83,5,0.625,1,0,1,1,0,59,0.1918,0.0,0.485
2.32,10,10,3.0,-0.68,3,0.375,1,0,0,1,0,28,0.3333,0.0,0.1152
2.83,5,8,3.0,-0.17,3,0.375,1,1,1,0,0,36,0.28,0.0,0.5802
3.76,8,9,0.0,3.76,0,0.0,0,1,1,0,0,37,0.2745,0.0,0.6296
2.11,4,8,2.8,-0.69,0,0.0,0,1,1,1,0,33,0.2979,0.0,0.2749
2.43,3,7,2.8,-0.37,8,1.0,1,1,0,0,1,77,0.1538,0.0,0.4764
3.82,5,9,3.5,0.32,2,0.25,0,1,1,0,0,82,0.1458,0.25,0.6947
3.78,6,6,3.0,0.78,8,1.0,0,1,1,0,0,25,0.359,1.0,0.8584
3.36,4,7,3.5,-0.14,0,0.0,1,1,1,0,0,33,0.2979,0.0,0.4912
2.48,9,9,0.0,2.48,8,1.0,0,0,1,1,0,2,0.875,1.0,0.7962
2.84,7,9,2.8,0.04,3,0.375,0,0,1,1,0,69,0.1687,0.375,0.6661
2.42,6,10,3.0,-0.58,7,0.875,0,1,1,1,0,64,0.1795,0.0,0.507
2.26,7,9,2.8,-0.54,7,0.875,1,1,1,1,0,76,0.1556,0.0,0.6222
2.76,4,6,3.0,-0.24,3,0.375,1,0,1,1,0,51,0.2154,0.0,0.5181
3.15,7,10,2.8,0.35,6,0.75,1,1,1,1,0,82,0.1458,0.75,0.8917
2.72,7,8,3.5,-0.78,3,0.375,1,1,0,0,0,13,0.5185,0.0,0.2647
3.22,6,6,2.5,0.72,7,0.875,1,1,1,1,1,34,0.2917,0.875,0.9872
2.59,8,8,3.5,-0.91,8,1.0,1,0,0,1,0,41,0.2545,0.0,0.215
2.69,4,6,2.8,-0.11,7,0.875,0,0,1,1,1,69,0.1687,0.0,0.6016
3.58,8,8,2.8,0.78,6,0.75,1,1,1,1,0,20,0.4118,0.75,0.9002
3.76,8,8,2.8,0.96,3,0.375,0,1,1,0,0,30,0.3182,0.375,0.7159
2.64,2,6,2.5,0.14,0,0.0,1,1,1,0,1,9,0.6087,0.0,0.6697
3.14,9,10,3.5,-0.36,4,0.5,1,0,1,1,0,85,0.1414,0.0,0.5617
2.56,7,8,3.2,-0.64,1,0.125,1,0,1,1,1,41,0.2545,0.0,0.3389
2.11,6,10,3.5,-1.39,4,0.5,1,1,1,0,0,2,0.875,0.0,0.6168
3.48,7,8,3.5,-0.02,7,0.875,1,0,1,0,1,22,0.3889,0.0,0.6131
2.34,8,8,3.0,-0.66,1,0.125,1,1,0,0,0,52,0.2121,0.0,0.1979
2.85,7,10,2.8,0.05,8,1.0,1,1,1,0,0,45,0.2373,1.0,1.0
2.97,7,7,3.2,-0.23,5,0.625,1,1,1,0,0,46,0.2333,0.0,0.6233
2.37,10,10,0.0,2.37,0,0.0,1,0,0,0,0,6,0.7,0.0,0.402
2.19,5,6,3.2,-1.01,6,0.75,1,1,1,0,0,79,0.1505,0.0,0.6216
2.7,9,10,2.8,-0.1,0,0.0,0,1,1,0,0,75,0.1573,0.0,0.4362
3.9,7,9,3.0,0.9,5,0.625,0,1,1,1,0,20,0.4118,0.625,0.773
3.23,6,8,2.8,0.43,4,0.5,1,1,1,0,0,33,0.2979,0.5,0.8612
2.76,5,7,2.8,-0.04,6,0.75,0,1,1,1,1,8,0.6364,0.0,0.7039
2.08,6,8,0.0,2.08,3,0.375,0,0,1,0,0,12,0.5385,0.375,0.5958
3.2,6,8,2.8,0.4,1,0.125,0,1,1,0,0,77,0.1538,0.125,0.6449
2.18,10,10,2.8,-0.62,3,0.375,1,1,1,0,1,11,0.56,0.0,0.4857
3.09,9,10,2.5,0.59,6,0.75,1,1,1,0,0,32,0.3043,0.75,0.9635
3.5,5,8,2.5,1.0,8,1.0,1,1,1,0,0,90,0.1346,1.0,0.9953
2.85,5,7,2.8,0.05,1,0.125,1,1,0,0,0,30,0.3182,0.125,0.4938
2.6,4,7,2.5,0.1,3,0.375,1,0,1,0,0,62,0.1842,0.375,0.733
2.09,3,7,3.2,-1.11,7,0.875,1,0,1,1,1,10,0.5833,0.0,0.5437
2.05,3,6,0.0,2.05,2,0.25,1,1,1,0,0,79,0.1505,0.25,0.7265
2.86,2,6,2.8,0.06,2,0.25,1,1,1,0,0,83,0.1443,0.25,0.7693
3.77,9,9,2.5,1.27,7,0.875,1,0,1,1,0,83,0.1443,0.875,0.8148
2.49,3,7,2.8,-0.31,4,0.5,1,1,0,0,1,57,0.1972,0.0,0.395
3.15,5,8,2.8,0.35,5,0.625,0,1,1,0,0,88,0.1373,0.625,0.7598
3.37,6,9,3.0,0.37,4,0.5,0,1,0,0,1,63,0.1818,0.5,0.5701
2.12,6,9,2.8,-0.68,5,0.625,1,0,0,1,0,34,0.2917,0.0,0.2806
2.31,4,7,2.8,-0.49,2,0.25,1,0,1,0,0,81,0.1474,0.0,0.4694
2.66,8,9,2.5,0.16,6,0.75,1,1,0,1,0,25,0.359,0.75,0.7492
3.34,6,6,2.8,0.54,3,0.375,0,1,0,0,0,76,0.1556,0.375,0.5322
2.88,4,8,2.8,0.08,4,0.5,1,0,1,0,0,84,0.1429,0.5,0.7579
3.47,3,6,3.0,0.47,1,0.125,1,1,1,1,0,41,0.2545,0.125,0.6437
3.74,6,8,2.8,0.94,0,0.0,1,1,1,1,0,21,0.4,0.0,0.6528
3.52,3,6,3.0,0.52,5,0.625,1,1,0,1,1,15,0.4828,0.625,0.7134
3.98,9,10,2.8,1.18,1,0.125,1,1,1,1,0,49,0.2222,0.125,0.7381
3.51,6,9,2.5,1.01,8,1.0,1,1,1,0,0,61,0.1867,1.0,0.9423
3.7,5,7,2.5,1.2,8,1.0,1,1,1,1,0,54,0.2059,1.0,0.9974
3.66,7,9,0.0,3.66,2,0.25,1,1,0,0,1,59,0.1918,0.25,0.6558
3.46,4,7,2.8,0.66,2,0.25,1,0,1,0,1,3,0.8235,0.25,0.647
3.6,7,8,3.2,0.4,4,0.5,1,1,1,0,1,5,0.7368,0.5,0.98
3.87,5,6,3.0,0.87,1,0.125,0,1,0,0,1,24,0.3684,0.125,0.3409
2.95,6,8,2.8,0.15,7,0.875,1,1,1,1,0,81,0.1474,0.875,1.0
3.28,4,6,2.5,0.78,0,0.0,1,1,1,1,0,46,0.2333,0.0,0.6987
3.03,6,6,3.2,-0.17,4,0.5,0,1,1,1,0,31,0.3111,0.0,0.5507
3.7,8,8,0.0,3.7,1,0.125,1,0,1,0,1,60,0.1892,0.125,0.6059
2.86,8,8,2.8,0.06,7,0.875,0,1,1,0,0,39,0.2642,0.875,0.8118
3.64,3,7,3.2,0.44,1,0.125,0,0,1,0,0,13,0.5185,0.125,0.5663
3.6,6,6,2.8,0.8,4,0.5,1,0,0,0,0,47,0.2295,0.5,0.5373
3.92,8,8,0.0,3.92,7,0.875,0,1,1,0,1,63,0.1818,0.875,0.8212
2.5,10,10,2.5,0.0,3,0.375,1,1,1,0,0,83,0.1443,0.375,0.7336
3.42,8,9,3.0,0.42,1,0.125,1,1,1,1,1,34,0.2917,0.125,0.727
3.51,3,6,2.5,1.01,1,0.125,1,1,1,0,1,16,0.4667,0.125,0.6782
3.87,9,10,3.0,0.87,5,0.625,1,1,1,1,0,78,0.1522,0.625,0.8406
3.81,6,8,2.8,1.01,1,0.125,0,1,1,0,1,34,0.2917,0.125,0.5992
3.15,8,8,2.5,0.65,3,0.375,1,1,0,0,0,15,0.4828,0.375,0.5442
3.16,3,6,2.5,0.66,5,0.625,0,0,0,1,0,46,0.2333,0.625,0.535
2.33,6,7,3.2,-0.87,3,0.375,1,1,0,0,0,6,0.7,0.0,0.2639
3.95,8,9,2.8,1.15,7,0.875,1,1,1,0,0,90,0.1346,0.875,0.9587
2.51,7,7,3.0,-0.49,6,0.75,0,0,1,1,0,71,0.1647,0.0,0.4745
3.45,2,6,2.8,0.65,1,0.125,1,0,1,0,0,40,0.2593,0.125,0.6872
3.59,6,6,0.0,3.59,7,0.875,1,0,1,0,1,50,0.2188,0.875,0.8801
2.88,7,10,2.8,0.08,8,1.0,1,1,0,0,0,36,0.28,1.0,0.7401
2.42,10,10,2.8,-0.38,1,0.125,0,1,0,1,0,43,0.2456,0.0,0.0971
2.38,2,6,2.8,-0.42,3,0.375,1,1,0,1,0,85,0.1414,0.0,0.3235
3.71,7,10,3.2,0.51,3,0.375,0,0,0,1,0,66,0.175,0.375,0.4312
3.02,9,10,3.2,-0.18,3,0.375,1,1,1,1,1,60,0.1892,0.0,0.6457
2.18,5,7,3.0,-0.82,4,0.5,1,1,1,0,0,88,0.1373,0.0,0.5426
3.43,8,9,2.8,0.63,8,1.0,1,1,1,0,0,15,0.4828,1.0,0.9585
2.5,5,7,2.8,-0.3,5,0.625,1,1,1,1,1,82,0.1458,0.0,0.6352
3.75,3,7,3.0,0.75,8,1.0,1,1,1,0,0,16,0.4667,1.0,0.9559
2.62,8,9,2.5,0.12,3,0.375,1,1,0,1,0,24,0.3684,0.375,0.618
2.4,5,7,3.2,-0.8,4,0.5,1,1,1,1,1,59,0.1918,0.0,0.5882
2.17,5,7,3.2,-1.03,0,0.0,1,1,0,1,0,13,0.5185,0.0,0.2449
3.02,4,7,2.5,0.52,2,0.25,0,1,0,0,0,43,0.2456,0.25,0.5288
2.9,6,6,3.2,-0.3,5,0.625,1,1,1,0,1,31,0.3111,0.0,0.6398
3.5,9,10,3.2,0.3,1,0.125,0,0,1,1,1,1,0.9333,0.125,0.5739
2.93,5,9,2.8,0.13,8,1.0,1,1,1,0,1,17,0.4516,1.0,0.9517
2.69,6,10,3.2,-0.51,2,0.25,1,1,1,0,1,41,0.2545,0.0,0.3889
2.52,4,8,0.0,2.52,1,0.125,1,1,0,0,1,8,0.6364,0.125,0.4988
2.56,2,6,0.0,2.56,7,0.875,1,1,1,0,0,85,0.1414,0.875,0.9025
3.86,6,7,2.5,1.36,0,0.0,0,1,0,1,0,39,0.2642,0.0,0.4054
2.33,6,7,2.8,-0.47,2,0.25,0,1,1,1,1,68,0.1707,0.0,0.4873
3.98,8,10,2.8,1.18,1,0.125,1,1,1,0,0,19,0.4242,0.125,0.6975
2.65,5,7,3.5,-0.85,6,0.75,1,1,0,0,1,51,0.2154,0.0,0.364
2.18,9,9,2.5,-0.32,7,0.875,1,0,1,0,0,11,0.56,0.0,0.5494
2.5,6,6,2.5,0.0,1,0.125,1,0,1,0,0,18,0.4375,0.125,0.704
2.12,8,10,3.0,-0.88,3,0.375,0,1,1,1,1,62,0.1842,0.0,0.3331
3.58,7,9,0.0,3.58,4,0.5,0,1,0,1,1,31,0.3111,0.5,0.6243
3.03,6,8,3.0,0.03,6,0.75,1,1,1,0,0,89,0.1359,0.75,0.9157
2.67,7,7,2.8,-0.13,3,0.375,1,1,1,1,0,90,0.1346,0.0,0.573
3.32,6,7,3.5,-0.18,4,0.5,0,1,1,0,0,12,0.5385,0.0,0.5558
3.26,4,7,3.0,0.26,4,0.5,1,1,1,0,0,60,0.1892,0.5,0.8512
3.88,8,8,0.0,3.88,0,0.0,1,1,1,1,0,71,0.1647,0.0,0.7241
3.92,7,10,0.0,3.92,5,0.625,1,1,1,0,1,25,0.359,0.625,0.8616
3.36,6,7,0.0,3.36,5,0.625,1,1,0,0,1,76,0.1556,0.625,0.5848
3.64,9,9,3.5,0.14,8,1.0,0,0,0,1,0,67,0.1728,1.0,0.6012
3.58,8,8,3.0,0.58,4,0.5,1,1,1,0,1,30,0.3182,0.5,0.9102
2.98,5,9,2.8,0.18,8,1.0,0,0,1,0,0,9,0.6087,1.0,0.7557
3.41,6,9,2.5,0.91,3,0.375,1,0,1,1,0,40,0.2593,0.375,0.6907
2.16,5,6,3.2,-1.04,6,0.75,0,1,1,0,0,34,0.2917,0.0,0.5487
3.52,2,6,2.5,1.02,8,1.0,0,1,1,0,1,48,0.2258,1.0,0.8913
3.92,6,10,3.0,0.92,1,0.125,0,1,1,0,0,21,0.4,0.125,0.6605
2.17,3,6,3.0,-0.83,5,0.625,0,1,1,1,0,29,0.3256,0.0,0.455
3.67,6,8,2.5,1.17,8,1.0,1,1,0,0,0,81,0.1474,1.0,0.7808
3.87,5,9,2.8,1.07,5,0.625,0,1,0,1,0,76,0.1556,0.625,0.6276
2.45,4,8,2.5,-0.05,8,1.0,1,1,1,0,1,67,0.1728,0.0,0.7063
3.05,3,6,2.8,0.25,3,0.375,1,1,1,1,0,32,0.3043,0.375,0.8064
3.86,4,6,3.5,0.36,7,0.875,0,1,1,1,0,45,0.2373,0.875,0.7579
3.92,7,9,3.0,0.92,5,0.625,1,0,1,1,0,27,0.3415,0.625,0.7081
2.26,9,10,3.2,-0.94,4,0.5,0,1,0,1,0,37,0.2745,0.0,0.26
2.7,7,7,2.8,-0.1,1,0.125,1,1,1,0,0,47,0.2295,0.0,0.5461
3.4,4,8,2.5,0.9,1,0.125,0,1,1,0,0,78,0.1522,0.125,0.5908
2.44,9,10,3.0,-0.56,2,0.25,1,1,1,0,0,72,0.1628,0.0,0.4457
2.65,6,10,2.8,-0.15,6,0.75,0,1,1,0,0,18,0.4375,0.0,0.6058
2.05,5,8,2.5,-0.45,4,0.5,0,1,1,0,1,86,0.14,0.0,0.4877
2.31,6,9,2.8,-0.49,3,0.375,0,1,0,1,0,7,0.6667,0.0,0.1175
3.12,9,10,3.0,0.12,4,0.5,1,1,1,0,0,5,0.7368,0.5,0.9136
3.31,6,9,3.0,0.31,3,0.375,1,0,1,1,0,77,0.1538,0.375,0.69
3.3,8,8,2.5,0.8,7,0.875,1,1,1,1,0,26,0.35,0.875,0.9536
3.56,6,9,3.2,0.36,3,0.375,1,1,1,0,1,78,0.1522,0.375,0.7838
2.83,7,7,2.8,0.03,4,0.5,0,0,1,0,0,7,0.6667,0.5,0.6397
2.55,10,10,2.5,0.05,5,0.625,1,1,1,0,1,22,0.3889,0.625,0.8273
2.03,4,6,2.5,-0.47,5,0.625,1,1,1,0,0,75,0.1573,0.0,0.6409
2.41,3,7,3.2,-0.79,3,0.375,1,1,1,0,0,18,0.4375,0.0,0.4443
2.62,6,7,2.8,-0.18,0,0.0,1,1,1,0,0,47,0.2295,0.0,0.5523
2.36,5,7,2.8,-0.44,6,0.75,1,0,1,1,0,65,0.1772,0.0,0.4967
2.04,5,8,2.5,-0.46,5,0.625,0,0,1,0,0,32,0.3043,0.0,0.3794
2.31,7,9,3.0,-0.69,5,0.625,1,1,1,0,0,13,0.5185,0.0,0.5224
3.33,7,10,3.0,0.33,4,0.5,0,0,1,0,0,75,0.1573,0.5,0.6535
3.26,5,8,2.5,0.76,4,0.5,1,1,1,0,0,56,0.2,0.5,0.8514
3.87,9,9,3.5,0.37,8,1.0,0,1,1,0,0,83,0.1443,1.0,0.9078
3.6,5,8,0.0,3.6,0,0.0,1,1,1,1,0,64,0.1795,0.0,0.7771
3.14,4,6,0.0,3.14,0,0.0,1,1,0,1,0,67,0.1728,0.0,0.5095
2.28,8,9,2.8,-0.52,8,1.0,1,0,0,0,0,56,0.2,0.0,0.2835
3.13,3,6,3.0,0.13,7,0.875,1,1,1,1,1,61,0.1867,0.875,0.9406
2.12,7,8,2.5,-0.38,3,0.375,1,1,1,1,0,39,0.2642,0.0,0.4541
2.86,10,10,2.8,0.06,4,0.5,1,1,1,0,1,84,0.1429,0.5,0.923
2.78,9,9,2.5,0.28,4,0.5,1,1,0,1,0,74,0.1591,0.5,0.6063
2.86,4,8,2.8,0.06,8,1.0,1,0,1,1,1,22,0.3889,1.0,0.8824
2.56,5,7,3.0,-0.44,4,0.5,0,1,1,0,0,84,0.1429,0.0,0.4862
3.37,6,10,3.5,-0.13,6,0.75,1,0,0,0,0,22,0.3889,0.0,0.3159
3.68,9,10,2.8,0.88,3,0.375,1,1,1,1,1,64,0.1795,0.375,0.7887
3.54,4,7,3.0,0.54,3,0.375,1,0,1,0,0,83,0.1443,0.375,0.6352
3.26,6,6,2.8,0.46,6,0.75,0,1,1,0,1,38,0.2692,0.75,0.8109
3.08,4,8,2.5,0.58,3,0.375,1,0,1,1,1,17,0.4516,0.375,0.7491
2.06,9,9,2.5,-0.44,0,0.0,1,1,1,1,0,90,0.1346,0.0,0.4811
3.45,7,10,3.5,-0.05,1,0.125,1,0,0,1,0,72,0.1628,0.0,0.1935
3.09,10,10,2.5,0.59,7,0.875,1,0,0,0,0,41,0.2545,0.875,0.6253
2.54,3,7,3.0,-0.46,3,0.375,0,0,0,0,0,90,0.1346,0.0,0.1052
2.66,4,7,0.0,2.66,0,0.0,1,0,1,1,0,11,0.56,0.0,0.5678
3.87,7,10,3.2,0.67,8,1.0,1,1,1,1,0,48,0.2258,1.0,0.9667
3.25,7,7,2.5,0.75,8,1.0,1,1,1,1,0,17,0.4516,1.0,0.9679
2.95,7,8,3.5,-0.55,4,0.5,1,0,1,0,1,17,0.4516,0.0,0.3311
3.24,7,7,3.0,0.24,5,0.625,0,1,1,1,0,32,0.3043,0.625,0.7968
2.83,5,7,0.0,2.83,6,0.75,1,1,1,0,0,52,0.2121,0.75,0.9426
2.94,7,8,3.0,-0.06,0,0.0,0,0,1,0,0,16,0.4667,0.0,0.3304
2.58,6,7,3.0,-0.42,2,0.25,1,1,1,1,0,47,0.2295,0.0,0.5572
2.88,7,8,2.5,0.38,5,0.625,1,1,1,0,0,71,0.1647,0.625,0.7998
3.37,7,7,2.5,0.87,4,0.5,0,1,1,1,0,14,0.5,0.5,0.7148
2.08,6,6,3.0,-0.92,2,0.25,1,1,1,0,0,2,0.875,0.0,0.4672
3.59,7,9,3.0,0.59,0,0.0,1,1,1,1,0,68,0.1707,0.0,0.6071
2.57,8,10,2.5,0.07,8,1.0,1,1,1,0,0,37,0.2745,1.0,0.9415
3.37,7,8,3.2,0.17,5,0.625,0,1,1,0,1,18,0.4375,0.625,0.8051
3.29,6,7,2.5,0.79,6,0.75,1,1,1,1,0,80,0.1489,0.75,0.9534
3.31,9,9,0.0,3.31,3,0.375,1,1,1,1,0,39,0.2642,0.375,0.7919
3.22,7,8,2.8,0.42,4,0.5,1,1,1,1,0,11,0.56,0.5,0.8557
3.92,8,8,0.0,3.92,4,0.5,1,1,1,0,0,28,0.3333,0.5,0.8479
3.02,7,8,2.5,0.52,3,0.375,1,1,1,1,0,52,0.2121,0.375,0.7693
3.46,9,9,2.8,0.66,6,0.75,1,0,1,0,0,27,0.3415,0.75,0.8466
3.41,5,6,2.5,0.91,8,1.0,0,0,1,0,0,85,0.1414,1.0,0.688
2.47,6,6,2.5,-0.03,6,0.75,0,0,1,0,0,57,0.1972,0.0,0.5785
2.57,2,6,3.0,-0.43,6,0.75,1,0,1,0,0,7,0.6667,0.0,0.5105
2.85,6,6,2.8,0.05,0,0.0,1,1,0,0,1,32,0.3043,0.0,0.5223
2.56,7,10,3.2,-0.64,4,0.5,1,1,1,0,0,32,0.3043,0.0,0.5432
2.73,8,9,2.8,-0.07,8,1.0,0,0,1,0,0,14,0.5,0.0,0.4739
2.78,6,9,2.8,-0.02,3,0.375,0,1,1,1,0,4,0.7778,0.0,0.5417
3.21,7,9,2.5,0.71,4,0.5,1,0,1,0,0,11,0.56,0.5,0.8083
2.44,5,6,3.0,-0.56,2,0.25,0,1,0,1,0,62,0.1842,0.0,0.1072
3.61,5,7,2.5,1.11,1,0.125,1,1,1,1,0,23,0.3784,0.125,0.7033
2.88,8,9,2.5,0.38,6,0.75,1,0,0,0,0,38,0.2692,0.75,0.6458
3.41,4,8,3.2,0.21,2,0.25,0,1,1,1,0,13,0.5185,0.25,0.5996
2.16,8,8,3.0,-0.84,5,0.625,1,1,1,0,0,86,0.14,0.0,0.4552
2.94,7,9,3.0,-0.06,5,0.625,1,1,0,0,0,89,0.1359,0.0,0.4267
2.06,5,6,0.0,2.06,7,0.875,1,1,1,1,0,63,0.1818,0.875,0.8912
3.35,6,9,0.0,3.35,8,1.0,0,1,1,1,0,30,0.3182,1.0,0.8083
2.69,7,9,2.8,-0.11,4,0.5,1,0,1,0,1,55,0.2029,0.0,0.5075
3.9,6,8,3.0,0.9,0,0.0,1,1,1,1,0,35,0.2857,0.0,0.6951
2.65,4,8,2.8,-0.15,5,0.625,1,0,1,1,0,82,0.1458,0.0,0.5243
3.13,4,6,0.0,3.13,7,0.875,0,1,1,0,0,55,0.2029,0.875,0.8883
2.51,6,7,2.5,0.01,4,0.5,0,1,1,0,0,12,0.5385,0.5,0.7722
3.24,7,7,2.8,0.44,5,0.625,1,1,1,1,0,9,0.6087,0.625,0.933
2.93,10,10,3.0,-0.07,6,0.75,1,1,1,1,0,71,0.1647,0.0,0.6525
2.74,3,6,0.0,2.74,3,0.375,1,1,1,1,0,66,0.175,0.375,0.7636
2.41,6,7,0.0,2.41,3,0.375,1,1,0,1,0,66,0.175,0.375,0.5942
2.22,2,6,2.5,-0.28,4,0.5,0,1,1,0,0,30,0.3182,0.0,0.5781
2.24,7,7,0.0,2.24,7,0.875,1,1,1,0,0,61,0.1867,0.875,0.9178
4.0,6,6,2.8,1.2,4,0.5,0,0,1,1,0,25,0.359,0.5,0.645
2.82,7,7,0.0,2.82,2,0.25,0,1,1,1,1,58,0.1944,0.25,0.7168
2.0,7,9,3.0,-1.0,5,0.625,0,1,1,0,0,30,0.3182,0.0,0.4281
3.91,6,9,3.0,0.91,6,0.75,1,0,0,1,0,12,0.5385,0.75,0.7241
2.04,6,7,3.5,-1.46,8,1.0,0,1,1,0,0,75,0.1573,0.0,0.5125
2.84,8,9,3.5,-0.66,8,1.0,1,1,1,0,0,74,0.1591,0.0,0.6016
3.43,6,9,2.5,0.93,7,0.875,1,1,1,1,0,71,0.1647,0.875,0.8934
3.83,8,10,0.0,3.83,6,0.75,0,1,1,0,0,58,0.1944,0.75,0.7881
3.43,9,10,2.5,0.93,4,0.5,1,1,0,0,0,58,0.1944,0.5,0.6565
2.93,5,7,3.0,-0.07,3,0.375,0,1,1,0,0,70,0.1667,0.0,0.5352
3.95,5,8,0.0,3.95,5,0.625,1,1,1,0,0,51,0.2154,0.625,0.8633
2.08,6,9,2.8,-0.72,6,0.75,1,0,0,1,1,79,0.1505,0.0,0.3437
3.97,5,7,2.5,1.47,4,0.5,1,1,1,0,1,69,0.1687,0.5,0.8352
3.7,5,8,2.5,1.2,1,0.125,1,1,1,0,0,49,0.2222,0.125,0.6366
3.86,5,8,3.0,0.86,0,0.0,1,1,0,1,0,53,0.209,0.0,0.5175
2.51,3,7,3.0,-0.49,0,0.0,1,1,1,1,0,87,0.1386,0.0,0.4298
2.28,3,6,2.8,-0.52,3,0.375,0,0,1,1,0,46,0.2333,0.0,0.2878
3.33,5,6,3.2,0.13,7,0.875,1,1,1,1,0,10,0.5833,0.875,0.9499
3.03,6,9,0.0,3.03,7,0.875,1,1,1,1,1,76,0.1556,0.875,0.9552
3.05,6,10,0.0,3.05,7,0.875,0,0,1,1,1,1,0.9333,0.875,0.8328
3.85,9,9,2.8,1.05,6,0.75,0,1,1,0,0,23,0.3784,0.75,0.7859
3.24,5,7,3.0,0.24,0,0.0,1,1,1,0,0,30,0.3182,0.0,0.7087
2.62,4,6,2.8,-0.18,7,0.875,1,0,1,0,0,3,0.8235,0.0,0.6175
2.8,7,9,0.0,2.8,8,1.0,0,1,1,1,1,20,0.4118,1.0,0.9616
2.27,4,6,3.5,-1.23,7,0.875,1,1,0,1,0,16,0.4667,0.0,0.3653
2.38,6,8,2.5,-0.12,4,0.5,1,1,1,1,1,50,0.2188,0.0,0.6569
2.29,9,10,2.8,-0.51,1,0.125,1,0,1,1,0,80,0.1489,0.0,0.2835
3.62,6,6,3.0,0.62,8,1.0,1,0,0,1,0,26,0.35,1.0,0.6744
3.41,8,8,3.5,-0.09,1,0.125,1,1,1,0,0,36,0.28,0.0,0.4081
3.06,8,10,3.0,0.06,7,0.875,0,1,1,0,0,62,0.1842,0.875,0.8788
2.75,4,7,3.5,-0.75,8,1.0,1,0,1,0,0,61,0.1867,0.0,0.4917
3.34,6,10,2.5,0.84,8,1.0,0,1,1,0,0,86,0.14,1.0,0.8043
3.63,8,10,3.0,0.63,4,0.5,1,0,0,1,0,48,0.2258,0.5,0.5503
3.76,8,8,3.2,0.56,7,0.875,1,1,0,0,0,70,0.1667,0.875,0.7141
3.09,4,7,2.8,0.29,7,0.875,1,1,0,0,0,77,0.1538,0.875,0.6947
3.64,9,9,2.8,0.84,8,1.0,1,0,1,1,0,38,0.2692,1.0,0.7725
3.02,8,9,3.5,-0.48,3,0.375,1,1,1,0,0,76,0.1556,0.0,0.5392
2.95,7,8,0.0,2.95,5,0.625,1,1,1,0,0,89,0.1359,0.625,0.8489
3.73,4,6,2.8,0.93,7,0.875,0,1,1,0,0,11,0.56,0.875,0.8281
2.77,8,9,3.2,-0.43,2,0.25,1,1,1,0,1,70,0.1667,0.0,0.5438
2.79,3,7,3.2,-0.41,2,0.25,1,0,1,1,0,57,0.1972,0.0,0.4122
2.61,2,6,3.5,-0.89,3,0.375,1,0,0,0,0,73,0.1609,0.0,0.1076
3.04,2,6,3.2,-0.16,3,0.375,1,1,1,0,0,50,0.2188,0.0,0.6169
3.09,7,8,0.0,3.09,6,0.75,1,1,1,0,0,19,0.4242,0.75,0.9969
3.32,4,6,3.5,-0.18,8,1.0,1,0,1,0,1,39,0.2642,0.0,0.6401
2.86,4,7,2.8,0.06,1,0.125,0,1,0,0,0,62,0.1842,0.125,0.3716
2.44,3,7,3.0,-0.56,2,0.25,0,0,1,0,0,81,0.1474,0.0,0.2111
3.73,6,8,2.8,0.93,8,1.0,1,0,1,1,1,7,0.6667,1.0,0.8939
2.69,6,9,3.2,-0.51,5,0.625,1,1,1,0,0,17,0.4516,0.0,0.5441
3.85,4,8,2.8,1.05,1,0.125,1,1,1,1,0,22,0.3889,0.125,0.7633
2.41,4,8,3.2,-0.79,5,0.625,1,1,1,1,0,54,0.2059,0.0,0.5096
3.12,5,6,2.5,0.62,7,0.875,1,0,0,0,0,2,0.875,0.875,0.6478
3.07,5,6,2.5,0.57,3,0.375,1,1,1,0,0,86,0.14,0.375,0.8296
3.66,7,10,2.8,0.86,4,0.5,1,0,0,1,0,64,0.1795,0.5,0.5476
2.28,7,9,0.0,2.28,5,0.625,1,1,0,0,0,82,0.1458,0.625,0.7398
3.82,3,6,3.0,0.82,7,0.875,1,1,1,1,0,2,0.875,0.875,0.9678
3.06,6,8,2.5,0.56,5,0.625,1,1,0,0,1,25,0.359,0.625,0.718
3.17,2,6,2.8,0.37,8,1.0,1,1,0,0,0,41,0.2545,1.0,0.7653
3.02,6,6,0.0,3.02,6,0.75,0,1,1,1,0,70,0.1667,0.75,0.8658
2.07,6,7,2.5,-0.43,3,0.375,1,0,1,1,0,59,0.1918,0.0,0.4029
2.99,9,9,3.0,-0.01,4,0.5,0,0,1,0,0,38,0.2692,0.0,0.4555
2.53,6,9,2.5,0.03,6,0.75,1,1,1,1,0,28,0.3333,0.75,0.9543
2.69,9,9,2.5,0.19,0,0.0,0,0,1,0,0,30,0.3182,0.0,0.5319
3.3,4,6,2.5,0.8,2,0.25,1,0,1,0,0,34,0.2917,0.25,0.7035
3.0,2,6,2.5,0.5,2,0.25,1,0,1,1,0,63,0.1818,0.25,0.6118
2.19,5,8,3.0,-0.81,7,0.875,1,1,1,0,1,79,0.1505,0.0,0.6103
2.15,10,10,2.5,-0.35,7,0.875,1,1,1,0,0,43,0.2456,0.0,0.6137
2.37,8,9,2.8,-0.43,7,0.875,0,1,1,0,0,82,0.1458,0.0,0.5182
2.38,8,9,3.0,-0.62,0,0.0,0,1,1,1,0,27,0.3415,0.0,0.3183
3.22,3,6,2.8,0.42,2,0.25,0,1,0,0,0,78,0.1522,0.25,0.5504
2.36,9,10,2.8,-0.44,2,0.25,1,0,1,1,0,1,0.9333,0.0,0.4007
3.76,10,10,2.5,1.26,0,0.0,1,1,1,1,1,68,0.1707,0.0,0.8289
2.42,4,8,3.5,-1.08,2,0.25,0,1,1,1,0,86,0.14,0.0,0.3261
2.18,4,7,2.8,-0.62,3,0.375,1,1,1,0,0,25,0.359,0.0,0.5193
3.75,5,9,2.5,1.25,7,0.875,0,1,0,0,0,62,0.1842,0.875,0.661
2.59,5,9,3.2,-0.61,1,0.125,1,1,0,1,1,7,0.6667,0.0,0.2583
2.85,10,10,3.0,-0.15,7,0.875,1,0,1,0,0,77,0.1538,0.0,0.6753
3.92,3,6,3.0,0.92,7,0.875,1,1,1,0,0,44,0.2414,0.875,0.9183
3.89,4,8,3.2,0.69,1,0.125,0,1,1,0,1,39,0.2642,0.125,0.6574
3.43,5,9,0.0,3.43,2,0.25,1,0,1,1,1,84,0.1429,0.25,0.7242
2.14,7,7,3.2,-1.06,4,0.5,1,0,1,1,0,84,0.1429,0.0,0.4143
3.19,8,10,3.0,0.19,8,1.0,0,1,1,0,0,21,0.4,1.0,0.7969
3.98,5,6,2.8,1.18,7,0.875,1,1,1,0,0,87,0.1386,0.875,1.0
3.89,3,6,2.5,1.39,8,1.0,1,1,1,1,1,19,0.4242,1.0,1.0
2.21,8,9,0.0,2.21,2,0.25,1,0,0,0,0,74,0.1591,0.25,0.4634
2.79,6,6,3.5,-0.71,8,1.0,1,1,0,1,0,71,0.1647,0.0,0.4218
2.63,7,8,0.0,2.63,8,1.0,1,0,1,0,0,46,0.2333,1.0,0.8551
2.26,5,7,2.5,-0.24,5,0.625,1,1,1,0,0,54,0.2059,0.0,0.6459
3.39,6,9,3.0,0.39,1,0.125,1,0,1,0,0,36,0.28,0.125,0.6448
2.55,3,6,3.0,-0.45,2,0.25,1,0,0,0,0,37,0.2745,0.0,0.185
2.69,5,7,2.5,0.19,1,0.125,1,1,1,0,0,47,0.2295,0.125,0.6186
2.18,8,10,3.2,-1.02,7,0.875,1,0,1,1,1,78,0.1522,0.0,0.5604
3.0,3,7,2.8,0.2,2,0.25,1,1,1,0,0,44,0.2414,0.25,0.7852
2.32,4,8,3.2,-0.88,6,0.75,1,0,1,1,0,53,0.209,0.0,0.4763
2.86,8,10,0.0,2.86,2,0.25,0,1,1,0,0,64,0.1795,0.25,0.6468
2.29,5,9,0.0,2.29,8,1.0,0,0,1,0,0,83,0.1443,1.0,0.6876
3.91,7,9,3.0,0.91,6,0.75,1,1,1,0,0,78,0.1522,0.75,0.923
2.29,7,10,2.5,-0.21,3,0.375,1,0,1,0,0,34,0.2917,0.0,0.455
3.04,6,9,2.8,0.24,4,0.5,0,1,0,0,0,78,0.1522,0.5,0.6036
2.39,6,10,0.0,2.39,0,0.0,1,0,1,1,0,40,0.2593,0.0,0.6207
2.15,6,8,3.0,-0.85,1,0.125,1,1,0,0,1,9,0.6087,0.0,0.1806
2.4,6,10,3.2,-0.8,8,1.0,1,1,1,0,1,7,0.6667,0.0,0.6209
2.11,8,9,3.2,-1.09,7,0.875,1,0,1,0,0,19,0.4242,0.0,0.4957
2.28,7,7,3.5,-1.22,7,0.875,1,0,1,1,0,34,0.2917,0.0,0.4892
2.99,8,8,3.2,-0.21,5,0.625,1,0,1,0,1,37,0.2745,0.0,0.5578
3.3,6,7,2.8,0.5,1,0.125,0,0,1,0,1,17,0.4516,0.125,0.5771
2.17,7,7,2.8,-0.63,0,0.0,1,1,1,0,0,17,0.4516,0.0,0.4258
2.88,7,7,3.2,-0.32,6,0.75,1,1,1,0,0,3,0.8235,0.0,0.6281
3.16,7,8,3.5,-0.34,2,0.25,1,1,1,0,1,83,0.1443,0.0,0.5458
2.47,4,7,3.5,-1.03,0,0.0,1,1,1,1,1,24,0.3684,0.0,0.4843
2.74,7,9,3.0,-0.26,0,0.0,1,0,0,1,0,59,0.1918,0.0,0.2304
2.14,7,7,2.5,-0.36,5,0.625,0,0,1,0,0,45,0.2373,0.0,0.3669
2.44,7,8,3.5,-1.06,7,0.875,0,0,1,0,1,33,0.2979,0.0,0.3842
2.93,3,6,3.5,-0.57,3,0.375,0,0,1,0,0,23,0.3784,0.0,0.227
3.98,3,7,3.0,0.98,8,1.0,1,1,1,1,0,6,0.7,1.0,0.9872
3.99,3,7,3.2,0.79,3,0.375,1,0,1,1,0,10,0.5833,0.375,0.6644
3.96,7,10,2.8,1.16,6,0.75,0,0,1,0,0,61,0.1867,0.75,0.72
2.85,8,8,3.5,-0.65,2,0.25,0,0,1,1,0,41,0.2545,0.0,0.295
2.16,4,6,0.0,2.16,5,0.625,1,1,1,0,0,88,0.1373,0.625,0.9387
2.65,3,7,3.2,-0.55,2,0.25,0,0,1,0,0,14,0.5,0.0,0.285
2.48,9,9,0.0,2.48,7,0.875,0,1,1,1,0,84,0.1429,0.875,0.8395
2.03,4,6,2.5,-0.47,4,0.5,0,1,0,1,0,8,0.6364,0.0,0.2792
2.19,3,6,0.0,2.19,0,0.0,1,1,1,0,0,66,0.175,0.0,0.7455
2.91,7,7,2.8,0.11,2,0.25,1,1,0,1,1,87,0.1386,0.25,0.648
2.68,4,7,2.5,0.18,3,0.375,1,1,1,1,1,14,0.5,0.375,0.8465
2.36,7,8,3.5,-1.14,4,0.5,0,1,0,0,0,43,0.2456,0.0,0.2506
